sha256,rtl_id,repository,relative_path,label,ground_truth_type,assurance_tier,assurance_basis,confidence,trojan_type,trigger_type,payload_type,source_citation
53599f6bd706619001582894a8133f649c6bae3ad3b547df105297914f57cfde,,AES-T100,AES-T100\AES-T100\src\TjFree\aes_128.v,Trojan,TrustHub_verified_variant,1,trusthub_constructed_documented,High,Information Leakage,Always On,Key Leakage,TrustHub AES Benchmark; Chisel-Based Hardware Trojan Design: A Comparative Case Study with AES-T100 (2026)
a9c7504563285ded97dc072a653547938b457ea1918b006651d168c61a4ef362,,AES-T100,AES-T100\AES-T100\src\TjFree\round.v,Trojan,TrustHub_verified_variant,1,trusthub_constructed_documented,High,Information Leakage,Always On,Key Leakage,TrustHub AES Benchmark; Chisel-Based Hardware Trojan Design: A Comparative Case Study with AES-T100 (2026)
36171c0297f95a036285d418b9be3a0d4c4d4e5248a8f0a6133ed7956b37b157,,AES-T100,AES-T100\AES-T100\src\TjFree\table.v,Trojan,TrustHub_verified_variant,1,trusthub_constructed_documented,High,Information Leakage,Always On,Key Leakage,TrustHub AES Benchmark; Chisel-Based Hardware Trojan Design: A Comparative Case Study with AES-T100 (2026)
5f080b6d59a755a5de864df013c7e121aab3fb9e1aecb2a970e735b0e582f8f9,,AES-T100,AES-T100\AES-T100\src\TjFree\test_aes_128.v,Trojan,TrustHub_verified_variant,1,trusthub_constructed_documented,High,Information Leakage,Always On,Key Leakage,TrustHub AES Benchmark; Chisel-Based Hardware Trojan Design: A Comparative Case Study with AES-T100 (2026)
7344df17ce639b499eac4a14cf47ebb6ccbc275f856879ea75bdcbdf76f9b20c,,AES-T100,AES-T100\AES-T100\src\TjIn\lfsr.v,Trojan,TrustHub_verified_variant,1,trusthub_constructed_documented,High,Information Leakage,Always On,Key Leakage,TrustHub AES Benchmark; Chisel-Based Hardware Trojan Design: A Comparative Case Study with AES-T100 (2026)
56d6e4938acc5db29a543c731c10c8b138bc0f43ac62a96a985186e8c17f4631,,AES-T100,AES-T100\AES-T100\src\TjIn\top.v,Trojan,TrustHub_verified_variant,1,trusthub_constructed_documented,High,Information Leakage,Always On,Key Leakage,TrustHub AES Benchmark; Chisel-Based Hardware Trojan Design: A Comparative Case Study with AES-T100 (2026)
805429e2a0f02794b158b30c650e77e1e09ae1fcdca2daa90736ae7eccae339a,,AES-T100,AES-T100\AES-T100\src\TjIn\TSC.v,Trojan,TrustHub_verified_variant,1,trusthub_constructed_documented,High,Information Leakage,Always On,Key Leakage,TrustHub AES Benchmark; Chisel-Based Hardware Trojan Design: A Comparative Case Study with AES-T100 (2026)
37aadf887f33255fa7f89ae13f7ce63638d33a8139a10c7d146bafd30f720f25,,AES-T1000,AES-T1000\AES-T1000\src\TjIn\lfsr.v,Trojan,TrustHub_verified_variant,1,trusthub_constructed_documented,High,Functional Modification,Counter Based,Cipher Corruption,TrustHub AES Benchmark
ca6ecac7cfdd10df19334e0245619f28dfd87e01207e00e0948bfc4bfb5235d3,,AES-T1000,AES-T1000\AES-T1000\src\TjIn\tbTOP.v,Trojan,TrustHub_verified_variant,1,trusthub_constructed_documented,High,Functional Modification,Counter Based,Cipher Corruption,TrustHub AES Benchmark
1c11fa2c310c9435c7fd1e2f99b2e848765f6207a1d1f00b67a2660f2598c31c,,AES-T1000,AES-T1000\AES-T1000\src\TjIn\top.v,Trojan,TrustHub_verified_variant,1,trusthub_constructed_documented,High,Functional Modification,Counter Based,Cipher Corruption,TrustHub AES Benchmark
9e551fae71b9faf40553e05bad258c3ecde8fda5473f39c46259d572cbab6c8d,,AES-T1000,AES-T1000\AES-T1000\src\TjIn\Trojan_Trigger.v,Trojan,TrustHub_verified_variant,1,trusthub_constructed_documented,High,Functional Modification,Counter Based,Cipher Corruption,TrustHub AES Benchmark
77d336de04eccbeb64191b5384ae7f42e7b0852d83b24e23b15e1fe21f93c987,,AES-T1000,AES-T1000\AES-T1000\src\TjIn\TSC.v,Trojan,TrustHub_verified_variant,1,trusthub_constructed_documented,High,Functional Modification,Counter Based,Cipher Corruption,TrustHub AES Benchmark
a40694a914c6c0f6771410b630709899aaee2158d342c62e9dd8edf695b66299,,AES-T1100,AES-T1100\AES-T1100\src\TjIn\lfsr.v,Trojan,TrustHub_verified_variant,1,trusthub_constructed_documented,High,Information Leakage,Sequential + Counter,Key Leakage,TrustHub AES Benchmark
efe2f0515531e3bbdd3ee0fba8f1cbf0427b508688cf85ced41850bcbb602898,,AES-T1100,AES-T1100\AES-T1100\src\TjIn\Trojan_Trigger.v,Trojan,TrustHub_verified_variant,1,trusthub_constructed_documented,High,Information Leakage,Sequential + Counter,Key Leakage,TrustHub AES Benchmark
004569d16ce6f7129c49eb40629f07178788a0b9347c0d65e84df20af5dd2af5,,AES-T1200,AES-T1200\AES-T1200\src\TjIn\top.v,Trojan,TrustHub_verified_variant,1,trusthub_constructed_documented,Medium,Denial of Service,Sequential,System Failure,TrustHub AES Benchmark
2234ea8b461d64404a3d0361f7cb567c95d730f7c0fa3ab3790d92fc553eb06e,,AES-T1200,AES-T1200\AES-T1200\src\TjIn\Trojan_Trigger.v,Trojan,TrustHub_verified_variant,1,trusthub_constructed_documented,Medium,Denial of Service,Sequential,System Failure,TrustHub AES Benchmark
3d3e667656e161d69fe36ca1774cfcd2c1c47f4c6d2cdad5d98c9be100d4724b,,AES-T1300,AES-T1300\AES-T1300\src\TjIn\aes_128.v,Trojan,TrustHub_verified_variant,1,trusthub_constructed_documented,High,Information Leakage,Combinational Condition,Dynamic Power Side Channel,TrustHub AES Benchmark
b0c2aa4ebf21b196b41e2d32e23619687547799f5d912a3e52dcea01c66f6e60,,AES-T1300,AES-T1300\AES-T1300\src\TjIn\tbTOP.v,Trojan,TrustHub_verified_variant,1,trusthub_constructed_documented,High,Information Leakage,Combinational Condition,Dynamic Power Side Channel,TrustHub AES Benchmark
263dea55c367d73173032521d4dff84afe605aa7a9cb396a02f8034bb3854911,,AES-T1300,AES-T1300\AES-T1300\src\TjIn\top.v,Trojan,TrustHub_verified_variant,1,trusthub_constructed_documented,High,Information Leakage,Combinational Condition,Dynamic Power Side Channel,TrustHub AES Benchmark
2ea63e6c2840fff16bcf4ed6aef1fcb329f4c9c4ea782c78a64453a6f9d4e1d5,,AES-T1300,AES-T1300\AES-T1300\src\TjIn\Trojan_Trigger.v,Trojan,TrustHub_verified_variant,1,trusthub_constructed_documented,High,Information Leakage,Combinational Condition,Dynamic Power Side Channel,TrustHub AES Benchmark
14f6e850bed15664366cd54f1b4628ee6549167616f9a7e9d30c69d30cca902b,,AES-T1300,AES-T1300\AES-T1300\src\TjIn\TSC.v,Trojan,TrustHub_verified_variant,1,trusthub_constructed_documented,High,Information Leakage,Combinational Condition,Dynamic Power Side Channel,TrustHub AES Benchmark
81a7fe9698ccc05dce20830b336159f00811bdb90accd379c30e6856e1bb3a7a,,AES-T1500,AES-T1500\AES-T1500\src\TjIn\tbTOP.v,Trojan,TrustHub_verified_variant,1,trusthub_constructed_documented,High,Information Leakage,Sequential Counter,Dynamic Power Side Channel,TrustHub AES Benchmark
62e8ea49c360b3e6bcc43d8d4d848446b22b6ce0de44a44792f5e34b5cfab949,,AES-T1500,AES-T1500\AES-T1500\src\TjIn\top.v,Trojan,TrustHub_verified_variant,1,trusthub_constructed_documented,High,Information Leakage,Sequential Counter,Dynamic Power Side Channel,TrustHub AES Benchmark
6507f2c74cb288e94ae51b2034b2669261893b39067bef3189b2f1a138a8ce52,,AES-T1600,AES-T1600\AES-T1600\src\TjIn\aes_128.v,Trojan,TrustHub_verified_variant,1,trusthub_constructed_documented,High,Information Leakage,Sequential Condition,RF Side Channel,TrustHub AES Benchmark
e3951c458f30119dc9c45f3b55b05849ccdbfe6b4eee587b6c29bfe2f785f010,,AES-T1600,AES-T1600\AES-T1600\src\TjIn\AES_tb.v,Trojan,TrustHub_verified_variant,1,trusthub_constructed_documented,High,Information Leakage,Sequential Condition,RF Side Channel,TrustHub AES Benchmark
06b90b000baac4bcf9740665b9137e28796d7a64f930f267fe8ffdf6fedb1559,,AES-T1600,AES-T1600\AES-T1600\src\TjIn\AM_Transmission.v,Trojan,TrustHub_verified_variant,1,trusthub_constructed_documented,High,Information Leakage,Sequential Condition,RF Side Channel,TrustHub AES Benchmark
1c87a749f1996eb30b8fbda88c28ce30ad8519d3df4abfe0f92ccb6a70e00599,,AES-T1600,AES-T1600\AES-T1600\src\TjIn\tb_AM.v,Trojan,TrustHub_verified_variant,1,trusthub_constructed_documented,High,Information Leakage,Sequential Condition,RF Side Channel,TrustHub AES Benchmark
4be11633d3f4f2e3947b23aa4876aaaaf6ed0666f52abd76967425cebbe2f5af,,AES-T1600,AES-T1600\AES-T1600\src\TjIn\tbTOP.v,Trojan,TrustHub_verified_variant,1,trusthub_constructed_documented,High,Information Leakage,Sequential Condition,RF Side Channel,TrustHub AES Benchmark
ccd2a6c1d381fb24234c27b5f7396143b8f51cf764dd2ed662da3c884e35ad2a,,AES-T1600,AES-T1600\AES-T1600\src\TjIn\top.v,Trojan,TrustHub_verified_variant,1,trusthub_constructed_documented,High,Information Leakage,Sequential Condition,RF Side Channel,TrustHub AES Benchmark
d3feaa3e31f24bc46ec30b169297511c3a4d16520f1f4bf3270362e244afd02d,,AES-T1600,AES-T1600\AES-T1600\src\TjIn\Trojan_Trigger.v,Trojan,TrustHub_verified_variant,1,trusthub_constructed_documented,High,Information Leakage,Sequential Condition,RF Side Channel,TrustHub AES Benchmark
fbdd8b0398a643ff63a8aa179b453000cd5e6d0733776bd4fa9db6b31372528c,,AES-T1700,AES-T1700\AES-T1700\src\TjIn\AM_Transmission.v,Trojan,TrustHub_verified_variant,1,trusthub_constructed_documented,High,Information Leakage,Sequential Counter,RF Side Channel,TrustHub AES Benchmark
a6738f9c853e5ff66150ec67db9c9e28a627b9780b9c35890bdeffd45c4db0b8,,AES-T1700,AES-T1700\AES-T1700\src\TjIn\tbTOP.v,Trojan,TrustHub_verified_variant,1,trusthub_constructed_documented,High,Information Leakage,Sequential Counter,RF Side Channel,TrustHub AES Benchmark
a35906f14fb5b5b9d0f883e43a85e2471b21f9aea4af7f813199f8f7228f45ba,,AES-T1700,AES-T1700\AES-T1700\src\TjIn\top.v,Trojan,TrustHub_verified_variant,1,trusthub_constructed_documented,High,Information Leakage,Sequential Counter,RF Side Channel,TrustHub AES Benchmark
b3dd43f16087aae478b94ca5d0393daa5c9e746d94a7a5f1b9946c12a3c80aac,,AES-T1700,AES-T1700\AES-T1700\src\TjIn\Trojan_Trigger.v,Trojan,TrustHub_verified_variant,1,trusthub_constructed_documented,High,Information Leakage,Sequential Counter,RF Side Channel,TrustHub AES Benchmark
a3d77076024a8e480fd45b553fb891ca768c13c06952afad94e55f5879c80b38,,AES-T1800,AES-T1800\AES-T1800\src\TjIn\aes_128.v,Trojan,TrustHub_verified_variant,1,trusthub_constructed_documented,High,Denial of Service,Combinational Condition,Energy Consumption,TrustHub AES Benchmark
81cc5cb01d11835f27b8cd2fe338e72c5731e85ff00361f6dbb6a24ed8921899,,AES-T1800,AES-T1800\AES-T1800\src\TjIn\battery_tb.v,Trojan,TrustHub_verified_variant,1,trusthub_constructed_documented,High,Denial of Service,Combinational Condition,Energy Consumption,TrustHub AES Benchmark
841a87dd9065aaad44443eb984ead6ddfadc9b964e0c3a75a627ad2feb6be9c3,,AES-T1800,AES-T1800\AES-T1800\src\TjIn\tbTOP.v,Trojan,TrustHub_verified_variant,1,trusthub_constructed_documented,High,Denial of Service,Combinational Condition,Energy Consumption,TrustHub AES Benchmark
3170366d787701f3cde247a547b72a1917a146cabefae470268cd74cfc5f0785,,AES-T1800,AES-T1800\AES-T1800\src\TjIn\top.v,Trojan,TrustHub_verified_variant,1,trusthub_constructed_documented,High,Denial of Service,Combinational Condition,Energy Consumption,TrustHub AES Benchmark
1d45629afbab53a1d57c58ec1095aab4868181b22a8fc16b1e13790971060c78,,AES-T1800,AES-T1800\AES-T1800\src\TjIn\TSC.v,Trojan,TrustHub_verified_variant,1,trusthub_constructed_documented,High,Denial of Service,Combinational Condition,Energy Consumption,TrustHub AES Benchmark
69e5ed05c7037bd9ef8c4bc2d2c5cb24ae6d1085e6ff6f08b59123dc6d7a7ca1,,AES-T1900,AES-T1900\AES-T1900\src\TjIn\top.v,Trojan,TrustHub_verified_variant,1,trusthub_constructed_documented,High,Denial of Service,Sequential Counter,Energy Consumption,TrustHub AES Benchmark
0de7205a24d0ea3d6e50e9d18544a31eeea79aebf8570d883f07cdf066327f6c,,AES-T1900,AES-T1900\AES-T1900\src\TjIn\TSC.v,Trojan,TrustHub_verified_variant,1,trusthub_constructed_documented,High,Denial of Service,Sequential Counter,Energy Consumption,TrustHub AES Benchmark
2b5d48bd4966fbd653683aaf64b289226262b53851de9ae178e260281109afab,,AES-T200,AES-T200\AES-T200\src\TjIn\lfsr.v,Trojan,TrustHub_verified_variant,1,trusthub_constructed_documented,High,Information Leakage,Always On,Key Leakage,TrustHub AES Benchmark; Analysis of Data-Leak Hardware Trojans in AES Cryptographic Circuits; Hardware Trojan Detection Using Unsupervised Deep Learning on Quantum Diamond Microscope Magnetic Field Images
e5c906d2a296b554e77528f985c9f02242bf1b2c4f41ff3ed8c576db1769d19e,,AES-T200,AES-T200\AES-T200\src\TjIn\top.v,Trojan,TrustHub_verified_variant,1,trusthub_constructed_documented,High,Information Leakage,Always On,Key Leakage,TrustHub AES Benchmark; Analysis of Data-Leak Hardware Trojans in AES Cryptographic Circuits; Hardware Trojan Detection Using Unsupervised Deep Learning on Quantum Diamond Microscope Magnetic Field Images
4b9ad0b8b22f10f3dffcf28fc77bca9bd8bd06fd1b394da59da663bc29a72ea1,,AES-T200,AES-T200\AES-T200\src\TjIn\TSC.v,Trojan,TrustHub_verified_variant,1,trusthub_constructed_documented,High,Information Leakage,Always On,Key Leakage,TrustHub AES Benchmark; Analysis of Data-Leak Hardware Trojans in AES Cryptographic Circuits; Hardware Trojan Detection Using Unsupervised Deep Learning on Quantum Diamond Microscope Magnetic Field Images
ce541389f1c546762a316589f0f567720655b7228801833738d34a78722164a4,,AES-T2000,AES-T2000\AES-T2000\src\TjIn\tb_TOP.v,Trojan,TrustHub_verified_variant,1,trusthub_constructed_documented,High,Information Leakage,Sequential Counter,Key Leakage,TrustHub AES Benchmark
5df2853c2921638c31abd0475b0cb84532eced10488937e93625782a34c1ec10,,AES-T2000,AES-T2000\AES-T2000\src\TjIn\tb_TSC.v,Trojan,TrustHub_verified_variant,1,trusthub_constructed_documented,High,Information Leakage,Sequential Counter,Key Leakage,TrustHub AES Benchmark
600cbf621ba8b2dbadc3a87d8900df8425707d8a747e57023505c70d3cf769f0,,AES-T2000,AES-T2000\AES-T2000\src\TjIn\top.v,Trojan,TrustHub_verified_variant,1,trusthub_constructed_documented,High,Information Leakage,Sequential Counter,Key Leakage,TrustHub AES Benchmark
d426e8057c3741f9eebbd27f7a3528717a240692f5bcbd5e020088d265a865a9,,AES-T2000,AES-T2000\AES-T2000\src\TjIn\Trojan_Trigger.v,Trojan,TrustHub_verified_variant,1,trusthub_constructed_documented,High,Information Leakage,Sequential Counter,Key Leakage,TrustHub AES Benchmark
d509ca7a1c1351aaca56950cea2ae704f216bd8cca039ee11ab2ff364a70c7a4,,AES-T2000,AES-T2000\AES-T2000\src\TjIn\TSC.v,Trojan,TrustHub_verified_variant,1,trusthub_constructed_documented,High,Information Leakage,Sequential Counter,Key Leakage,TrustHub AES Benchmark
ec14c127fb3dc7a734cd71dc88b2368769465b2d3480f13a09d7350369152569,,AES-T2100,AES-T2100\AES-T2100\src\TjIn\top.v,Trojan,TrustHub_verified_variant,1,trusthub_constructed_documented,High,Information Leakage,Sequential Counter,Key Leakage,TrustHub AES Benchmark
61d3e7b85beda1fefebe5255a4d5090b2af47d95dc586bb207a796e7025d5883,,AES-T2100,AES-T2100\AES-T2100\src\TjIn\Trojan_Trigger.v,Trojan,TrustHub_verified_variant,1,trusthub_constructed_documented,High,Information Leakage,Sequential Counter,Key Leakage,TrustHub AES Benchmark
94ab5b8903149a19d7378154a15e363f74bd1e8834473a1734b68c73724246b1,,AES-T2100,AES-T2100\AES-T2100\src\TjIn\TSC.v,Trojan,TrustHub_verified_variant,1,trusthub_constructed_documented,High,Information Leakage,Sequential Counter,Key Leakage,TrustHub AES Benchmark
83b12b925db0caf871695f41d67a0764e9acc4afb2d4f2a9f2eda0a3988dddae,,AES-T300,AES-T300\AES-T300\src\TjIn\top.v,Trojan,TrustHub_verified_variant,1,trusthub_constructed_documented,High,Information Leakage,Always On,Key Leakage,TrustHub AES Benchmark; Analysis of Side-Channel Attack AES Hardware Trojan Benchmarks against Countermeasures
f1bc25df1744a6fe35ac5b7a6a4f0509486b467267f8b7da6bff260c8ef6f157,,AES-T300,AES-T300\AES-T300\src\TjIn\TSC.v,Trojan,TrustHub_verified_variant,1,trusthub_constructed_documented,High,Information Leakage,Always On,Key Leakage,TrustHub AES Benchmark; Analysis of Side-Channel Attack AES Hardware Trojan Benchmarks against Countermeasures
d118f1c70db24f5f372168e7786e87aaffdbeced354e90aeca5edead162bcd79,,AES-T400,AES-T400\AES-T400\src\TjIn\Trojan_Trigger.v,Trojan,TrustHub_verified_variant,1,trusthub_constructed_documented,High,Information Leakage,Combinational Condition,RF Key Leakage,TrustHub AES Benchmark; Analysis of Side-Channel Attack AES Hardware Trojan Benchmarks against Countermeasures
3c0777dbbf0d2789a473a00ef57a601ddd33b690229a4d4c8f9a12eda425862b,,AES-T500,AES-T500\AES-T500\src\TjIn\TSC.v,Trojan,TrustHub_verified_variant,1,trusthub_constructed_documented,High,Denial of Service,Combinational Condition,Battery Drain,TrustHub AES Benchmark; Analysis of Side-Channel Attack AES Hardware Trojan Benchmarks against Countermeasures
90b635a81dd7971df07f03b5dff851cb07c878b450e8fa141c839338e18b708f,,AES-T600,AES-T600\AES-T600\src\TnIn\top.v,Trojan,TrustHub_verified_variant,1,trusthub_constructed_documented,Medium,Information Leakage,Always On,Leakage Current Side Channel,TrustHub AES Benchmark; Analysis of Data-Leak Hardware Trojans in AES Cryptographic Circuits
9d1bba9d93ae007bbd397b0209fbf859e99272b6c8998e69a7c78337e1aaff38,,AES-T700,AES-T700\AES-T700\src\TjIn\lfsr.v,Trojan,TrustHub_verified_variant,1,trusthub_constructed_documented,High,Information Leakage,Sequential,Key Leakage,TrustHub AES Benchmark
8a4b60f9374fa1a1da0572227cb2f6ac1171766b9acd72a30207f0cd4fa56dd9,,AES-T700,AES-T700\AES-T700\src\TjIn\tbTOP.v,Trojan,TrustHub_verified_variant,1,trusthub_constructed_documented,High,Information Leakage,Sequential,Key Leakage,TrustHub AES Benchmark
8ae6dab69da4347f8646ada327183e717bc43786fd41306a36376e4031f0b79c,,AES-T700,AES-T700\AES-T700\src\TjIn\top.v,Trojan,TrustHub_verified_variant,1,trusthub_constructed_documented,High,Information Leakage,Sequential,Key Leakage,TrustHub AES Benchmark
c854bb453e1673db60addd18b5d211777e19d822cf115c0a349c1b4ebe454c77,,AES-T700,AES-T700\AES-T700\src\TjIn\TSC.v,Trojan,TrustHub_verified_variant,1,trusthub_constructed_documented,High,Information Leakage,Sequential,Key Leakage,TrustHub AES Benchmark
450c9263858eb8951f4ce805ef21bb39102e8b04d3cbb8871258414ecd9e1432,,AES-T800,AES-T800\AES-T800\src\TjIn\lfsr.v,Trojan,TrustHub_verified_variant,1,trusthub_constructed_documented,High,Functional Modification,Sequential FSM,Incorrect Ciphertext,TrustHub AES Benchmark
e165b4359e7d24ea91c37230977f687f6891d021029ee9aeb2f4c7fa9acee4c1,,AES-T800,AES-T800\AES-T800\src\TjIn\tbTOP.v,Trojan,TrustHub_verified_variant,1,trusthub_constructed_documented,High,Functional Modification,Sequential FSM,Incorrect Ciphertext,TrustHub AES Benchmark
e8a059f9dab8b39637a9e0a7992d7a40fb069ff5078cfd7645c580bd152f3207,,AES-T800,AES-T800\AES-T800\src\TjIn\top.v,Trojan,TrustHub_verified_variant,1,trusthub_constructed_documented,High,Functional Modification,Sequential FSM,Incorrect Ciphertext,TrustHub AES Benchmark
689e78c29535fe596ab76ded4499e19e083f9484106ec09ad66a85c78b17a70f,,AES-T900,AES-T900\AES-T900\src\TjIn\tbTOP.v,Trojan,TrustHub_verified_variant,1,trusthub_constructed_documented,High,Information Leakage,Counter Based,Key Leakage,TrustHub AES Benchmark
29816120f6e897e921c3ba2dec40bdc8fe3d5028ad7c86d91d0d3ce25f30daf2,,AES-T900,AES-T900\AES-T900\src\TjIn\top.v,Trojan,TrustHub_verified_variant,1,trusthub_constructed_documented,High,Information Leakage,Counter Based,Key Leakage,TrustHub AES Benchmark
1f3c7bce5e95ff88b1bf5a81213f9a23a1cd78fb8c8a4f21e0b4cc7b44222180,,EthernetMAC10GE-T700.part01,EthernetMAC10GE-T700.part01\EthernetMAC10GE-T700\Patterns\TestPatterns_stildpv.v,Trojan,TrustHub_verified_variant,1,trusthub_constructed_documented,High,Functional Modification,Combinational Comparator,Change Functionality,TrustHub Benchmark; Hardware Security (2019); LUT-Level HT Detection (2021)
8cbe8657d6c06c95113a4cb192844c3eb013a797019299695df56978aeae13cd,,EthernetMAC10GE-T700.part01,EthernetMAC10GE-T700.part01\EthernetMAC10GE-T700\src\TrojanFree\xge_mac_scan.v,Trojan,TrustHub_verified_variant,1,trusthub_constructed_documented,High,Functional Modification,Combinational Comparator,Change Functionality,TrustHub Benchmark; Hardware Security (2019); LUT-Level HT Detection (2021)
0f9f52995d892efb2f22c49ea89b0753cc95a395e7ccaf3caacc58a910ae778b,,EthernetMAC10GE-T700.part01,EthernetMAC10GE-T700.part01\EthernetMAC10GE-T700\src\TrojanInserted\xge_mac_scan.v,Trojan,TrustHub_verified_variant,1,trusthub_constructed_documented,High,Functional Modification,Combinational Comparator,Change Functionality,TrustHub Benchmark; Hardware Security (2019); LUT-Level HT Detection (2021)
828d72a0b18bf4aab9643998a1037283d987212c40e84643265b8ef2c4b3c37f,,EthernetMAC10GE-T710.part01,EthernetMAC10GE-T710.part01\EthernetMAC10GE-T710\src\TrojanInserted\xge_mac_scan.v,Trojan,TrustHub_verified_variant,1,trusthub_constructed_documented,High,Functional Modification,Combinational Comparator,Change Functionality,TrustHub Benchmark; Hardware Security (2019); LUT-Level HT Detection (2021)
9cde01d9055a6ac2649364bb226e7b73b6b938f9b4e6ed603d6ebce7686e3f5d,,EthernetMAC10GE-T720.part01,EthernetMAC10GE-T720.part01\EthernetMAC10GE-T720\src\TrojanInserted\xge_mac_scan.v,Trojan,TrustHub_verified_variant,1,trusthub_constructed_documented,High,Functional Modification,Combinational Comparator,Change Functionality,TrustHub Benchmark; Hardware Security (2019); LUT-Level HT Detection (2021)
41708b1b7dffee2e962dda0cf541f4243f1fed8f4a01599381e5e556c49ca6db,,EthernetMAC10GE-T730.part01,EthernetMAC10GE-T730.part01\EthernetMAC10GE-T730\src\TrojanInserted\xge_mac_scan.v,Trojan,TrustHub_verified_variant,1,trusthub_constructed_documented,High,Functional Modification,Combinational Comparator,Change Functionality,TrustHub Benchmark; Hardware Security (2019); LUT-Level HT Detection (2021)
748f02663b8d0d4a7ab73c72cd29c762aff640d7a8fa74fc8ad425af701693f3,,MC8051-T200,MC8051-T200\MC8051-T200\src\TjFree\baud.v,Trojan,TrustHub_verified_variant,1,trusthub_constructed_documented,High,Denial of Service,Internal Sequential Logic,Idle Timer Activation,TrustHub MC8051 Benchmark
c4666dcb04d888c7a02a1c9cfe091c3c4903ac2d26f76b0a8e0ac105dbf84486,,MC8051-T200,MC8051-T200\MC8051-T200\src\TjFree\u_rec.v,Trojan,TrustHub_verified_variant,1,trusthub_constructed_documented,High,Denial of Service,Internal Sequential Logic,Idle Timer Activation,TrustHub MC8051 Benchmark
1febb485241adda5acd8a0f0e39213e5cf37a78835d69faa66c647e6bddb3991,,MC8051-T200,MC8051-T200\MC8051-T200\src\TjFree\u_xmit.v,Trojan,TrustHub_verified_variant,1,trusthub_constructed_documented,High,Denial of Service,Internal Sequential Logic,Idle Timer Activation,TrustHub MC8051 Benchmark
7f6fb8e6cd4c42b5d715509ac42fa8bc099078395d9649d216c12abcfdcadbb0,,MC8051-T200,MC8051-T200\MC8051-T200\src\TjFree\uart.v,Trojan,TrustHub_verified_variant,1,trusthub_constructed_documented,High,Denial of Service,Internal Sequential Logic,Idle Timer Activation,TrustHub MC8051 Benchmark
71c94b04ec4c3550427fdbc1ac73ad0565bcdb1c1f352ede36d4b2ab3312a991,,memctrl-T100,memctrl-T100\memctrl-T100\bench\richard\verilog\bench.v,Trojan,TrustHub_verified_variant,1,trusthub_constructed_documented,High,Denial of Service,Internal Sequential Logic,Premature Sleep Signal,TrustHub memctrl Benchmark; Reflections on Trusting TrustHUB (2023)
777185bd70da4b5d95e3cd70535c87c78f7bd1e1a2e3b2b2937d97d4e819f84d,,memctrl-T100,memctrl-T100\memctrl-T100\bench\richard\verilog\checkers.v,Trojan,TrustHub_verified_variant,1,trusthub_constructed_documented,High,Denial of Service,Internal Sequential Logic,Premature Sleep Signal,TrustHub memctrl Benchmark; Reflections on Trusting TrustHUB (2023)
6d702d66e52aa331e80b27cda47d769d95aa583a9107c7e8c738b9afa4479e3f,,memctrl-T100,memctrl-T100\memctrl-T100\bench\richard\verilog\mc_defines.v,Trojan,TrustHub_verified_variant,1,trusthub_constructed_documented,High,Denial of Service,Internal Sequential Logic,Premature Sleep Signal,TrustHub memctrl Benchmark; Reflections on Trusting TrustHUB (2023)
42e5fbce27ab12cb66cd09597bf4567f61f829e1107e76f8176f656fd3fc313e,,memctrl-T100,memctrl-T100\memctrl-T100\bench\richard\verilog\models\m8kx8.v,Trojan,TrustHub_verified_variant,1,trusthub_constructed_documented,High,Denial of Service,Internal Sequential Logic,Premature Sleep Signal,TrustHub memctrl Benchmark; Reflections on Trusting TrustHUB (2023)
148f9fac2be390d7ea81470bc05b30c7f52f1687da58dcb7a6793aee48b62183,,memctrl-T100,memctrl-T100\memctrl-T100\bench\richard\verilog\models\mt48lc16m16a2.v,Trojan,TrustHub_verified_variant,1,trusthub_constructed_documented,High,Denial of Service,Internal Sequential Logic,Premature Sleep Signal,TrustHub memctrl Benchmark; Reflections on Trusting TrustHUB (2023)
762ed282c15d7632a48849099310ac84493b7a65d615841c5aced3016e671de3,,memctrl-T100,memctrl-T100\memctrl-T100\bench\richard\verilog\models\mt58l1my18d.v,Trojan,TrustHub_verified_variant,1,trusthub_constructed_documented,High,Denial of Service,Internal Sequential Logic,Premature Sleep Signal,TrustHub memctrl Benchmark; Reflections on Trusting TrustHUB (2023)
51d0bd23e68fff1dc81b7e51aed20d46b743807bbadc1265bdbd34c1f1465c8f,,memctrl-T100,memctrl-T100\memctrl-T100\bench\richard\verilog\timescale.v,Trojan,TrustHub_verified_variant,1,trusthub_constructed_documented,High,Denial of Service,Internal Sequential Logic,Premature Sleep Signal,TrustHub memctrl Benchmark; Reflections on Trusting TrustHUB (2023)
d3fc2b9ec3229ea6dd968554665749ee7fcaaccb05c267b5b140a88d27c117ed,,memctrl-T100,memctrl-T100\memctrl-T100\bench\richard\verilog\tst_asram.v,Trojan,TrustHub_verified_variant,1,trusthub_constructed_documented,High,Denial of Service,Internal Sequential Logic,Premature Sleep Signal,TrustHub memctrl Benchmark; Reflections on Trusting TrustHUB (2023)
e310bf89732aa62c724ef0726bf9fb6b5ed2f6a81d1331a3216e0fd60812477a,,memctrl-T100,memctrl-T100\memctrl-T100\bench\richard\verilog\tst_multi_mem.v,Trojan,TrustHub_verified_variant,1,trusthub_constructed_documented,High,Denial of Service,Internal Sequential Logic,Premature Sleep Signal,TrustHub memctrl Benchmark; Reflections on Trusting TrustHUB (2023)
1c154df6261adca5d92490803a67281308b89106cbb242fa8031de9974a508d1,,memctrl-T100,memctrl-T100\memctrl-T100\bench\richard\verilog\tst_sdram.v,Trojan,TrustHub_verified_variant,1,trusthub_constructed_documented,High,Denial of Service,Internal Sequential Logic,Premature Sleep Signal,TrustHub memctrl Benchmark; Reflections on Trusting TrustHUB (2023)
9a95aa6b1f2a8010b56d6e688b4e0a8caed9f42a7345c86b46e16c6121ad7e78,,memctrl-T100,memctrl-T100\memctrl-T100\bench\richard\verilog\tst_ssram.v,Trojan,TrustHub_verified_variant,1,trusthub_constructed_documented,High,Denial of Service,Internal Sequential Logic,Premature Sleep Signal,TrustHub memctrl Benchmark; Reflections on Trusting TrustHUB (2023)
3872e69e2a25bc58171862b78dfd9e9688f5ef94a7ae2b561c6c318d87fbda8e,,memctrl-T100,memctrl-T100\memctrl-T100\bench\richard\verilog\wb_master_model.v,Trojan,TrustHub_verified_variant,1,trusthub_constructed_documented,High,Denial of Service,Internal Sequential Logic,Premature Sleep Signal,TrustHub memctrl Benchmark; Reflections on Trusting TrustHUB (2023)
f24460a325782c9265f834a89a8e2284c2b5683da9914ef1fcaaa482610ffa29,,memctrl-T100,memctrl-T100\memctrl-T100\bench\verilog\160b3ver\adv_bb.v,Trojan,TrustHub_verified_variant,1,trusthub_constructed_documented,High,Denial of Service,Internal Sequential Logic,Premature Sleep Signal,TrustHub memctrl Benchmark; Reflections on Trusting TrustHUB (2023)
da320f767a47adfd3eda2c1fb5fbeaadc830bc132ac425aafdb27a42de110e50,,memctrl-T100,memctrl-T100\memctrl-T100\bench\verilog\160b3ver\dp160b3b.v,Trojan,TrustHub_verified_variant,1,trusthub_constructed_documented,High,Denial of Service,Internal Sequential Logic,Premature Sleep Signal,TrustHub memctrl Benchmark; Reflections on Trusting TrustHUB (2023)
b9fe6979924a681ca516a56e0b662ae83ffc765e9c9cf98896c08612433911ad,,memctrl-T100,memctrl-T100\memctrl-T100\bench\verilog\160b3ver\DP160B3B_RU.V,Trojan,TrustHub_verified_variant,1,trusthub_constructed_documented,High,Denial of Service,Internal Sequential Logic,Premature Sleep Signal,TrustHub memctrl Benchmark; Reflections on Trusting TrustHUB (2023)
63e553d4aecf147618cc5720830fc42fb23dba11a133926c853f4f0b82d9e1c8,,memctrl-T100,memctrl-T100\memctrl-T100\bench\verilog\160b3ver\dp160b3t.v,Trojan,TrustHub_verified_variant,1,trusthub_constructed_documented,High,Denial of Service,Internal Sequential Logic,Premature Sleep Signal,TrustHub memctrl Benchmark; Reflections on Trusting TrustHUB (2023)
3f10f989184d52c3843ef0523dc7fd971ada016fde7308d11807e57f8b973a6d,,memctrl-T100,memctrl-T100\memctrl-T100\bench\verilog\160b3ver\t160b3b.v,Trojan,TrustHub_verified_variant,1,trusthub_constructed_documented,High,Denial of Service,Internal Sequential Logic,Premature Sleep Signal,TrustHub memctrl Benchmark; Reflections on Trusting TrustHUB (2023)
b15abf443880a9da356b7ed5e697d2f5bce340fa54c29dbd43bab4c96ff920f4,,memctrl-T100,memctrl-T100\memctrl-T100\bench\verilog\160b3ver\t160b3t.v,Trojan,TrustHub_verified_variant,1,trusthub_constructed_documented,High,Denial of Service,Internal Sequential Logic,Premature Sleep Signal,TrustHub memctrl Benchmark; Reflections on Trusting TrustHUB (2023)
b9b9cf82bf48ad7c04fef777bce8fe4ee2e08bcf3d4276d03ffa4bd8cd76c0f7,,memctrl-T100,memctrl-T100\memctrl-T100\bench\verilog\sdram_models\16Mx16\mt48lc16m16a2.v,Trojan,TrustHub_verified_variant,1,trusthub_constructed_documented,High,Denial of Service,Internal Sequential Logic,Premature Sleep Signal,TrustHub memctrl Benchmark; Reflections on Trusting TrustHUB (2023)
b4e7ce2d9a017581977a4dc197e9629aa94a2d363e0d6fa743504f8311cfe1e6,,memctrl-T100,memctrl-T100\memctrl-T100\bench\verilog\sdram_models\16Mx8\mt48lc16m8a2.v,Trojan,TrustHub_verified_variant,1,trusthub_constructed_documented,High,Denial of Service,Internal Sequential Logic,Premature Sleep Signal,TrustHub memctrl Benchmark; Reflections on Trusting TrustHUB (2023)
c89bd6256a7e77b56d246e7bd363f3a2e9cc92c16a0f9aefdf4ea1cbd15eff02,,memctrl-T100,memctrl-T100\memctrl-T100\bench\verilog\sdram_models\2Mx32\mt48lc2m32b2.v,Trojan,TrustHub_verified_variant,1,trusthub_constructed_documented,High,Denial of Service,Internal Sequential Logic,Premature Sleep Signal,TrustHub memctrl Benchmark; Reflections on Trusting TrustHUB (2023)
8f0fd415f485a1f6e5f2906ec08efcb743e895eb73990138ae9b0d1991550f3c,,memctrl-T100,memctrl-T100\memctrl-T100\bench\verilog\sdram_models\32Mx8\mt48lc32m8a2.v,Trojan,TrustHub_verified_variant,1,trusthub_constructed_documented,High,Denial of Service,Internal Sequential Logic,Premature Sleep Signal,TrustHub memctrl Benchmark; Reflections on Trusting TrustHUB (2023)
212bbbc9676128c10c7c4f051a63daac91787f43b5c0e81208062143583e5f48,,memctrl-T100,memctrl-T100\memctrl-T100\bench\verilog\sdram_models\4Mx16\mt48lc4m16a2.v,Trojan,TrustHub_verified_variant,1,trusthub_constructed_documented,High,Denial of Service,Internal Sequential Logic,Premature Sleep Signal,TrustHub memctrl Benchmark; Reflections on Trusting TrustHUB (2023)
b81ba23fc63d6f12fc2d8c47b87a6afd74036b8bd6488e696519609baa27f1d7,,memctrl-T100,memctrl-T100\memctrl-T100\bench\verilog\sdram_models\4Mx32\mt48lc4m32b2.v,Trojan,TrustHub_verified_variant,1,trusthub_constructed_documented,High,Denial of Service,Internal Sequential Logic,Premature Sleep Signal,TrustHub memctrl Benchmark; Reflections on Trusting TrustHUB (2023)
ea76c4b7319a56e4ccfe69947743eab6a4daf4dadebceff6fd79320ea8d46bfb,,memctrl-T100,memctrl-T100\memctrl-T100\bench\verilog\sdram_models\8Mx16\mt48lc8m16a2.v,Trojan,TrustHub_verified_variant,1,trusthub_constructed_documented,High,Denial of Service,Internal Sequential Logic,Premature Sleep Signal,TrustHub memctrl Benchmark; Reflections on Trusting TrustHUB (2023)
b04e5e8155c472142d64aef2f41feaa5fc478bc7544ae1c1a7f2a55d9bd6e222,,memctrl-T100,memctrl-T100\memctrl-T100\bench\verilog\sdram_models\8Mx8\mt48lc8m8a2.v,Trojan,TrustHub_verified_variant,1,trusthub_constructed_documented,High,Denial of Service,Internal Sequential Logic,Premature Sleep Signal,TrustHub memctrl Benchmark; Reflections on Trusting TrustHUB (2023)
7887f3911ee5973d9006d961cf919c320fc4314c6398a94a8a43ab970e199cef,,memctrl-T100,memctrl-T100\memctrl-T100\bench\verilog\sram_models\IDT71T67802\idt71t67802s133.v,Trojan,TrustHub_verified_variant,1,trusthub_constructed_documented,High,Denial of Service,Internal Sequential Logic,Premature Sleep Signal,TrustHub memctrl Benchmark; Reflections on Trusting TrustHUB (2023)
2338cf36c80856cb8fb1f9477966d31623bc8779e5d0f0972491eca8805dec59,,memctrl-T100,memctrl-T100\memctrl-T100\bench\verilog\sram_models\IDT71T67802\idt71t67802s150.v,Trojan,TrustHub_verified_variant,1,trusthub_constructed_documented,High,Denial of Service,Internal Sequential Logic,Premature Sleep Signal,TrustHub memctrl Benchmark; Reflections on Trusting TrustHUB (2023)
f2efd609fee3c82fccac9ca7ac5effebc8152371f2c6edd186d061298499fb30,,memctrl-T100,memctrl-T100\memctrl-T100\bench\verilog\sram_models\IDT71T67802\idt71t67802s166.v,Trojan,TrustHub_verified_variant,1,trusthub_constructed_documented,High,Denial of Service,Internal Sequential Logic,Premature Sleep Signal,TrustHub memctrl Benchmark; Reflections on Trusting TrustHUB (2023)
563dca6b7f5c5349c72a962ce3c2b4ec2ccf9e216a81affefb36177a96213866,,memctrl-T100,memctrl-T100\memctrl-T100\bench\verilog\sram_models\IDT71T67802\idt_512Kx18_PBSRAM_test.v,Trojan,TrustHub_verified_variant,1,trusthub_constructed_documented,High,Denial of Service,Internal Sequential Logic,Premature Sleep Signal,TrustHub memctrl Benchmark; Reflections on Trusting TrustHUB (2023)
6d7f4272116340bdfd1d4a4ccd6e33ea1da575264e2b8652449ceb5e3debab33,,memctrl-T100,memctrl-T100\memctrl-T100\bench\verilog\sram_models\MicronSRAM\mt58l1my18d.v,Trojan,TrustHub_verified_variant,1,trusthub_constructed_documented,High,Denial of Service,Internal Sequential Logic,Premature Sleep Signal,TrustHub memctrl Benchmark; Reflections on Trusting TrustHUB (2023)
71fc83dd26bd1017153a7079006fced0a8b12710d1f9630bb58d2b71310666c2,,memctrl-T100,memctrl-T100\memctrl-T100\bench\verilog\sync_cs_dev.v,Trojan,TrustHub_verified_variant,1,trusthub_constructed_documented,High,Denial of Service,Internal Sequential Logic,Premature Sleep Signal,TrustHub memctrl Benchmark; Reflections on Trusting TrustHUB (2023)
0746863643648be3df99fdfbae7252b42de51ce8ba105d8e2f32abc953ac0447,,memctrl-T100,memctrl-T100\memctrl-T100\bench\verilog\test_bench_top.v,Trojan,TrustHub_verified_variant,1,trusthub_constructed_documented,High,Denial of Service,Internal Sequential Logic,Premature Sleep Signal,TrustHub memctrl Benchmark; Reflections on Trusting TrustHUB (2023)
202b45fb67bf2c5cca12e79b118da94cb83dc69081e1be6e80322d057690a1e9,,memctrl-T100,memctrl-T100\memctrl-T100\bench\verilog\test_lib.v,Trojan,TrustHub_verified_variant,1,trusthub_constructed_documented,High,Denial of Service,Internal Sequential Logic,Premature Sleep Signal,TrustHub memctrl Benchmark; Reflections on Trusting TrustHUB (2023)
f9d3d7110ea2dffe74c60213bc3a7ce846ae7cd4ecf059ae38b603038488c90c,,memctrl-T100,memctrl-T100\memctrl-T100\bench\verilog\tests.v,Trojan,TrustHub_verified_variant,1,trusthub_constructed_documented,High,Denial of Service,Internal Sequential Logic,Premature Sleep Signal,TrustHub memctrl Benchmark; Reflections on Trusting TrustHUB (2023)
676e893d86872db8b5c2194d1698db2a7a9e1f227fe8323ce6cdb519236a8d30,,memctrl-T100,memctrl-T100\memctrl-T100\bench\verilog\wb_mast_model.v,Trojan,TrustHub_verified_variant,1,trusthub_constructed_documented,High,Denial of Service,Internal Sequential Logic,Premature Sleep Signal,TrustHub memctrl Benchmark; Reflections on Trusting TrustHUB (2023)
c7eca61c5735b59cb9a80f3c2f62c54a1c4f6e6e67fd763b8ffae0274c9d3880,,memctrl-T100,memctrl-T100\memctrl-T100\bench\verilog\wb_model_defines.v,Trojan,TrustHub_verified_variant,1,trusthub_constructed_documented,High,Denial of Service,Internal Sequential Logic,Premature Sleep Signal,TrustHub memctrl Benchmark; Reflections on Trusting TrustHUB (2023)
8cc1fd4bce8913595f422c8476aa46c46c295805154179f807e93b7a2032a648,,memctrl-T100,memctrl-T100\memctrl-T100\bench\vhdl\mt48lc2m32b2.v,Trojan,TrustHub_verified_variant,1,trusthub_constructed_documented,High,Denial of Service,Internal Sequential Logic,Premature Sleep Signal,TrustHub memctrl Benchmark; Reflections on Trusting TrustHUB (2023)
d84c116b6e97d07e9ca5424ca078011a2850721e99af396f2d4d7d4c60e049db,,memctrl-T100,memctrl-T100\memctrl-T100\bench\vhdl\mt58l64l32p.v,Trojan,TrustHub_verified_variant,1,trusthub_constructed_documented,High,Denial of Service,Internal Sequential Logic,Premature Sleep Signal,TrustHub memctrl Benchmark; Reflections on Trusting TrustHUB (2023)
31c7f730e43192c26df64ca7bb2f5e22f9084b649fe0627ad5c85af55789fcce,,memctrl-T100,memctrl-T100\memctrl-T100\rtl\verilog\mc_adr_sel.v,Trojan,TrustHub_verified_variant,1,trusthub_constructed_documented,High,Denial of Service,Internal Sequential Logic,Premature Sleep Signal,TrustHub memctrl Benchmark; Reflections on Trusting TrustHUB (2023)
5da97b3ab64fa7d11a858bef5402d7835abb7bf15f1dec2d77cb072a08a35b23,,memctrl-T100,memctrl-T100\memctrl-T100\rtl\verilog\mc_cs_rf.v,Trojan,TrustHub_verified_variant,1,trusthub_constructed_documented,High,Denial of Service,Internal Sequential Logic,Premature Sleep Signal,TrustHub memctrl Benchmark; Reflections on Trusting TrustHUB (2023)
d54f237f1baba818fcff23d297e4c1c8c2c29f0960c1735670551374a9ba877c,,memctrl-T100,memctrl-T100\memctrl-T100\rtl\verilog\mc_defines.v,Trojan,TrustHub_verified_variant,1,trusthub_constructed_documented,High,Denial of Service,Internal Sequential Logic,Premature Sleep Signal,TrustHub memctrl Benchmark; Reflections on Trusting TrustHUB (2023)
6a07cc5b264ab355cbccf42d5733669b280f5b27969834a961fbaf93d26cf1cf,,memctrl-T100,memctrl-T100\memctrl-T100\rtl\verilog\mc_dp.v,Trojan,TrustHub_verified_variant,1,trusthub_constructed_documented,High,Denial of Service,Internal Sequential Logic,Premature Sleep Signal,TrustHub memctrl Benchmark; Reflections on Trusting TrustHUB (2023)
445fcf4ea2f44eed43ec4e309211fc20204743d3070ea593e740155db86d3b89,,memctrl-T100,memctrl-T100\memctrl-T100\rtl\verilog\mc_incn_r.v,Trojan,TrustHub_verified_variant,1,trusthub_constructed_documented,High,Denial of Service,Internal Sequential Logic,Premature Sleep Signal,TrustHub memctrl Benchmark; Reflections on Trusting TrustHUB (2023)
78136a2a5711fc187903e9211e0be1e647d48e5631b94109c1c593963f0f7b7b,,memctrl-T100,memctrl-T100\memctrl-T100\rtl\verilog\mc_mem_if.v,Trojan,TrustHub_verified_variant,1,trusthub_constructed_documented,High,Denial of Service,Internal Sequential Logic,Premature Sleep Signal,TrustHub memctrl Benchmark; Reflections on Trusting TrustHUB (2023)
3298b9ef396e6c0597ead27ac865878d9a2d59e0e1f612dff9e9e10029fca3c0,,memctrl-T100,memctrl-T100\memctrl-T100\rtl\verilog\mc_obct.v,Trojan,TrustHub_verified_variant,1,trusthub_constructed_documented,High,Denial of Service,Internal Sequential Logic,Premature Sleep Signal,TrustHub memctrl Benchmark; Reflections on Trusting TrustHUB (2023)
c2b25b753aec36f33170cc582862f4ef186abccb3df7d66eefb4a1af78628c96,,memctrl-T100,memctrl-T100\memctrl-T100\rtl\verilog\mc_obct_top.v,Trojan,TrustHub_verified_variant,1,trusthub_constructed_documented,High,Denial of Service,Internal Sequential Logic,Premature Sleep Signal,TrustHub memctrl Benchmark; Reflections on Trusting TrustHUB (2023)
2ca6f97c90ebebe54c741fee78d2b3d94f908e77a3f44b750bbafdb19f91af80,,memctrl-T100,memctrl-T100\memctrl-T100\rtl\verilog\mc_rd_fifo.v,Trojan,TrustHub_verified_variant,1,trusthub_constructed_documented,High,Denial of Service,Internal Sequential Logic,Premature Sleep Signal,TrustHub memctrl Benchmark; Reflections on Trusting TrustHUB (2023)
913a55531d916abfeec5d9fcd3dde26ea783c3aecdfc215b58459df0b74b3dd0,,memctrl-T100,memctrl-T100\memctrl-T100\rtl\verilog\mc_refresh.v,Trojan,TrustHub_verified_variant,1,trusthub_constructed_documented,High,Denial of Service,Internal Sequential Logic,Premature Sleep Signal,TrustHub memctrl Benchmark; Reflections on Trusting TrustHUB (2023)
68ee5cc0b605e2f4917bb263434ac9bc011e89981c9406cc886bfca25c133071,,memctrl-T100,memctrl-T100\memctrl-T100\rtl\verilog\mc_rf.v,Trojan,TrustHub_verified_variant,1,trusthub_constructed_documented,High,Denial of Service,Internal Sequential Logic,Premature Sleep Signal,TrustHub memctrl Benchmark; Reflections on Trusting TrustHUB (2023)
e1ccf7bc55581fbe9cf41bac50b786540c56c6f7e8effa6397c12cc52d104716,,memctrl-T100,memctrl-T100\memctrl-T100\rtl\verilog\mc_timing.v,Trojan,TrustHub_verified_variant,1,trusthub_constructed_documented,High,Denial of Service,Internal Sequential Logic,Premature Sleep Signal,TrustHub memctrl Benchmark; Reflections on Trusting TrustHUB (2023)
dcfee3ef1923eafcd43134e9631d052e2f1234f37615f485aaabce711a357620,,memctrl-T100,memctrl-T100\memctrl-T100\rtl\verilog\mc_top.v,Trojan,TrustHub_verified_variant,1,trusthub_constructed_documented,High,Denial of Service,Internal Sequential Logic,Premature Sleep Signal,TrustHub memctrl Benchmark; Reflections on Trusting TrustHUB (2023)
b2802f3339125ce8c02afe2eaeb4394280f58bab470f04d1ecc2d5db8ddab4af,,memctrl-T100,memctrl-T100\memctrl-T100\rtl\verilog\mc_wb_if.v,Trojan,TrustHub_verified_variant,1,trusthub_constructed_documented,High,Denial of Service,Internal Sequential Logic,Premature Sleep Signal,TrustHub memctrl Benchmark; Reflections on Trusting TrustHUB (2023)
43bcdb4d6010b789f0c8cf627a6f0628db357e620e1373c3176158ec063b44df,,memctrl-T100,memctrl-T100\memctrl-T100\rtl\verilog_tj_In\mc_rf.v,Trojan,TrustHub_verified_variant,1,trusthub_constructed_documented,High,Denial of Service,Internal Sequential Logic,Premature Sleep Signal,TrustHub memctrl Benchmark; Reflections on Trusting TrustHUB (2023)
b82fa55d005efcfc1bf0dedfcce7b1bce9727f508479e6ee0b563cc727156bcb,,PIC16F84-T100,PIC16F84-T100\PIC16F84-T100\src\TjFree\risc16f84.v,Trojan,TrustHub_verified_variant,1,trusthub_constructed_documented,High,Denial of Service,Sequential Condition,Program Memory Address Corruption,TrustHub PIC16F84 Benchmark
6160ecb092eb38e2952f040eb910c1e22c51ab5926dc197047ff2e4b79ddb5e8,,PIC16F84-T100,PIC16F84-T100\PIC16F84-T100\src\TjIn\risc16f84.v,Trojan,TrustHub_verified_variant,1,trusthub_constructed_documented,High,Denial of Service,Sequential Condition,Program Memory Address Corruption,TrustHub PIC16F84 Benchmark
871cf9594dd77487fc1a242a365b5eeae592a861bd1b4bde3b25a4f0becfef33,,PIC16F84-T200,PIC16F84-T200\PIC16F84-T200\src\TjIn\risc16f84.v,Trojan,TrustHub_verified_variant,1,trusthub_constructed_documented,Medium,Information Leakage,Sequential Condition,Secret Data Leakage,TrustHub PIC16F84 Benchmark
a5a5f6d7126b688ab4484c9e6fca74488f8e9e1cf58ffcc069c4330fad3f1f12,,PIC16F84-T300,PIC16F84-T300\PIC16F84-T300\src\TjIn\risc16f84.v,Trojan,TrustHub_verified_variant,1,trusthub_constructed_documented,High,Information Leakage,Specific Instruction Sequence,Secret Data Leakage,TrustHub PIC16F84 Benchmark
d220b21affcfdbfbc69aad70688ca62dc057ea9ee39b2de999c8f81bfec297e9,,RS232-T100,RS232-T100\RS232-T100\src\u_rec.v,Trojan,TrustHub_verified_variant,1,trusthub_constructed_documented,High,Functional Modification,Cheat Code,Stuck-at Fault,TrustHub RS232 Benchmark
0fc05720f5b088bf954afc661d4cf19f1a73d2e4e69969236e90ac3079d240b9,,RS232-T100,RS232-T100\RS232-T100\src\u_xmit.v,Trojan,TrustHub_verified_variant,1,trusthub_constructed_documented,High,Functional Modification,Cheat Code,Stuck-at Fault,TrustHub RS232 Benchmark
aa987d60263ab045f8172df897184dbf687f4d42ced31b35f77c47209b25bd85,,RS232-T100,RS232-T100\RS232-T100\src\uart.v,Trojan,TrustHub_verified_variant,1,trusthub_constructed_documented,High,Functional Modification,Cheat Code,Stuck-at Fault,TrustHub RS232 Benchmark
db4ef6cf15f0279ade938b4510941440bb531e40e4e26c5c2e93f43aaa405b19,,RS232-T1700,RS232-T1700\RS232-T1700\patterns\pathDelay\TestPatterns_stildpv.v,Trojan,TrustHub_verified_variant,1,trusthub_constructed_documented,High,Denial of Service,Sequential Counter,Transmission Failure,TrustHub RS232 Benchmark; Hardware Trojan Detection Prototype Evaluation
63a803ef517d9f1e1a5ebf35f29b44bf3f7815382de792effd896d58c94653cc,,RS232-T1700,RS232-T1700\RS232-T1700\patterns\StuckAT\TestPatterns_stildpv.v,Trojan,TrustHub_verified_variant,1,trusthub_constructed_documented,High,Denial of Service,Sequential Counter,Transmission Failure,TrustHub RS232 Benchmark; Hardware Trojan Detection Prototype Evaluation
03ffb1f184f87b607680a83786f6ac2cc8c45f14092eca56e748106dec5a3112,,RS232-T1700,RS232-T1700\RS232-T1700\patterns\TransitionDelay\TestPatterns_stildpv.v,Trojan,TrustHub_verified_variant,1,trusthub_constructed_documented,High,Denial of Service,Sequential Counter,Transmission Failure,TrustHub RS232 Benchmark; Hardware Trojan Detection Prototype Evaluation
901f6ebaacb3df34ec62bfcf85847e289d724993c0b5d2111dc0770c2fb3154e,,RS232-T1700,RS232-T1700\RS232-T1700\src\180nm\uart_scan_route.v,Trojan,TrustHub_verified_variant,1,trusthub_constructed_documented,High,Denial of Service,Sequential Counter,Transmission Failure,TrustHub RS232 Benchmark; Hardware Trojan Detection Prototype Evaluation
6e52adb1cbd1a819c169b78bccfbdb8af1e98e82f4f89712f88c9ab8f68d6ddf,,RS232-T1700,RS232-T1700\RS232-T1700\src\90nm\uart_scan_route.v,Trojan,TrustHub_verified_variant,1,trusthub_constructed_documented,High,Denial of Service,Sequential Counter,Transmission Failure,TrustHub RS232 Benchmark; Hardware Trojan Detection Prototype Evaluation
784d797aaf4cd5e4be6bd829a60dfe066680ef54f1fb62848bc37bf3a73736c0,,RS232-T200,RS232-T200\RS232-T200\src\u_rec.v,Trojan,TrustHub_verified_variant,1,trusthub_constructed_documented,High,Reliability,Time Bomb,Reliability Issue,TrustHub RS232 Benchmark
ef74bd43eb230a756d25eb3f51566df5c08b9d939d238aa7be148aaee58839b0,,RS232-T200,RS232-T200\RS232-T200\src\u_xmit.v,Trojan,TrustHub_verified_variant,1,trusthub_constructed_documented,High,Reliability,Time Bomb,Reliability Issue,TrustHub RS232 Benchmark
27ab580785fdf4a7cf7450bd8631abff18acb303573f91f94ece767d250ee97c,,RS232-T200,RS232-T200\RS232-T200\src\uart.v,Trojan,TrustHub_verified_variant,1,trusthub_constructed_documented,High,Reliability,Time Bomb,Reliability Issue,TrustHub RS232 Benchmark
c51e24857fb3d3e4014db9160daeb444dfda767b89f09e1828a11f699bc0fb99,,RS232-T300,RS232-T300\RS232-T300\src\u_rec.v,Trojan,TrustHub_verified_variant,1,trusthub_constructed_documented,High,Information Leakage,Cheat Code,Information Leakage,TrustHub RS232 Benchmark
9ebd31ca0988dfe15cc166f730f234a377d918e107fbef8daddf3e3f31c2469e,,RS232-T300,RS232-T300\RS232-T300\src\u_xmit.v,Trojan,TrustHub_verified_variant,1,trusthub_constructed_documented,High,Information Leakage,Cheat Code,Information Leakage,TrustHub RS232 Benchmark
48d4dcf12e444470f1faab85b399379f0a5b3f210d85f2d609c492aeb0c8b21e,,RS232-T300,RS232-T300\RS232-T300\src\uart.v,Trojan,TrustHub_verified_variant,1,trusthub_constructed_documented,High,Information Leakage,Cheat Code,Information Leakage,TrustHub RS232 Benchmark
5696cec1c45ba49351425820b6a89537f1d3defafae7ab18ce5084fbb0aa5650,,RS232-T400,RS232-T400\RS232-T400\src\u_rec.v,Trojan,TrustHub_verified_variant,1,trusthub_constructed_documented,High,Information Leakage,Time Bomb,Information Leakage,TrustHub RS232 Benchmark
e233fad0902e77d348e6eafc25adaa99470399c45310c76402d5fb38adf74c5d,,RS232-T400,RS232-T400\RS232-T400\src\u_xmit.v,Trojan,TrustHub_verified_variant,1,trusthub_constructed_documented,High,Information Leakage,Time Bomb,Information Leakage,TrustHub RS232 Benchmark
6a563ff4722af3f52dfc739f4529ab980588bb0ce199d4d90f924fa5d2d0eaf4,,RS232-T400,RS232-T400\RS232-T400\src\uart.v,Trojan,TrustHub_verified_variant,1,trusthub_constructed_documented,High,Information Leakage,Time Bomb,Information Leakage,TrustHub RS232 Benchmark
8029445a000c9cc6031356750d5e1e6e7f1e6bc6140f25eedb80de51da850309,,RS232-T500,RS232-T500\RS232-T500\src\u_rec.v,Trojan,TrustHub_verified_variant,1,trusthub_constructed_documented,High,Functional Modification,Cheat Code,Stuck-at Fault,TrustHub RS232 Benchmark
af0806b6678f473d1d293cd22dda61b11177f9014728cbf0a86a48b6d3c1d108,,RS232-T500,RS232-T500\RS232-T500\src\u_xmit.v,Trojan,TrustHub_verified_variant,1,trusthub_constructed_documented,High,Functional Modification,Cheat Code,Stuck-at Fault,TrustHub RS232 Benchmark
8a97c78f5cb1ccf9cc8a9e9a61272fdb0a7e67ee48c7ee8a98ffed329138abd1,,RS232-T500,RS232-T500\RS232-T500\src\uart.v,Trojan,TrustHub_verified_variant,1,trusthub_constructed_documented,High,Functional Modification,Cheat Code,Stuck-at Fault,TrustHub RS232 Benchmark
b189243a0288ba870150a868b50854a5dc60e6ecaf44d5505888a50c40890d85,,RS232-T600,RS232-T600\RS232-T600\src\u_rec.v,Trojan,TrustHub_verified_variant,1,trusthub_constructed_documented,High,Denial of Service,Dead Machine,Stuck-at Fault,TrustHub RS232 Benchmark
63153e27fbc15d6b024b1aecddf28faaa9414b3d262567a188b012797e56718e,,RS232-T600,RS232-T600\RS232-T600\src\u_xmit.v,Trojan,TrustHub_verified_variant,1,trusthub_constructed_documented,High,Denial of Service,Dead Machine,Stuck-at Fault,TrustHub RS232 Benchmark
199fed55a920b789485b58b811c174c2515542dceac851f8ace4246f755396cc,,RS232-T700,RS232-T700\RS232-T700\src\u_xmit.v,Trojan,TrustHub_verified_variant,1,trusthub_constructed_documented,High,Functional Modification,Dead Machine,Stuck-at Fault,TrustHub RS232 Benchmark; CODES+ISSS 2017 TrustHub Benchmark Table
3889e690ebd30e78bff31df538394941db09cb73adb781d352a100d617b245ef,,RS232-T800,RS232-T800\RS232-T800\src\u_rec.v,Trojan,TrustHub_verified_variant,1,trusthub_constructed_documented,High,Reliability,Cheat Code,Reliability Issue,TrustHub RS232 Benchmark; CODES+ISSS 2017 TrustHub Benchmark Table
f65b8c09f6eb931f74bdbff7c72dd04c555d91449dd0de1426fa2d6f275923a2,,RS232-T800,RS232-T800\RS232-T800\src\u_xmit.v,Trojan,TrustHub_verified_variant,1,trusthub_constructed_documented,High,Reliability,Cheat Code,Reliability Issue,TrustHub RS232 Benchmark; CODES+ISSS 2017 TrustHub Benchmark Table
3bb97e87ee79dbcda1c5929c0f99b55b92e2f44513f9a183da3c759dd98814bd,,RS232-T800,RS232-T800\RS232-T800\src\uart.v,Trojan,TrustHub_verified_variant,1,trusthub_constructed_documented,High,Reliability,Cheat Code,Reliability Issue,TrustHub RS232 Benchmark; CODES+ISSS 2017 TrustHub Benchmark Table
fdd64172218940bacb7e4a13915aa09758c24388e601af8a295e3a2c5b413957,,RS232-T900,RS232-T900\RS232-T900\src\u_rec.v,Trojan,TrustHub_verified_variant,1,trusthub_constructed_documented,High,Reliability,Dead Machine,Reliability Issue,TrustHub RS232 Benchmark; CODES+ISSS 2017 TrustHub Benchmark Table
7a29517baaaa81f207bd0cc3a1e82d941033f4a9ff51227ac97709df5ce0de4e,,RS232-T900,RS232-T900\RS232-T900\src\u_xmit.v,Trojan,TrustHub_verified_variant,1,trusthub_constructed_documented,High,Reliability,Dead Machine,Reliability Issue,TrustHub RS232 Benchmark; CODES+ISSS 2017 TrustHub Benchmark Table
5dc633e052d42bec239ef23b1e3f68249a559a3676a509d4265f79a5d9108abf,,RS232-T900,RS232-T900\RS232-T900\src\uart.v,Trojan,TrustHub_verified_variant,1,trusthub_constructed_documented,High,Reliability,Dead Machine,Reliability Issue,TrustHub RS232 Benchmark; CODES+ISSS 2017 TrustHub Benchmark Table
018ad8a8a27fcd25cbc19875a4f0f4ea56f0ddc71d5614bd687721fd1bf6034e,,RS232-T901,RS232-T901\RS232-T901\src\u_rec.v,Trojan,TrustHub_verified_variant,1,trusthub_constructed_documented,High,Reliability,Cheat Code,Reliability Issue,TrustHub RS232 Benchmark; CODES+ISSS 2017 TrustHub Benchmark Table
116ed16aa54234365aad3abb9603b2cd59e052502999a3eb050b6c1fbbe47b85,,RS232-T901,RS232-T901\RS232-T901\src\u_xmit.v,Trojan,TrustHub_verified_variant,1,trusthub_constructed_documented,High,Reliability,Cheat Code,Reliability Issue,TrustHub RS232 Benchmark; CODES+ISSS 2017 TrustHub Benchmark Table
1f1cbc761ce2303de89bbc35b1177078174eea63f57aa80b24e638709eb8b993,,RS232-T901,RS232-T901\RS232-T901\src\uart.v,Trojan,TrustHub_verified_variant,1,trusthub_constructed_documented,High,Reliability,Cheat Code,Reliability Issue,TrustHub RS232 Benchmark; CODES+ISSS 2017 TrustHub Benchmark Table
6a62018294e0a346b498011dd48848b1451b0976bd71c3f9db771cb14a840a6e,,s15850-T100,s15850-T100\s15850-T100\src\TjFree\s15850_scan.v,Trojan,TrustHub_verified_variant,1,trusthub_constructed_documented,High,Denial of Service,Comparator,Functional Modification,TrustHub Benchmark; HaTCh Framework; JETTA 2024
e72c56e973a2105c5e73b6a3d21b1adf29214f34374a69bacf7f3540787ce7b2,,s15850-T100,s15850-T100\s15850-T100\src\TjIn\s15850_scan.v,Trojan,TrustHub_verified_variant,1,trusthub_constructed_documented,High,Denial of Service,Comparator,Functional Modification,TrustHub Benchmark; HaTCh Framework; JETTA 2024
727060c9d612280248169634db0a2865f3cc24c18488c7449c2bc6d34aebc472,,s35932-T100,s35932-T100\s35932-T100\src\TjFree\s35932_scan.v,Trojan,TrustHub_verified_variant,1,trusthub_constructed_documented,High,Information Leakage,Comparator,Information Leakage,TrustHub Benchmark; CMSY8; JETTA 2024
44637124458ba5060a38ff9696c266449686fed9353ad8b1fbc7ba11f7dbbdbf,,s35932-T100,s35932-T100\s35932-T100\src\TjIn\s35932_scan.v,Trojan,TrustHub_verified_variant,1,trusthub_constructed_documented,High,Information Leakage,Comparator,Information Leakage,TrustHub Benchmark; CMSY8; JETTA 2024
8f170b9d3407810f4d30a8f2fdb5ea119c769a151109958b96e4d0424ae1ee00,,s35932-T200,s35932-T200\s35932-T200\src\TjIn\s35932_scan.v,Trojan,TrustHub_verified_variant,1,trusthub_constructed_documented,High,Denial of Service,Comparator,Functional Modification,TrustHub Benchmark; JETTA 2024
233fe6dd3a0a854efce7e5f5e0d3de060ee99d954d29ec1a4e953f49fb640a9d,,s35932-T300,s35932-T300\s35932-T300\src\TjIn\s35932_scan.v,Trojan,TrustHub_verified_variant,1,trusthub_constructed_documented,High,Performance Degradation,Comparator,Denial of Service,TrustHub Benchmark; JETTA 2024
c98fecfbc42be4469ed25630c7430cf8ce2b1afb5bbdac3c5673f607a3af7749,,s38417-T100,s38417-T100\s38417-T100\src\TjFree\s38417_scan.v,Trojan,TrustHub_verified_variant,1,trusthub_constructed_documented,High,Denial of Service,Comparator,Internal Signal Hijacking,CMSY8; TrustHub Benchmark
f8b1d1e6b217e0ecc12d369001c3853e0266cc53f22d0200bbafc04d8d3f16fd,,s38417-T100,s38417-T100\s38417-T100\src\TjIn\s38417_scan.v,Trojan,TrustHub_verified_variant,1,trusthub_constructed_documented,High,Denial of Service,Comparator,Internal Signal Hijacking,CMSY8; TrustHub Benchmark
606b825b89f081c33d392ff0b8854092301a7686636c9574aefc8d5a5eaf2d1f,,s38417-T200,s38417-T200\s38417-T200\src\TjIn\s38417_scan.v,Trojan,TrustHub_verified_variant,1,trusthub_constructed_documented,High,Denial of Service,Comparator,Erroneous Signal Propagation,CMSY8; TrustHub Benchmark
defe210a8951eefbb918a4a96f8a2d06a5a6a6360e973fbac7e62205dd627246,,s38417-T300,s38417-T300\s38417-T300\src\TjIn\s38417_scan.v,Trojan,TrustHub_verified_variant,1,trusthub_constructed_documented,High,Information Leakage,Comparator,Ring Oscillator Side Channel,CMSY8; TrustHub Benchmark
1ea8fc44996ce9ac68b0f909995675dfb5783ee1b809fad94b2cfc61a95906fe,,s38584-T100,s38584-T100\s38584-T100\src\TjFree\s38584_scan.v,Trojan,TrustHub_verified_variant,1,trusthub_constructed_documented,High,Denial of Service,Comparator,Functional Modification,TrustHub Benchmark; HaTCh Framework
f03a82940da9ea99bee4a0cd0f0ce0f4b52bf5c52efee0e7db4e1831b6307698,,s38584-T100,s38584-T100\s38584-T100\src\TjIn\s38584_scan.v,Trojan,TrustHub_verified_variant,1,trusthub_constructed_documented,High,Denial of Service,Comparator,Functional Modification,TrustHub Benchmark; HaTCh Framework
a5decc4850a3d837ba47601a6343cd813f32546e0678572390570740955bf94f,,s38584-T200,s38584-T200\s38584-T200\src\TjIn\s38584_scan.v,Trojan,TrustHub_verified_variant,1,trusthub_constructed_documented,High,Information Leakage,Comparator,Information Leakage,TrustHub Benchmark; HaTCh Framework
4defe52343b3ad7dea8cdbfd59d0e0e9258093c2cdbade92ee9fd9c1168eb796,,s38584-T300,s38584-T300\s38584-T300\src\TjIn\s38584_scan.v,Trojan,TrustHub_verified_variant,1,trusthub_constructed_documented,High,Information Leakage,Comparator,Information Leakage,TrustHub Benchmark; HaTCh Framework
01d2d61641628dc9ae48e3f86c3df6aa982c6fba8d2f431c8ba8a95929b6a36b,,TRIT-TC,TRIT-TC\TRIT-TC\c2670_T000\c2670_T000.v,Clean,TrustHub_verified_variant,1,trusthub_constructed_documented,High,None,None,None,TrustHub TRIT Benchmark
6dd84ad9ff2e18f1d86e0e52f9cc88600ff75ef752dbe1c49aec010a36b3ee5f,,TRIT-TC,TRIT-TC\TRIT-TC\c2670_T001\c2670_T001.v,Clean,TrustHub_verified_variant,1,trusthub_constructed_documented,High,None,None,None,TrustHub TRIT Benchmark
2b481af350d53d18af2bca134346689b204cf5b61b378d188d18ab5086e1da90,,TRIT-TC,TRIT-TC\TRIT-TC\c2670_T002\c2670_T002.v,Clean,TrustHub_verified_variant,1,trusthub_constructed_documented,High,None,None,None,TrustHub TRIT Benchmark
5f9524dcbbc335dba9aa2799b66cc912ce7b3f62b0c86e47c606aedacf2f1d1c,,TRIT-TC,TRIT-TC\TRIT-TC\c2670_T003\c2670_T003.v,Clean,TrustHub_verified_variant,1,trusthub_constructed_documented,High,None,None,None,TrustHub TRIT Benchmark
5e187de6d347cdfe12fba68bba15272f37fe7c34dd399a6ff5b62f1dd8600422,,TRIT-TC,TRIT-TC\TRIT-TC\c2670_T004\c2670_T004.v,Clean,TrustHub_verified_variant,1,trusthub_constructed_documented,High,None,None,None,TrustHub TRIT Benchmark
2a9097b2939a6ce861c9379cf95a44b0ba7ace35fd904778daebca019c0ffdf7,,TRIT-TC,TRIT-TC\TRIT-TC\c2670_T005\c2670_T005.v,Clean,TrustHub_verified_variant,1,trusthub_constructed_documented,High,None,None,None,TrustHub TRIT Benchmark
04012f86f61aa35881e5a1b99799585486cfb6aa1bd42794c275aa211e0804be,,TRIT-TC,TRIT-TC\TRIT-TC\c2670_T006\c2670_T006.v,Clean,TrustHub_verified_variant,1,trusthub_constructed_documented,High,None,None,None,TrustHub TRIT Benchmark
eb3eed99bd6081442fa12e63017e292a5c3a5c919373fc3ad53e7d77aa661a47,,TRIT-TC,TRIT-TC\TRIT-TC\c2670_T007\c2670_T007.v,Clean,TrustHub_verified_variant,1,trusthub_constructed_documented,High,None,None,None,TrustHub TRIT Benchmark
957c9e54097627a71e8f30acb1da1f67cb768a1147a8ce0074ba5af6a39229f9,,TRIT-TC,TRIT-TC\TRIT-TC\c2670_T008\c2670_T008.v,Clean,TrustHub_verified_variant,1,trusthub_constructed_documented,High,None,None,None,TrustHub TRIT Benchmark
9c132a2473b15ebf11c887e52c0617ebf5094af4556f254b7c9bc93ba001c41f,,TRIT-TC,TRIT-TC\TRIT-TC\c2670_T009\c2670_T009.v,Clean,TrustHub_verified_variant,1,trusthub_constructed_documented,High,None,None,None,TrustHub TRIT Benchmark
bed1ce7c3e5a3e6b8194f2334b29ed430499adc748bc7c6dad19de9512c2981d,,TRIT-TC,TRIT-TC\TRIT-TC\c2670_T010\c2670_T010.v,Clean,TrustHub_verified_variant,1,trusthub_constructed_documented,High,None,None,None,TrustHub TRIT Benchmark
8ca47cac952aaa748cbf8cd5ec8521db21c3b979a049f8950622eaa8a33554d1,,TRIT-TC,TRIT-TC\TRIT-TC\c2670_T011\c2670_T011.v,Clean,TrustHub_verified_variant,1,trusthub_constructed_documented,High,None,None,None,TrustHub TRIT Benchmark
a0330a74e3f8a8b708ca95983de32e9af4cd571610fc32736b17b1410466e258,,TRIT-TC,TRIT-TC\TRIT-TC\c2670_T012\c2670_T012.v,Clean,TrustHub_verified_variant,1,trusthub_constructed_documented,High,None,None,None,TrustHub TRIT Benchmark
dc01eb9f5caae34c92af5d9146cf88255143cc60afd0324a34ecbe09a817ee50,,TRIT-TC,TRIT-TC\TRIT-TC\c2670_T013\c2670_T013.v,Clean,TrustHub_verified_variant,1,trusthub_constructed_documented,High,None,None,None,TrustHub TRIT Benchmark
ae6b913652330b1f4e51196117496ea3586237addaebeffe1a1779c8edd9e6f9,,TRIT-TC,TRIT-TC\TRIT-TC\c2670_T014\c2670_T014.v,Clean,TrustHub_verified_variant,1,trusthub_constructed_documented,High,None,None,None,TrustHub TRIT Benchmark
b9edb1c1487f25b43a1bc2be6b2425fe2f1a562751c2facad9731f2b1956fe15,,TRIT-TC,TRIT-TC\TRIT-TC\c2670_T015\c2670_T015.v,Clean,TrustHub_verified_variant,1,trusthub_constructed_documented,High,None,None,None,TrustHub TRIT Benchmark
e582770e25db625871299e7ec7b81b8ab167dafa4fcdbaccff92ece3241fc8ba,,TRIT-TC,TRIT-TC\TRIT-TC\c2670_T016\c2670_T016.v,Clean,TrustHub_verified_variant,1,trusthub_constructed_documented,High,None,None,None,TrustHub TRIT Benchmark
fbcba2973dbe1f1cdd19eba8dfdb2934336978fd397aed0a07d6ecd1e9da6527,,TRIT-TC,TRIT-TC\TRIT-TC\c2670_T017\c2670_T017.v,Clean,TrustHub_verified_variant,1,trusthub_constructed_documented,High,None,None,None,TrustHub TRIT Benchmark
fe9b1c2372cee4fd6e5399675f2a72b9a67741ffd04adc15f6fcedf2367f9daf,,TRIT-TC,TRIT-TC\TRIT-TC\c2670_T018\c2670_T018.v,Clean,TrustHub_verified_variant,1,trusthub_constructed_documented,High,None,None,None,TrustHub TRIT Benchmark
2e23fd14332ddd153ab2822e762908f6e8c1d9252e8f10d0eb23f90938068cdb,,TRIT-TC,TRIT-TC\TRIT-TC\c2670_T019\c2670_T019.v,Clean,TrustHub_verified_variant,1,trusthub_constructed_documented,High,None,None,None,TrustHub TRIT Benchmark
c23ce0e14b84fbe2be6fb980d0d628ac13da7672b98567bd48f91d24f5b97478,,TRIT-TC,TRIT-TC\TRIT-TC\c2670_T020\c2670_T020.v,Clean,TrustHub_verified_variant,1,trusthub_constructed_documented,High,None,None,None,TrustHub TRIT Benchmark
363870bd6047de745b59f1a8e83baabaf6d9a4e0f4e9697efd6bddbb8f195c79,,TRIT-TC,TRIT-TC\TRIT-TC\c2670_T021\c2670_T021.v,Clean,TrustHub_verified_variant,1,trusthub_constructed_documented,High,None,None,None,TrustHub TRIT Benchmark
134cf8ec6f8d9eb8964e2c133312b1a07e8abe5871788abd291126ed33848241,,TRIT-TC,TRIT-TC\TRIT-TC\c2670_T022\c2670_T022.v,Clean,TrustHub_verified_variant,1,trusthub_constructed_documented,High,None,None,None,TrustHub TRIT Benchmark
cd7998c98791a909412512dd9c0736bf16bb1b2d5837721ff2ab2ced8cae0d46,,TRIT-TC,TRIT-TC\TRIT-TC\c2670_T023\c2670_T023.v,Clean,TrustHub_verified_variant,1,trusthub_constructed_documented,High,None,None,None,TrustHub TRIT Benchmark
bf89f067b57cb8fd42615e8b60f03df3ec4891bb611ed0011cb17017f53550ce,,TRIT-TC,TRIT-TC\TRIT-TC\c2670_T024\c2670_T024.v,Clean,TrustHub_verified_variant,1,trusthub_constructed_documented,High,None,None,None,TrustHub TRIT Benchmark
cc6b7063eace35c609d03d00b0ecb5eb4dcac7f9d45a8556f992079e85d2ad8f,,TRIT-TC,TRIT-TC\TRIT-TC\c2670_T025\c2670_T025.v,Clean,TrustHub_verified_variant,1,trusthub_constructed_documented,High,None,None,None,TrustHub TRIT Benchmark
6b272eba64b460764c1c552e3f2602387a7a2a0a76552e1008e78b66ba9e5cdf,,TRIT-TC,TRIT-TC\TRIT-TC\c2670_T026\c2670_T026.v,Clean,TrustHub_verified_variant,1,trusthub_constructed_documented,High,None,None,None,TrustHub TRIT Benchmark
115c8bd275b999d8c8d6ff545454e49e111246c621854c49992bbc00f9584fab,,TRIT-TC,TRIT-TC\TRIT-TC\c2670_T027\c2670_T027.v,Clean,TrustHub_verified_variant,1,trusthub_constructed_documented,High,None,None,None,TrustHub TRIT Benchmark
6798390ee9be5108177d9c3addb9cd81c495f39cbefcc8ab5d9e75d1f575b542,,TRIT-TC,TRIT-TC\TRIT-TC\c2670_T028\c2670_T028.v,Clean,TrustHub_verified_variant,1,trusthub_constructed_documented,High,None,None,None,TrustHub TRIT Benchmark
6b65a85e4590a9a761b30c45f49a1a81e4c8d75a6a3f35867a3d725f8a18cdae,,TRIT-TC,TRIT-TC\TRIT-TC\c2670_T029\c2670_T029.v,Clean,TrustHub_verified_variant,1,trusthub_constructed_documented,High,None,None,None,TrustHub TRIT Benchmark
b9b7c88edcd96d470d44919385baf4e051806703968f41c01d92110fe1f326a4,,TRIT-TC,TRIT-TC\TRIT-TC\c2670_T030\c2670_T030.v,Clean,TrustHub_verified_variant,1,trusthub_constructed_documented,High,None,None,None,TrustHub TRIT Benchmark
4067fa517008ac6a997c55f41f20a8a4ddee55592d80779deb41310066751d7c,,TRIT-TC,TRIT-TC\TRIT-TC\c2670_T031\c2670_T031.v,Clean,TrustHub_verified_variant,1,trusthub_constructed_documented,High,None,None,None,TrustHub TRIT Benchmark
2d447267611174af9932da665295c937eaa41974df396f8ca9a5eefa1af95c77,,TRIT-TC,TRIT-TC\TRIT-TC\c2670_T032\c2670_T032.v,Clean,TrustHub_verified_variant,1,trusthub_constructed_documented,High,None,None,None,TrustHub TRIT Benchmark
95e999fc350ddbf5ca66d42a5116afd96fb59141e0389217c1c97558a1a68fbb,,TRIT-TC,TRIT-TC\TRIT-TC\c2670_T033\c2670_T033.v,Clean,TrustHub_verified_variant,1,trusthub_constructed_documented,High,None,None,None,TrustHub TRIT Benchmark
665424f397e1fe1b876afce24e21587091d8c7bd8cb98a5d4fee553a0a088a92,,TRIT-TC,TRIT-TC\TRIT-TC\c2670_T034\c2670_T034.v,Clean,TrustHub_verified_variant,1,trusthub_constructed_documented,High,None,None,None,TrustHub TRIT Benchmark
92eee6c213523b96cc56d56f8348fc66e808b946e8ce6aeaef1c8528faeb5180,,TRIT-TC,TRIT-TC\TRIT-TC\c2670_T035\c2670_T035.v,Clean,TrustHub_verified_variant,1,trusthub_constructed_documented,High,None,None,None,TrustHub TRIT Benchmark
05bb8110e1f4d2feb58797079c774fbfbba517dab6226ed9b632a029156e3881,,TRIT-TC,TRIT-TC\TRIT-TC\c2670_T036\c2670_T036.v,Clean,TrustHub_verified_variant,1,trusthub_constructed_documented,High,None,None,None,TrustHub TRIT Benchmark
763b227e41042fcec1a3c7df6a090c050bc502d083da6e8934f16f419417cdb4,,TRIT-TC,TRIT-TC\TRIT-TC\c2670_T037\c2670_T037.v,Clean,TrustHub_verified_variant,1,trusthub_constructed_documented,High,None,None,None,TrustHub TRIT Benchmark
d4aa92a975d88e069561e34f3d92fb5304e179b17bcb574e1e5d18875c6690d7,,TRIT-TC,TRIT-TC\TRIT-TC\c2670_T038\c2670_T038.v,Clean,TrustHub_verified_variant,1,trusthub_constructed_documented,High,None,None,None,TrustHub TRIT Benchmark
223435e02c04b5c45d874981e8bd2828c92dde2e1dbbd4bef47fd33e92c718f0,,TRIT-TC,TRIT-TC\TRIT-TC\c2670_T039\c2670_T039.v,Clean,TrustHub_verified_variant,1,trusthub_constructed_documented,High,None,None,None,TrustHub TRIT Benchmark
901172700b2b873a9dc01080026326684cce15d4efaf8af62a8bbead883c9983,,TRIT-TC,TRIT-TC\TRIT-TC\c2670_T040\c2670_T040.v,Clean,TrustHub_verified_variant,1,trusthub_constructed_documented,High,None,None,None,TrustHub TRIT Benchmark
e8ffaa2ca6a5c5de2b14d734016120955c993b9aabdbf8a0164f0490c33dee6c,,TRIT-TC,TRIT-TC\TRIT-TC\c2670_T041\c2670_T041.v,Clean,TrustHub_verified_variant,1,trusthub_constructed_documented,High,None,None,None,TrustHub TRIT Benchmark
b2b08367c4f241482ae0ef8a27c162da442a0f224af3bccbe5eab999dcaf4d1a,,TRIT-TC,TRIT-TC\TRIT-TC\c2670_T042\c2670_T042.v,Clean,TrustHub_verified_variant,1,trusthub_constructed_documented,High,None,None,None,TrustHub TRIT Benchmark
3326342ee6d8c402ff82887643f03243282fefde2ed6d0b6c63496519b91e178,,TRIT-TC,TRIT-TC\TRIT-TC\c2670_T043\c2670_T043.v,Clean,TrustHub_verified_variant,1,trusthub_constructed_documented,High,None,None,None,TrustHub TRIT Benchmark
30865098e12fd08b577923987115a5937d43239bed50e8eab223a794b4e924f4,,TRIT-TC,TRIT-TC\TRIT-TC\c2670_T044\c2670_T044.v,Clean,TrustHub_verified_variant,1,trusthub_constructed_documented,High,None,None,None,TrustHub TRIT Benchmark
fdb803ccb289445b06fac8f06171adf0461603c84cd476d8d96616c978031306,,TRIT-TC,TRIT-TC\TRIT-TC\c2670_T045\c2670_T045.v,Clean,TrustHub_verified_variant,1,trusthub_constructed_documented,High,None,None,None,TrustHub TRIT Benchmark
7de7aa71e4110e3ae4dd7427a75103b4bb07100587bed3303ddb2b0007c9c9f5,,TRIT-TC,TRIT-TC\TRIT-TC\c2670_T046\c2670_T046.v,Clean,TrustHub_verified_variant,1,trusthub_constructed_documented,High,None,None,None,TrustHub TRIT Benchmark
ed9df572be8b27b5e7d56993d35843c5a34613179c85ac11a8f0f3b8d2f247c3,,TRIT-TC,TRIT-TC\TRIT-TC\c2670_T047\c2670_T047.v,Clean,TrustHub_verified_variant,1,trusthub_constructed_documented,High,None,None,None,TrustHub TRIT Benchmark
6f3ed95f9fb9cc9ddb1b9b8ce2d0019e12595faa5aedd3f142548c72b698631f,,TRIT-TC,TRIT-TC\TRIT-TC\c2670_T048\c2670_T048.v,Clean,TrustHub_verified_variant,1,trusthub_constructed_documented,High,None,None,None,TrustHub TRIT Benchmark
4b133dbfd6d89b6d51b3b52192390c35c127c83f06ee40061edff8b17ff21656,,TRIT-TC,TRIT-TC\TRIT-TC\c2670_T049\c2670_T049.v,Clean,TrustHub_verified_variant,1,trusthub_constructed_documented,High,None,None,None,TrustHub TRIT Benchmark
3d70a29d1575c79dd6e96b643ef0f99280f622ebec02dfd82f96db7e356b2a8a,,TRIT-TC,TRIT-TC\TRIT-TC\c2670_T050\c2670_T050.v,Clean,TrustHub_verified_variant,1,trusthub_constructed_documented,High,None,None,None,TrustHub TRIT Benchmark
f8cc597feace9a3ee5029b3ec8375c21264aef79d125f3ecf555bc30a30db9f6,,TRIT-TC,TRIT-TC\TRIT-TC\c2670_T051\c2670_T051.v,Clean,TrustHub_verified_variant,1,trusthub_constructed_documented,High,None,None,None,TrustHub TRIT Benchmark
8200b9864bd354bad4567b151d68289b4444594d9ec22f64c8b8401530a35b6c,,TRIT-TC,TRIT-TC\TRIT-TC\c2670_T052\c2670_T052.v,Clean,TrustHub_verified_variant,1,trusthub_constructed_documented,High,None,None,None,TrustHub TRIT Benchmark
8404e39392df1b058db5ce7c8f5beba22f26d6d9a86632927d448d33849ebee4,,TRIT-TC,TRIT-TC\TRIT-TC\c2670_T053\c2670_T053.v,Clean,TrustHub_verified_variant,1,trusthub_constructed_documented,High,None,None,None,TrustHub TRIT Benchmark
eeb03e8383177b68d86e518a015f5b4bd8e3d5a8261e3074a288640d7ded55ad,,TRIT-TC,TRIT-TC\TRIT-TC\c2670_T054\c2670_T054.v,Clean,TrustHub_verified_variant,1,trusthub_constructed_documented,High,None,None,None,TrustHub TRIT Benchmark
f4cdde87632b9ab70453d8c0e42f7f9c82e0f728acd622a68065967cc8ae6dce,,TRIT-TC,TRIT-TC\TRIT-TC\c2670_T055\c2670_T055.v,Clean,TrustHub_verified_variant,1,trusthub_constructed_documented,High,None,None,None,TrustHub TRIT Benchmark
366aef68a014efdbb7ede841f3d8942f3e082f700c045cf0a083e42af60a09f5,,TRIT-TC,TRIT-TC\TRIT-TC\c2670_T056\c2670_T056.v,Clean,TrustHub_verified_variant,1,trusthub_constructed_documented,High,None,None,None,TrustHub TRIT Benchmark
7fa2933509bc808bf103f90c4edab4f5f037333b3e6673e2715ffc1c02afeb23,,TRIT-TC,TRIT-TC\TRIT-TC\c2670_T057\c2670_T057.v,Clean,TrustHub_verified_variant,1,trusthub_constructed_documented,High,None,None,None,TrustHub TRIT Benchmark
ee1f39d2a3441ea154972bedf6327dca08f1de89df0e9f1ac63bb19990fa3160,,TRIT-TC,TRIT-TC\TRIT-TC\c2670_T058\c2670_T058.v,Clean,TrustHub_verified_variant,1,trusthub_constructed_documented,High,None,None,None,TrustHub TRIT Benchmark
cd7b37a0f60d07021cf65ed9dfaab94a96115ca34ed781d79e852de4def7f81b,,TRIT-TC,TRIT-TC\TRIT-TC\c2670_T059\c2670_T059.v,Clean,TrustHub_verified_variant,1,trusthub_constructed_documented,High,None,None,None,TrustHub TRIT Benchmark
a1eea2b731481b02be781255372561876dcab954bf551b669b6a7e48a5c4c20b,,TRIT-TC,TRIT-TC\TRIT-TC\c2670_T060\c2670_T060.v,Clean,TrustHub_verified_variant,1,trusthub_constructed_documented,High,None,None,None,TrustHub TRIT Benchmark
c3184c88c515fa4863dca962ff26434549f1d7600efc640a3508b6d3439f1600,,TRIT-TC,TRIT-TC\TRIT-TC\c2670_T061\c2670_T061.v,Clean,TrustHub_verified_variant,1,trusthub_constructed_documented,High,None,None,None,TrustHub TRIT Benchmark
b9953d4b62bd2c0124e972182036f31b04df852db09da8745cf9f86898506d2f,,TRIT-TC,TRIT-TC\TRIT-TC\c2670_T062\c2670_T062.v,Clean,TrustHub_verified_variant,1,trusthub_constructed_documented,High,None,None,None,TrustHub TRIT Benchmark
9e163c5027a61aa18cecf050a898a9f575ceb0d16eb92bb00652826479739857,,TRIT-TC,TRIT-TC\TRIT-TC\c2670_T063\c2670_T063.v,Clean,TrustHub_verified_variant,1,trusthub_constructed_documented,High,None,None,None,TrustHub TRIT Benchmark
6b39eb9ac743f7bcdf2312ca20459917f212e0eaa30fbf58b2b314b7349a249f,,TRIT-TC,TRIT-TC\TRIT-TC\c2670_T064\c2670_T064.v,Clean,TrustHub_verified_variant,1,trusthub_constructed_documented,High,None,None,None,TrustHub TRIT Benchmark
65632532421f0029be9ad167d3137555bc78e6b6f4c02e7174ccfd45781eb7ce,,TRIT-TC,TRIT-TC\TRIT-TC\c2670_T065\c2670_T065.v,Clean,TrustHub_verified_variant,1,trusthub_constructed_documented,High,None,None,None,TrustHub TRIT Benchmark
18de11db393850b9e4744a5422d1d6bbc49caf95024347bbe9a4779c64958704,,TRIT-TC,TRIT-TC\TRIT-TC\c2670_T066\c2670_T066.v,Clean,TrustHub_verified_variant,1,trusthub_constructed_documented,High,None,None,None,TrustHub TRIT Benchmark
8c4e1b926e51b3bc20cf5e102c9eb16ddc09a7eaa69bfca217cf27be5fa9b22f,,TRIT-TC,TRIT-TC\TRIT-TC\c2670_T067\c2670_T067.v,Clean,TrustHub_verified_variant,1,trusthub_constructed_documented,High,None,None,None,TrustHub TRIT Benchmark
26619763c957ebf795cf5889364f15070414b5f75136676b18595c328cd0356b,,TRIT-TC,TRIT-TC\TRIT-TC\c2670_T068\c2670_T068.v,Clean,TrustHub_verified_variant,1,trusthub_constructed_documented,High,None,None,None,TrustHub TRIT Benchmark
d56225e3105675a48c198507a3b7a77ba04d3f701fddfd52b5a0a71be420710d,,TRIT-TC,TRIT-TC\TRIT-TC\c2670_T069\c2670_T069.v,Clean,TrustHub_verified_variant,1,trusthub_constructed_documented,High,None,None,None,TrustHub TRIT Benchmark
6950a85c4eb0c9fa3172e54922a935b3632b20f7011f1913ee557427d52ac84c,,TRIT-TC,TRIT-TC\TRIT-TC\c2670_T070\c2670_T070.v,Clean,TrustHub_verified_variant,1,trusthub_constructed_documented,High,None,None,None,TrustHub TRIT Benchmark
2072eaad5d3bc8d45b578dd9d28fd9a613f365ba15efc35eb807b6a4579bff75,,TRIT-TC,TRIT-TC\TRIT-TC\c2670_T071\c2670_T071.v,Clean,TrustHub_verified_variant,1,trusthub_constructed_documented,High,None,None,None,TrustHub TRIT Benchmark
c5b45da66b44aa19285328c69d8a158e9dfa4184c0f74267d411eaec78247b0a,,TRIT-TC,TRIT-TC\TRIT-TC\c2670_T072\c2670_T072.v,Clean,TrustHub_verified_variant,1,trusthub_constructed_documented,High,None,None,None,TrustHub TRIT Benchmark
87657887c8edbe2a2211c236516542acfe776aa6b0b9a7e4d6353b0ca48fefb8,,TRIT-TC,TRIT-TC\TRIT-TC\c2670_T073\c2670_T073.v,Clean,TrustHub_verified_variant,1,trusthub_constructed_documented,High,None,None,None,TrustHub TRIT Benchmark
c38bfadea23f2bd27aa4e0dfa906aae4cf2fc88f5b88f8a155b6486033d36690,,TRIT-TC,TRIT-TC\TRIT-TC\c2670_T074\c2670_T074.v,Clean,TrustHub_verified_variant,1,trusthub_constructed_documented,High,None,None,None,TrustHub TRIT Benchmark
2b3e9d21a438957099d16ea0bc45fa486a6921ba5cc24bb927897b065dd4046d,,TRIT-TC,TRIT-TC\TRIT-TC\c2670_T075\c2670_T075.v,Clean,TrustHub_verified_variant,1,trusthub_constructed_documented,High,None,None,None,TrustHub TRIT Benchmark
4a8aa80eccf9b8e42423276807420e676a9f521a914acdd005827eaa4df8a0fe,,TRIT-TC,TRIT-TC\TRIT-TC\c2670_T076\c2670_T076.v,Clean,TrustHub_verified_variant,1,trusthub_constructed_documented,High,None,None,None,TrustHub TRIT Benchmark
a23080b2338a5a836fe86e8b9aecbcc94c37787c8cb91ffb8251c5d17f184d4e,,TRIT-TC,TRIT-TC\TRIT-TC\c2670_T077\c2670_T077.v,Clean,TrustHub_verified_variant,1,trusthub_constructed_documented,High,None,None,None,TrustHub TRIT Benchmark
3ca3e0e04f775de4c669c7b04873c7a25ebf128cebb12459d409b75940979738,,TRIT-TC,TRIT-TC\TRIT-TC\c2670_T078\c2670_T078.v,Clean,TrustHub_verified_variant,1,trusthub_constructed_documented,High,None,None,None,TrustHub TRIT Benchmark
f9b3d52fc678cf75bb1230e6e631defbdac4f8670cdadcefb2416040e06ff362,,TRIT-TC,TRIT-TC\TRIT-TC\c2670_T079\c2670_T079.v,Clean,TrustHub_verified_variant,1,trusthub_constructed_documented,High,None,None,None,TrustHub TRIT Benchmark
0229b96218570cb0847b0122c6f21ebd07f2c0043b99b4244a4b4b6159c09a8d,,TRIT-TC,TRIT-TC\TRIT-TC\c2670_T080\c2670_T080.v,Clean,TrustHub_verified_variant,1,trusthub_constructed_documented,High,None,None,None,TrustHub TRIT Benchmark
f95b5fcfd9abeeb50f866cbf51f27539a6ce6b1dc2e463b6664a3b59211cc245,,TRIT-TC,TRIT-TC\TRIT-TC\c2670_T081\c2670_T081.v,Clean,TrustHub_verified_variant,1,trusthub_constructed_documented,High,None,None,None,TrustHub TRIT Benchmark
d6220d8ee2c5b9f14476953ef13aa0af943e8eb564a5cbe6d1758756508af983,,TRIT-TC,TRIT-TC\TRIT-TC\c2670_T082\c2670_T082.v,Clean,TrustHub_verified_variant,1,trusthub_constructed_documented,High,None,None,None,TrustHub TRIT Benchmark
9da79da5005e03b42e8690559ba1ab2e3432740fb857667e484776777108c674,,TRIT-TC,TRIT-TC\TRIT-TC\c2670_T083\c2670_T083.v,Clean,TrustHub_verified_variant,1,trusthub_constructed_documented,High,None,None,None,TrustHub TRIT Benchmark
7588ec9037653b1afb80d050198ec7d92fde53900496995de0ded9faca4282ac,,TRIT-TC,TRIT-TC\TRIT-TC\c2670_T084\c2670_T084.v,Clean,TrustHub_verified_variant,1,trusthub_constructed_documented,High,None,None,None,TrustHub TRIT Benchmark
91c6dfb18989310be64091b7d68dc4fceff83bfa82a0e8b6e5047dc4a25923b7,,TRIT-TC,TRIT-TC\TRIT-TC\c2670_T085\c2670_T085.v,Clean,TrustHub_verified_variant,1,trusthub_constructed_documented,High,None,None,None,TrustHub TRIT Benchmark
b40f1d5a62d5addb24746ac8944b955cded9a41a7e1fc2020974e6f09b6634c7,,TRIT-TC,TRIT-TC\TRIT-TC\c2670_T086\c2670_T086.v,Clean,TrustHub_verified_variant,1,trusthub_constructed_documented,High,None,None,None,TrustHub TRIT Benchmark
dd231c48854b548e372c0bc6c26c484020647f04a5259c8e8189f54e5b121d27,,TRIT-TC,TRIT-TC\TRIT-TC\c2670_T087\c2670_T087.v,Clean,TrustHub_verified_variant,1,trusthub_constructed_documented,High,None,None,None,TrustHub TRIT Benchmark
6b0af68b3221bc59eabcc7e00660da049919e560dc0008b32f1214f7c6aa86dc,,TRIT-TC,TRIT-TC\TRIT-TC\c2670_T088\c2670_T088.v,Clean,TrustHub_verified_variant,1,trusthub_constructed_documented,High,None,None,None,TrustHub TRIT Benchmark
d509cd3354501b4ad344c00cc308c4572cd29e227cad4ee0b8fc465a8dbc2f4b,,TRIT-TC,TRIT-TC\TRIT-TC\c2670_T089\c2670_T089.v,Clean,TrustHub_verified_variant,1,trusthub_constructed_documented,High,None,None,None,TrustHub TRIT Benchmark
4155ee168fa6f0f0c4f4a8b9fdff3cd5de3e93d5e38f7d3bac0b685256e88d5f,,TRIT-TC,TRIT-TC\TRIT-TC\c2670_T090\c2670_T090.v,Clean,TrustHub_verified_variant,1,trusthub_constructed_documented,High,None,None,None,TrustHub TRIT Benchmark
2540be2156291cf069b183cb41867ccdaf7b7c770262d8d16c24622bb962be15,,TRIT-TC,TRIT-TC\TRIT-TC\c2670_T091\c2670_T091.v,Clean,TrustHub_verified_variant,1,trusthub_constructed_documented,High,None,None,None,TrustHub TRIT Benchmark
d053a1b45b5cf1ac0d671c77ce10abbde201ff4dffc773fc6620baa570b28c0f,,TRIT-TC,TRIT-TC\TRIT-TC\c2670_T092\c2670_T092.v,Clean,TrustHub_verified_variant,1,trusthub_constructed_documented,High,None,None,None,TrustHub TRIT Benchmark
a97b350e1d1e3be5828e63b0c2a3dcba0fd113906d63151c4ab730baeddc922d,,TRIT-TC,TRIT-TC\TRIT-TC\c2670_T093\c2670_T093.v,Clean,TrustHub_verified_variant,1,trusthub_constructed_documented,High,None,None,None,TrustHub TRIT Benchmark
fc1aadb0d40ac2505677c65e3496b283d868ad95bebb518486ffe3326396e376,,TRIT-TC,TRIT-TC\TRIT-TC\c2670_T094\c2670_T094.v,Clean,TrustHub_verified_variant,1,trusthub_constructed_documented,High,None,None,None,TrustHub TRIT Benchmark
2fb53262cedf96ca58c8604f8f21e31932586cf90aca65d6f6b8f09ac097e8db,,TRIT-TC,TRIT-TC\TRIT-TC\c2670_T095\c2670_T095.v,Clean,TrustHub_verified_variant,1,trusthub_constructed_documented,High,None,None,None,TrustHub TRIT Benchmark
16a7c0b12509e260fc74f6c86dd7885ecb7ae01bf0c4e1cb74c810d423b7e0a0,,TRIT-TC,TRIT-TC\TRIT-TC\c2670_T096\c2670_T096.v,Clean,TrustHub_verified_variant,1,trusthub_constructed_documented,High,None,None,None,TrustHub TRIT Benchmark
20acf561fc189c1417c122af94cfc377a649220fb43075a6c288d4360d61d959,,TRIT-TC,TRIT-TC\TRIT-TC\c2670_T097\c2670_T097.v,Clean,TrustHub_verified_variant,1,trusthub_constructed_documented,High,None,None,None,TrustHub TRIT Benchmark
998c60ff535681439f3e0b26a3ee15ec62f53192cb30a230e59c7a12de7dcb18,,TRIT-TC,TRIT-TC\TRIT-TC\c2670_T098\c2670_T098.v,Clean,TrustHub_verified_variant,1,trusthub_constructed_documented,High,None,None,None,TrustHub TRIT Benchmark
63bc5a4a53054196aa5d86cd877bdaf1e8fcdc90ef43320432e89f23c68c2ff3,,TRIT-TC,TRIT-TC\TRIT-TC\c2670_T099\c2670_T099.v,Clean,TrustHub_verified_variant,1,trusthub_constructed_documented,High,None,None,None,TrustHub TRIT Benchmark
0e442b9b618b31421f681244b07f67076760d3b77560287db7a9320a85219d39,,TRIT-TC,TRIT-TC\TRIT-TC\c3540_T000\c3540_T000.v,Clean,TrustHub_verified_variant,1,trusthub_constructed_documented,High,None,None,None,TrustHub TRIT Benchmark
3ae651d5fbaa7e36f6b55ef06ded892f3b7b2142328246f5f01811819bd880f3,,TRIT-TC,TRIT-TC\TRIT-TC\c3540_T001\c3540_T001.v,Clean,TrustHub_verified_variant,1,trusthub_constructed_documented,High,None,None,None,TrustHub TRIT Benchmark
597d7698819a4054152232237e79a5a344d7a4c01446f6973cee705fb36be635,,TRIT-TC,TRIT-TC\TRIT-TC\c3540_T002\c3540_T002.v,Clean,TrustHub_verified_variant,1,trusthub_constructed_documented,High,None,None,None,TrustHub TRIT Benchmark
6dcd60e2b27f7b7f7b285fcd7cae35411885b13c3291eabb876945417493e009,,TRIT-TC,TRIT-TC\TRIT-TC\c3540_T003\c3540_T003.v,Clean,TrustHub_verified_variant,1,trusthub_constructed_documented,High,None,None,None,TrustHub TRIT Benchmark
ef9090a70a70edd29c12b4aa48a3326ecd70a834f63f2b87e30edd405ba03c57,,TRIT-TC,TRIT-TC\TRIT-TC\c3540_T004\c3540_T004.v,Clean,TrustHub_verified_variant,1,trusthub_constructed_documented,High,None,None,None,TrustHub TRIT Benchmark
3d2c911f0a760c8929f4e50f3a873e400935dfe607c11bdffb59b6383a2883ce,,TRIT-TC,TRIT-TC\TRIT-TC\c3540_T005\c3540_T005.v,Clean,TrustHub_verified_variant,1,trusthub_constructed_documented,High,None,None,None,TrustHub TRIT Benchmark
782ce7a0f3e0f96ac41c76d4a7d3a561f7914d93698aa97c365c8a8f2d5cc700,,TRIT-TC,TRIT-TC\TRIT-TC\c3540_T006\c3540_T006.v,Clean,TrustHub_verified_variant,1,trusthub_constructed_documented,High,None,None,None,TrustHub TRIT Benchmark
4d5ff8fda235c63feebb8951a27c5d72d64211ea18f3be67b03a9be124e57ab5,,TRIT-TC,TRIT-TC\TRIT-TC\c3540_T007\c3540_T007.v,Clean,TrustHub_verified_variant,1,trusthub_constructed_documented,High,None,None,None,TrustHub TRIT Benchmark
db92f5ddc88e2dfc5df7cdf68d7cb9237848cb8888370cd127f521fc2aff9c5d,,TRIT-TC,TRIT-TC\TRIT-TC\c3540_T008\c3540_T008.v,Clean,TrustHub_verified_variant,1,trusthub_constructed_documented,High,None,None,None,TrustHub TRIT Benchmark
b6052b864b646d0d7c890501a9cdfc003ef40a87121812f0ce800d29a31fcd09,,TRIT-TC,TRIT-TC\TRIT-TC\c3540_T009\c3540_T009.v,Clean,TrustHub_verified_variant,1,trusthub_constructed_documented,High,None,None,None,TrustHub TRIT Benchmark
77dda113d79f46b52289231101190398adf9725b14600ff42d3499de27df3f78,,TRIT-TC,TRIT-TC\TRIT-TC\c3540_T010\c3540_T010.v,Clean,TrustHub_verified_variant,1,trusthub_constructed_documented,High,None,None,None,TrustHub TRIT Benchmark
c6d5421286f001abbe7cd624836dcfa155583da0ad22a8bad6080f55f352e162,,TRIT-TC,TRIT-TC\TRIT-TC\c3540_T011\c3540_T011.v,Clean,TrustHub_verified_variant,1,trusthub_constructed_documented,High,None,None,None,TrustHub TRIT Benchmark
a04c58b91bf3d7da14c7aae0cdcb379e85fd93eeed20a0a8b92766621ea024af,,TRIT-TC,TRIT-TC\TRIT-TC\c3540_T012\c3540_T012.v,Clean,TrustHub_verified_variant,1,trusthub_constructed_documented,High,None,None,None,TrustHub TRIT Benchmark
5f5eca23da327911361db6b38c8a030dae6e5eb75c213953e7b2aa6138818e23,,TRIT-TC,TRIT-TC\TRIT-TC\c3540_T013\c3540_T013.v,Clean,TrustHub_verified_variant,1,trusthub_constructed_documented,High,None,None,None,TrustHub TRIT Benchmark
2763984ed1680ce667288e9f9b113c81f3cbc5b5baff1f3b9471cc95a864c824,,TRIT-TC,TRIT-TC\TRIT-TC\c3540_T014\c3540_T014.v,Clean,TrustHub_verified_variant,1,trusthub_constructed_documented,High,None,None,None,TrustHub TRIT Benchmark
8ed5d900219dc079ed0906207cad9ba58a5227b875fab48cbbe2baf8e546c6a0,,TRIT-TC,TRIT-TC\TRIT-TC\c3540_T015\c3540_T015.v,Clean,TrustHub_verified_variant,1,trusthub_constructed_documented,High,None,None,None,TrustHub TRIT Benchmark
3d7178ff220784254523584d7c5f269e0388d3c16cdb670a2141c36d571fdaf3,,TRIT-TC,TRIT-TC\TRIT-TC\c3540_T016\c3540_T016.v,Clean,TrustHub_verified_variant,1,trusthub_constructed_documented,High,None,None,None,TrustHub TRIT Benchmark
d7da1ee0d056a493ce45aec4d1497966c344e787e17b9d22329adc52997a32a9,,TRIT-TC,TRIT-TC\TRIT-TC\c3540_T017\c3540_T017.v,Clean,TrustHub_verified_variant,1,trusthub_constructed_documented,High,None,None,None,TrustHub TRIT Benchmark
3a38071b805e66774da52a767ffab6f80159e961a17e310f94d80c41c9c1f138,,TRIT-TC,TRIT-TC\TRIT-TC\c3540_T018\c3540_T018.v,Clean,TrustHub_verified_variant,1,trusthub_constructed_documented,High,None,None,None,TrustHub TRIT Benchmark
dceea152623cdb87f2ec10918c3276b577197ffb13970e6ac86972cf107bc57e,,TRIT-TC,TRIT-TC\TRIT-TC\c3540_T019\c3540_T019.v,Clean,TrustHub_verified_variant,1,trusthub_constructed_documented,High,None,None,None,TrustHub TRIT Benchmark
516b1b546b20b07950285ca981b9ae2a7bb1961367105f20d2110ff7df4b5f73,,TRIT-TC,TRIT-TC\TRIT-TC\c3540_T020\c3540_T020.v,Clean,TrustHub_verified_variant,1,trusthub_constructed_documented,High,None,None,None,TrustHub TRIT Benchmark
72b33f7867f21c843e738db550bafa898fecded293995d8694d72eb57e23f4fc,,TRIT-TC,TRIT-TC\TRIT-TC\c3540_T021\c3540_T021.v,Clean,TrustHub_verified_variant,1,trusthub_constructed_documented,High,None,None,None,TrustHub TRIT Benchmark
225a279a6df36df45bb996c544443b860f518d262c7c957ad223ba2c1ab88caa,,TRIT-TC,TRIT-TC\TRIT-TC\c3540_T022\c3540_T022.v,Clean,TrustHub_verified_variant,1,trusthub_constructed_documented,High,None,None,None,TrustHub TRIT Benchmark
9ecce1821a49a6b1ce6d5e360bf0365aa8d6d732eb470f518cf8094efbdd8517,,TRIT-TC,TRIT-TC\TRIT-TC\c3540_T023\c3540_T023.v,Clean,TrustHub_verified_variant,1,trusthub_constructed_documented,High,None,None,None,TrustHub TRIT Benchmark
8275000b2e7e5559228056cbebc423a36babaf5ca07c070cac997c46ba34d70c,,TRIT-TC,TRIT-TC\TRIT-TC\c3540_T024\c3540_T024.v,Clean,TrustHub_verified_variant,1,trusthub_constructed_documented,High,None,None,None,TrustHub TRIT Benchmark
d17d018bd004fabd27fb0a71b7425f48d48d7dcb1075a8634e5d791e6ffc3d0f,,TRIT-TC,TRIT-TC\TRIT-TC\c3540_T025\c3540_T025.v,Clean,TrustHub_verified_variant,1,trusthub_constructed_documented,High,None,None,None,TrustHub TRIT Benchmark
f851382f0a383dddb2b5d1aaabf34cfaacdda36cf30fb31e374298f5c6e12144,,TRIT-TC,TRIT-TC\TRIT-TC\c3540_T026\c3540_T026.v,Clean,TrustHub_verified_variant,1,trusthub_constructed_documented,High,None,None,None,TrustHub TRIT Benchmark
ef8340fa8bb97da04d63151652cf974b8d636d6985cca8b8351894f578bf756a,,TRIT-TC,TRIT-TC\TRIT-TC\c3540_T027\c3540_T027.v,Clean,TrustHub_verified_variant,1,trusthub_constructed_documented,High,None,None,None,TrustHub TRIT Benchmark
4b1255afbeabff633ccd6c31f7e74bec37598c32fc612d6a9081aad10c2d5016,,TRIT-TC,TRIT-TC\TRIT-TC\c3540_T028\c3540_T028.v,Clean,TrustHub_verified_variant,1,trusthub_constructed_documented,High,None,None,None,TrustHub TRIT Benchmark
357ff4f305459251ef4bbc46bc741a741ba34c5c0b7e2bb5e60f3b802dd5a7de,,TRIT-TC,TRIT-TC\TRIT-TC\c3540_T029\c3540_T029.v,Clean,TrustHub_verified_variant,1,trusthub_constructed_documented,High,None,None,None,TrustHub TRIT Benchmark
4e7de8a5265488167ec74ffb75493ace17d5a37435db3c8885f47aa4ef999d19,,TRIT-TC,TRIT-TC\TRIT-TC\c3540_T030\c3540_T030.v,Clean,TrustHub_verified_variant,1,trusthub_constructed_documented,High,None,None,None,TrustHub TRIT Benchmark
72a8008edcb0d60a2503681521505b99bf0e0442b9b7491699138afc6d201dcf,,TRIT-TC,TRIT-TC\TRIT-TC\c3540_T031\c3540_T031.v,Clean,TrustHub_verified_variant,1,trusthub_constructed_documented,High,None,None,None,TrustHub TRIT Benchmark
7b1996beb32c47376000b52d5c8240ae247b507204095ba2bd385249f569c226,,TRIT-TC,TRIT-TC\TRIT-TC\c3540_T032\c3540_T032.v,Clean,TrustHub_verified_variant,1,trusthub_constructed_documented,High,None,None,None,TrustHub TRIT Benchmark
3d7edc782fc1aa7f753c196d2e0e01365a1894edc19490a75d155e833e3f329a,,TRIT-TC,TRIT-TC\TRIT-TC\c3540_T033\c3540_T033.v,Clean,TrustHub_verified_variant,1,trusthub_constructed_documented,High,None,None,None,TrustHub TRIT Benchmark
d1d1748a1a60786cfd2926fd75df85f73c957a760dd9fbf1a2f54915e9b51375,,TRIT-TC,TRIT-TC\TRIT-TC\c3540_T034\c3540_T034.v,Clean,TrustHub_verified_variant,1,trusthub_constructed_documented,High,None,None,None,TrustHub TRIT Benchmark
49b6c1ab25681c9387d81653eeedfcc5873d313ffbf5728c65014b29e3750c4e,,TRIT-TC,TRIT-TC\TRIT-TC\c3540_T035\c3540_T035.v,Clean,TrustHub_verified_variant,1,trusthub_constructed_documented,High,None,None,None,TrustHub TRIT Benchmark
812998f7b50e0b7025dfbc80ee4543cac5ec5589931052723a9a7d6d5f5e166a,,TRIT-TC,TRIT-TC\TRIT-TC\c3540_T036\c3540_T036.v,Clean,TrustHub_verified_variant,1,trusthub_constructed_documented,High,None,None,None,TrustHub TRIT Benchmark
cb6ab351f1e380ca1c35254a0576ae1e93feb45e452e4a6c6423077593c72674,,TRIT-TC,TRIT-TC\TRIT-TC\c3540_T037\c3540_T037.v,Clean,TrustHub_verified_variant,1,trusthub_constructed_documented,High,None,None,None,TrustHub TRIT Benchmark
ec700ba352bf064cdd6ed07799cf9d0f066883a29145d4b294b6d79ab7e8b259,,TRIT-TC,TRIT-TC\TRIT-TC\c3540_T038\c3540_T038.v,Clean,TrustHub_verified_variant,1,trusthub_constructed_documented,High,None,None,None,TrustHub TRIT Benchmark
8b539a8bb84bc7ea7ca549152db810a9312347bca644c5df7ed0ed7b1c6797b3,,TRIT-TC,TRIT-TC\TRIT-TC\c3540_T039\c3540_T039.v,Clean,TrustHub_verified_variant,1,trusthub_constructed_documented,High,None,None,None,TrustHub TRIT Benchmark
d4de13ce86871a79c8b58bc1b64540aa222a8ca156cefd23a39bcbeb8746101f,,TRIT-TC,TRIT-TC\TRIT-TC\c3540_T040\c3540_T040.v,Clean,TrustHub_verified_variant,1,trusthub_constructed_documented,High,None,None,None,TrustHub TRIT Benchmark
428048bed7867e7a02601fcc1021a30518cd8877f77fa8a0355e2d1f119ed2b2,,TRIT-TC,TRIT-TC\TRIT-TC\c3540_T041\c3540_T041.v,Clean,TrustHub_verified_variant,1,trusthub_constructed_documented,High,None,None,None,TrustHub TRIT Benchmark
ae5faee98f15460ae179a806dda103ebc706bd89177b4fe86ae971b5a8026fd1,,TRIT-TC,TRIT-TC\TRIT-TC\c3540_T042\c3540_T042.v,Clean,TrustHub_verified_variant,1,trusthub_constructed_documented,High,None,None,None,TrustHub TRIT Benchmark
9c67dccf40dd25ace9a8d63b8c5168f9993b76c24fb59c1b1ecd6a87448e2fe3,,TRIT-TC,TRIT-TC\TRIT-TC\c3540_T043\c3540_T043.v,Clean,TrustHub_verified_variant,1,trusthub_constructed_documented,High,None,None,None,TrustHub TRIT Benchmark
039b2862e0c30c0b88dcfd22c591394393634d4dbfd6eb7e02ffb65f9403d300,,TRIT-TC,TRIT-TC\TRIT-TC\c3540_T044\c3540_T044.v,Clean,TrustHub_verified_variant,1,trusthub_constructed_documented,High,None,None,None,TrustHub TRIT Benchmark
3b00fc79b3ae37add31f0a074ea6f88a53420a9142dafd163d574fdc22d961a0,,TRIT-TC,TRIT-TC\TRIT-TC\c3540_T045\c3540_T045.v,Clean,TrustHub_verified_variant,1,trusthub_constructed_documented,High,None,None,None,TrustHub TRIT Benchmark
ac1c592f504f2604826c4518bfe2ad3add724ebb97ab31ee22a72c2f77a9d411,,TRIT-TC,TRIT-TC\TRIT-TC\c3540_T046\c3540_T046.v,Clean,TrustHub_verified_variant,1,trusthub_constructed_documented,High,None,None,None,TrustHub TRIT Benchmark
68d7e7e7e06eb0c3e72ea7132bfec65b48889ef3b08d0b851380ce0092320036,,TRIT-TC,TRIT-TC\TRIT-TC\c3540_T047\c3540_T047.v,Clean,TrustHub_verified_variant,1,trusthub_constructed_documented,High,None,None,None,TrustHub TRIT Benchmark
3998d042e02491b06e59b434b64ae778d2aa2dcb5a105e557f00ce47ac725ac1,,TRIT-TC,TRIT-TC\TRIT-TC\c3540_T048\c3540_T048.v,Clean,TrustHub_verified_variant,1,trusthub_constructed_documented,High,None,None,None,TrustHub TRIT Benchmark
7f783f2d54ffd808b66cceae4372d605549b0ab37c9e2d9423eefa62cfdcb991,,TRIT-TC,TRIT-TC\TRIT-TC\c3540_T049\c3540_T049.v,Clean,TrustHub_verified_variant,1,trusthub_constructed_documented,High,None,None,None,TrustHub TRIT Benchmark
3cd7879d47fc330bfbf96d072756deeafc77d6e93e3cb5c627895491f3f959fd,,TRIT-TC,TRIT-TC\TRIT-TC\c3540_T050\c3540_T050.v,Clean,TrustHub_verified_variant,1,trusthub_constructed_documented,High,None,None,None,TrustHub TRIT Benchmark
1301f4f8590f43368c67904c451c93e7ca5177f070f4808bbdd79bb9cd394603,,TRIT-TC,TRIT-TC\TRIT-TC\c3540_T051\c3540_T051.v,Clean,TrustHub_verified_variant,1,trusthub_constructed_documented,High,None,None,None,TrustHub TRIT Benchmark
d32c7eaad4460b3b1e7cf57fc52fd8611bcd7e4b3b59ab87de8baedcbf094f47,,TRIT-TC,TRIT-TC\TRIT-TC\c3540_T052\c3540_T052.v,Clean,TrustHub_verified_variant,1,trusthub_constructed_documented,High,None,None,None,TrustHub TRIT Benchmark
dd6b924ff1b45b8c6c7924b46c00a945af440524ccbbcdd8a3ab8b07ac99bdde,,TRIT-TC,TRIT-TC\TRIT-TC\c3540_T053\c3540_T053.v,Clean,TrustHub_verified_variant,1,trusthub_constructed_documented,High,None,None,None,TrustHub TRIT Benchmark
48623ea8829de761781d2acaf591fa0a4a590e58e9d625f8be158217d13f768a,,TRIT-TC,TRIT-TC\TRIT-TC\c3540_T054\c3540_T054.v,Clean,TrustHub_verified_variant,1,trusthub_constructed_documented,High,None,None,None,TrustHub TRIT Benchmark
08ba78f8e95480920efe28db26904f1183ea7142cdf9427559e43bf9e9b25719,,TRIT-TC,TRIT-TC\TRIT-TC\c3540_T055\c3540_T055.v,Clean,TrustHub_verified_variant,1,trusthub_constructed_documented,High,None,None,None,TrustHub TRIT Benchmark
995497f1dca39f262cf800fa0c698b6a30a782ca22b58a4368325542a7e185e5,,TRIT-TC,TRIT-TC\TRIT-TC\c3540_T056\c3540_T056.v,Clean,TrustHub_verified_variant,1,trusthub_constructed_documented,High,None,None,None,TrustHub TRIT Benchmark
da63ac5624667218c03420823c913158b0578a50b7a91caaee3ce4389a53298a,,TRIT-TC,TRIT-TC\TRIT-TC\c3540_T057\c3540_T057.v,Clean,TrustHub_verified_variant,1,trusthub_constructed_documented,High,None,None,None,TrustHub TRIT Benchmark
e276cffac2c21b0edbfafb022a3a8b10ef6b694521e80fc8f23b726fafef8ed6,,TRIT-TC,TRIT-TC\TRIT-TC\c3540_T058\c3540_T058.v,Clean,TrustHub_verified_variant,1,trusthub_constructed_documented,High,None,None,None,TrustHub TRIT Benchmark
b4cf2ce14f92ae7e5bce04f8c582d5ee4b2fbbdba4ed59a56b066eb8fd1a9e70,,TRIT-TC,TRIT-TC\TRIT-TC\c3540_T059\c3540_T059.v,Clean,TrustHub_verified_variant,1,trusthub_constructed_documented,High,None,None,None,TrustHub TRIT Benchmark
9eff508f474e994778f0a64221a49fab025d7b02b074735dedc1e2118441ed96,,TRIT-TC,TRIT-TC\TRIT-TC\c3540_T060\c3540_T060.v,Clean,TrustHub_verified_variant,1,trusthub_constructed_documented,High,None,None,None,TrustHub TRIT Benchmark
f324211733f8b8ad67fc8a0971eda2ed326d1f414ee4e088874dc61a23ff72e5,,TRIT-TC,TRIT-TC\TRIT-TC\c3540_T061\c3540_T061.v,Clean,TrustHub_verified_variant,1,trusthub_constructed_documented,High,None,None,None,TrustHub TRIT Benchmark
44309421c9a99dc77092cbfd6027235b3c2aefe017a7192fa7ee20b37af13a70,,TRIT-TC,TRIT-TC\TRIT-TC\c3540_T062\c3540_T062.v,Clean,TrustHub_verified_variant,1,trusthub_constructed_documented,High,None,None,None,TrustHub TRIT Benchmark
21462e76e7ddf97bbc5428f8ecea4b148fa3578ea45861d223c02f6cfd42e007,,TRIT-TC,TRIT-TC\TRIT-TC\c3540_T063\c3540_T063.v,Clean,TrustHub_verified_variant,1,trusthub_constructed_documented,High,None,None,None,TrustHub TRIT Benchmark
479d4008d8e09c94fdbb1521524bb0cf09119d84fd03261584c9b191ae47f9bf,,TRIT-TC,TRIT-TC\TRIT-TC\c3540_T064\c3540_T064.v,Clean,TrustHub_verified_variant,1,trusthub_constructed_documented,High,None,None,None,TrustHub TRIT Benchmark
2bf45e0d9720ced5f41b1176e3665fb1d34551c40514f2280cd2dd34d54f870b,,TRIT-TC,TRIT-TC\TRIT-TC\c3540_T065\c3540_T065.v,Clean,TrustHub_verified_variant,1,trusthub_constructed_documented,High,None,None,None,TrustHub TRIT Benchmark
8d6c014a69d34ed0957ceaadacdee263855e770a1927cd1a57d2f24e3362d42a,,TRIT-TC,TRIT-TC\TRIT-TC\c3540_T066\c3540_T066.v,Clean,TrustHub_verified_variant,1,trusthub_constructed_documented,High,None,None,None,TrustHub TRIT Benchmark
347dcdd84314adfe317b1c5d740608e23e44bfc7a460c5676a51cab41db7a8e4,,TRIT-TC,TRIT-TC\TRIT-TC\c3540_T067\c3540_T067.v,Clean,TrustHub_verified_variant,1,trusthub_constructed_documented,High,None,None,None,TrustHub TRIT Benchmark
4142273299e7b2fb95d0efe4bec70f911c63bdf921e9653bb041559e3cca8094,,TRIT-TC,TRIT-TC\TRIT-TC\c3540_T068\c3540_T068.v,Clean,TrustHub_verified_variant,1,trusthub_constructed_documented,High,None,None,None,TrustHub TRIT Benchmark
af0daf4fdd6aa75f54ccb66b967b52f5e3130605a925d3d8f22c6fb6a6bdb341,,TRIT-TC,TRIT-TC\TRIT-TC\c3540_T069\c3540_T069.v,Clean,TrustHub_verified_variant,1,trusthub_constructed_documented,High,None,None,None,TrustHub TRIT Benchmark
d76ba275cc991be16e2d64f88961a1043f154bfaf7f52e7b7720e6acd57e3b89,,TRIT-TC,TRIT-TC\TRIT-TC\c3540_T070\c3540_T070.v,Clean,TrustHub_verified_variant,1,trusthub_constructed_documented,High,None,None,None,TrustHub TRIT Benchmark
55d9165ace8e637b44dc006a4cdea74f87f29625d0e8f5a0607128f4a396ff8a,,TRIT-TC,TRIT-TC\TRIT-TC\c3540_T071\c3540_T071.v,Clean,TrustHub_verified_variant,1,trusthub_constructed_documented,High,None,None,None,TrustHub TRIT Benchmark
5e2a62768fb2b6b4ea222a6d5de2c2e633063f451fbb6093f2b69361499e7ceb,,TRIT-TC,TRIT-TC\TRIT-TC\c3540_T072\c3540_T072.v,Clean,TrustHub_verified_variant,1,trusthub_constructed_documented,High,None,None,None,TrustHub TRIT Benchmark
92861f8261a8851566f84f2d9d18d2f31ff1c76be0b05a14f6a0b573f90e1228,,TRIT-TC,TRIT-TC\TRIT-TC\c3540_T073\c3540_T073.v,Clean,TrustHub_verified_variant,1,trusthub_constructed_documented,High,None,None,None,TrustHub TRIT Benchmark
888f5435e64e680cb0e16528ce913b0e9e623017b5300a12847b794b25f9ef15,,TRIT-TC,TRIT-TC\TRIT-TC\c3540_T074\c3540_T074.v,Clean,TrustHub_verified_variant,1,trusthub_constructed_documented,High,None,None,None,TrustHub TRIT Benchmark
fbd1edc5f9c3c39a5b1c43b9ef5134e7e6449ce431083d55493323bf426a8d62,,TRIT-TC,TRIT-TC\TRIT-TC\c3540_T075\c3540_T075.v,Clean,TrustHub_verified_variant,1,trusthub_constructed_documented,High,None,None,None,TrustHub TRIT Benchmark
c0b62d1ab76d69ba429ea6d7867b0a70e941fef6abe8fcb3e607236869ea23a3,,TRIT-TC,TRIT-TC\TRIT-TC\c3540_T076\c3540_T076.v,Clean,TrustHub_verified_variant,1,trusthub_constructed_documented,High,None,None,None,TrustHub TRIT Benchmark
8b4916f5cc4bc22451c4a4ad6540f22e7f78931de2d13793e44491b5e1f57dc1,,TRIT-TC,TRIT-TC\TRIT-TC\c3540_T077\c3540_T077.v,Clean,TrustHub_verified_variant,1,trusthub_constructed_documented,High,None,None,None,TrustHub TRIT Benchmark
a48e97c5b85e6964913f588712676f689f84ac67cf0a1e3ade99feda1d28244f,,TRIT-TC,TRIT-TC\TRIT-TC\c3540_T078\c3540_T078.v,Clean,TrustHub_verified_variant,1,trusthub_constructed_documented,High,None,None,None,TrustHub TRIT Benchmark
a5c84a58d3f58777f8ed9c19b69d996abac77cd1fbf6c985852947d6f5bc50e1,,TRIT-TC,TRIT-TC\TRIT-TC\c3540_T079\c3540_T079.v,Clean,TrustHub_verified_variant,1,trusthub_constructed_documented,High,None,None,None,TrustHub TRIT Benchmark
1d04ef2a941dac5eea4a3305845886d35eac6e78588d3df99cd6b2872b2a4b16,,TRIT-TC,TRIT-TC\TRIT-TC\c3540_T080\c3540_T080.v,Clean,TrustHub_verified_variant,1,trusthub_constructed_documented,High,None,None,None,TrustHub TRIT Benchmark
025f7b36be3ed244cd6eeb5fa993f903ea65c2dbd245c96d04743f27de381d20,,TRIT-TC,TRIT-TC\TRIT-TC\c3540_T081\c3540_T081.v,Clean,TrustHub_verified_variant,1,trusthub_constructed_documented,High,None,None,None,TrustHub TRIT Benchmark
90d97b59f9f32217d3a46999f7714cc231ed9d734fea534bb3c8693cd1313ec7,,TRIT-TC,TRIT-TC\TRIT-TC\c3540_T082\c3540_T082.v,Clean,TrustHub_verified_variant,1,trusthub_constructed_documented,High,None,None,None,TrustHub TRIT Benchmark
d60464d60504ca153c62cb8746b1aada5a1a0145e24f30e30df3b5a93c195ae4,,TRIT-TC,TRIT-TC\TRIT-TC\c3540_T083\c3540_T083.v,Clean,TrustHub_verified_variant,1,trusthub_constructed_documented,High,None,None,None,TrustHub TRIT Benchmark
c9d991c5c1189bc8c4c5ed62561a46dfcda6498e490a14efb0ee6e8e2995aedd,,TRIT-TC,TRIT-TC\TRIT-TC\c3540_T084\c3540_T084.v,Clean,TrustHub_verified_variant,1,trusthub_constructed_documented,High,None,None,None,TrustHub TRIT Benchmark
b5a68a0f00d30e3c783a4eedbaf6783bc462b20aed295eadc820ec2aad3bf405,,TRIT-TC,TRIT-TC\TRIT-TC\c3540_T085\c3540_T085.v,Clean,TrustHub_verified_variant,1,trusthub_constructed_documented,High,None,None,None,TrustHub TRIT Benchmark
5129d2373ccffbafb36db4d8bcda316ba9c670d2aa881d4921b39438faeda215,,TRIT-TC,TRIT-TC\TRIT-TC\c3540_T086\c3540_T086.v,Clean,TrustHub_verified_variant,1,trusthub_constructed_documented,High,None,None,None,TrustHub TRIT Benchmark
262539fabede9cbbbb5d22aefee09c45d95b56a21b76b3724ef32e513cd0145b,,TRIT-TC,TRIT-TC\TRIT-TC\c3540_T087\c3540_T087.v,Clean,TrustHub_verified_variant,1,trusthub_constructed_documented,High,None,None,None,TrustHub TRIT Benchmark
2c1c6d7dafc4e0fc296756f32264bb02b8bf4170fc236f60f53356ff67d1f82f,,TRIT-TC,TRIT-TC\TRIT-TC\c3540_T088\c3540_T088.v,Clean,TrustHub_verified_variant,1,trusthub_constructed_documented,High,None,None,None,TrustHub TRIT Benchmark
aaf9cd3c61efd24b4585f1ea189c22aeba49f600cba3ecc976211b10460bf63e,,TRIT-TC,TRIT-TC\TRIT-TC\c3540_T089\c3540_T089.v,Clean,TrustHub_verified_variant,1,trusthub_constructed_documented,High,None,None,None,TrustHub TRIT Benchmark
d1417949f3408c875da2b24eaf2514e0bede9ebea122e46a452f027efaac66c6,,TRIT-TC,TRIT-TC\TRIT-TC\c3540_T090\c3540_T090.v,Clean,TrustHub_verified_variant,1,trusthub_constructed_documented,High,None,None,None,TrustHub TRIT Benchmark
c663506a630772ce477a9cef37ec11e36290d7d1413c59035e0c87ec8a6c4c7a,,TRIT-TC,TRIT-TC\TRIT-TC\c3540_T091\c3540_T091.v,Clean,TrustHub_verified_variant,1,trusthub_constructed_documented,High,None,None,None,TrustHub TRIT Benchmark
6173ac1e4873cd3143a91026272c0771898c33b1048ea46035c536755c81ea93,,TRIT-TC,TRIT-TC\TRIT-TC\c3540_T092\c3540_T092.v,Clean,TrustHub_verified_variant,1,trusthub_constructed_documented,High,None,None,None,TrustHub TRIT Benchmark
d1712cfcf0d3b7038dd885e695d770f8b29caf75e12c1f984caa9a8818e6d294,,TRIT-TC,TRIT-TC\TRIT-TC\c3540_T093\c3540_T093.v,Clean,TrustHub_verified_variant,1,trusthub_constructed_documented,High,None,None,None,TrustHub TRIT Benchmark
21074866d18fb1b3589ba528bc5157c794c57e16db1d1a4df9eacc81e759a666,,TRIT-TC,TRIT-TC\TRIT-TC\c3540_T094\c3540_T094.v,Clean,TrustHub_verified_variant,1,trusthub_constructed_documented,High,None,None,None,TrustHub TRIT Benchmark
8641253c2d8b299390ef8be89f19a253a7815d0ee0cd4642e9015a21c14357ef,,TRIT-TC,TRIT-TC\TRIT-TC\c3540_T095\c3540_T095.v,Clean,TrustHub_verified_variant,1,trusthub_constructed_documented,High,None,None,None,TrustHub TRIT Benchmark
668fe2999795311412cc7ad746ffabede87b73d7224f9d69f16cffbdedf57e7f,,TRIT-TC,TRIT-TC\TRIT-TC\c3540_T096\c3540_T096.v,Clean,TrustHub_verified_variant,1,trusthub_constructed_documented,High,None,None,None,TrustHub TRIT Benchmark
e7d6bead3ff6b4ee0210eff0a1bf7ac65832319058b8c5001a63a1bfb76a41e3,,TRIT-TC,TRIT-TC\TRIT-TC\c3540_T097\c3540_T097.v,Clean,TrustHub_verified_variant,1,trusthub_constructed_documented,High,None,None,None,TrustHub TRIT Benchmark
15dacd80b92e6b72c08c35ce7957888923c21aea3965b8f20e2e111836c42d4b,,TRIT-TC,TRIT-TC\TRIT-TC\c3540_T098\c3540_T098.v,Clean,TrustHub_verified_variant,1,trusthub_constructed_documented,High,None,None,None,TrustHub TRIT Benchmark
028303813234043b9e7c12b69250a3b3c258be3491568514d5161c7e4664a50a,,TRIT-TC,TRIT-TC\TRIT-TC\c3540_T099\c3540_T099.v,Clean,TrustHub_verified_variant,1,trusthub_constructed_documented,High,None,None,None,TrustHub TRIT Benchmark
2227a97837a942ce1d6f732acaf4b2d79dc5e49a5b04584788ad179c571bc0bb,,TRIT-TC,TRIT-TC\TRIT-TC\c5315_T000\c5315_T000.v,Clean,TrustHub_verified_variant,1,trusthub_constructed_documented,High,None,None,None,TrustHub TRIT Benchmark
da9e786f895a4c5a41714a925ac01b1a0b846ccd1efcd97657ffbd3f6e21edf6,,TRIT-TC,TRIT-TC\TRIT-TC\c5315_T001\c5315_T001.v,Clean,TrustHub_verified_variant,1,trusthub_constructed_documented,High,None,None,None,TrustHub TRIT Benchmark
fec27107409f00b532641955ff2eb5eccf2f48e6b47c47b18c9458746da5ca75,,TRIT-TC,TRIT-TC\TRIT-TC\c5315_T002\c5315_T002.v,Clean,TrustHub_verified_variant,1,trusthub_constructed_documented,High,None,None,None,TrustHub TRIT Benchmark
c78ecdda13863d72a359cefa8644783f63e45a026f9f8271710a3373a7171af2,,TRIT-TC,TRIT-TC\TRIT-TC\c5315_T003\c5315_T003.v,Clean,TrustHub_verified_variant,1,trusthub_constructed_documented,High,None,None,None,TrustHub TRIT Benchmark
73a0dbf63ed23e24ca0dca071f4e8c7512919bfbf2a320533ba97b0c117bf2fc,,TRIT-TC,TRIT-TC\TRIT-TC\c5315_T004\c5315_T004.v,Clean,TrustHub_verified_variant,1,trusthub_constructed_documented,High,None,None,None,TrustHub TRIT Benchmark
07f70bd72c7b02fac0c96468648c1d8f5ee94456103cab97fbe3d46a0834221a,,TRIT-TC,TRIT-TC\TRIT-TC\c5315_T005\c5315_T005.v,Clean,TrustHub_verified_variant,1,trusthub_constructed_documented,High,None,None,None,TrustHub TRIT Benchmark
861344a274e32e902faf69fb47be64d8e1cf42f6701b783d7a2284dca6ef8a30,,TRIT-TC,TRIT-TC\TRIT-TC\c5315_T006\c5315_T006.v,Clean,TrustHub_verified_variant,1,trusthub_constructed_documented,High,None,None,None,TrustHub TRIT Benchmark
e6515b9a9ab025e1726803ac476f7b9252f6e048a57e0ee5639344656bb1f3f2,,TRIT-TC,TRIT-TC\TRIT-TC\c5315_T007\c5315_T007.v,Clean,TrustHub_verified_variant,1,trusthub_constructed_documented,High,None,None,None,TrustHub TRIT Benchmark
6c6a5bec0a11de423ff5f00c08006613e454cb5d8849198d3bd0caf16a361adc,,TRIT-TC,TRIT-TC\TRIT-TC\c5315_T008\c5315_T008.v,Clean,TrustHub_verified_variant,1,trusthub_constructed_documented,High,None,None,None,TrustHub TRIT Benchmark
70f6e57be42807bd0547839b0bb951c76861b4fbfb20fbe5dcb311eea9fdb455,,TRIT-TC,TRIT-TC\TRIT-TC\c5315_T009\c5315_T009.v,Clean,TrustHub_verified_variant,1,trusthub_constructed_documented,High,None,None,None,TrustHub TRIT Benchmark
a594191285b7241df50653ce15df4e2a9b6ada8fe4e3dc34db091f9404533ddd,,TRIT-TC,TRIT-TC\TRIT-TC\c5315_T010\c5315_T010.v,Clean,TrustHub_verified_variant,1,trusthub_constructed_documented,High,None,None,None,TrustHub TRIT Benchmark
8605f6beb3f6f5017d3a41de98f0e2b77269fe0cb0d116a34eb3fbc29cb606e0,,TRIT-TC,TRIT-TC\TRIT-TC\c5315_T011\c5315_T011.v,Clean,TrustHub_verified_variant,1,trusthub_constructed_documented,High,None,None,None,TrustHub TRIT Benchmark
7d183028de241e642cdceceda26f65a0656e0067a95177d4841faccf70eb94c4,,TRIT-TC,TRIT-TC\TRIT-TC\c5315_T012\c5315_T012.v,Clean,TrustHub_verified_variant,1,trusthub_constructed_documented,High,None,None,None,TrustHub TRIT Benchmark
2e256982a3a8fc3836200815f33a1a8b3965ad5dc1aaaaa60b66c64e8a645eae,,TRIT-TC,TRIT-TC\TRIT-TC\c5315_T013\c5315_T013.v,Clean,TrustHub_verified_variant,1,trusthub_constructed_documented,High,None,None,None,TrustHub TRIT Benchmark
1649dc41500f821a4be11c211212234b10a207846f394932306416625633a26a,,TRIT-TC,TRIT-TC\TRIT-TC\c5315_T014\c5315_T014.v,Clean,TrustHub_verified_variant,1,trusthub_constructed_documented,High,None,None,None,TrustHub TRIT Benchmark
a69071144502fb3df5255f81fa4046ebb76003f704e71f5394fecdcbbd190cae,,TRIT-TC,TRIT-TC\TRIT-TC\c5315_T015\c5315_T015.v,Clean,TrustHub_verified_variant,1,trusthub_constructed_documented,High,None,None,None,TrustHub TRIT Benchmark
ecb10bb98b750b42435c9c464ef126dbe037dfaf48ea672a95586974056b3bb4,,TRIT-TC,TRIT-TC\TRIT-TC\c5315_T016\c5315_T016.v,Clean,TrustHub_verified_variant,1,trusthub_constructed_documented,High,None,None,None,TrustHub TRIT Benchmark
bbe11979dfe8b5030e3432a2af72f5f9599ccf5a2f4b769d4a8b10737c1fe45c,,TRIT-TC,TRIT-TC\TRIT-TC\c5315_T017\c5315_T017.v,Clean,TrustHub_verified_variant,1,trusthub_constructed_documented,High,None,None,None,TrustHub TRIT Benchmark
61e3acbe6198f6db814270a9bb8b383d8625997a59607fccb5a0dd827364ee93,,TRIT-TC,TRIT-TC\TRIT-TC\c5315_T018\c5315_T018.v,Clean,TrustHub_verified_variant,1,trusthub_constructed_documented,High,None,None,None,TrustHub TRIT Benchmark
977acd89228ed31854cee705bc9239cc1c6c1da17d2d6503e2be8debf91cb7c3,,TRIT-TC,TRIT-TC\TRIT-TC\c5315_T019\c5315_T019.v,Clean,TrustHub_verified_variant,1,trusthub_constructed_documented,High,None,None,None,TrustHub TRIT Benchmark
2da406701035675046c331467564a16691322092b13852fb79e96b304afb05e6,,TRIT-TC,TRIT-TC\TRIT-TC\c5315_T020\c5315_T020.v,Clean,TrustHub_verified_variant,1,trusthub_constructed_documented,High,None,None,None,TrustHub TRIT Benchmark
454ce7b0205cfaa30cdc7e45da8e5a8210809df88b39af3e816abbfa9396bfe3,,TRIT-TC,TRIT-TC\TRIT-TC\c5315_T021\c5315_T021.v,Clean,TrustHub_verified_variant,1,trusthub_constructed_documented,High,None,None,None,TrustHub TRIT Benchmark
1a143eb876dcc27d538f94f739ae6acee12f0fe455aaa2fc8e6c095700af5089,,TRIT-TC,TRIT-TC\TRIT-TC\c5315_T022\c5315_T022.v,Clean,TrustHub_verified_variant,1,trusthub_constructed_documented,High,None,None,None,TrustHub TRIT Benchmark
b464795da45b06ea1f2e42af8713d41cc8aa9dbad33743acff3bff13e52d4e80,,TRIT-TC,TRIT-TC\TRIT-TC\c5315_T023\c5315_T023.v,Clean,TrustHub_verified_variant,1,trusthub_constructed_documented,High,None,None,None,TrustHub TRIT Benchmark
b64212a17fb39c835f33247f11e759a58f4a072298b04cc995bccdd4bdaa0e66,,TRIT-TC,TRIT-TC\TRIT-TC\c5315_T024\c5315_T024.v,Clean,TrustHub_verified_variant,1,trusthub_constructed_documented,High,None,None,None,TrustHub TRIT Benchmark
d90a4ef5b62d4d6e8576729c3f1d8a54e15e6eaade10c00bcda9ff75db8ecfe1,,TRIT-TC,TRIT-TC\TRIT-TC\c5315_T025\c5315_T025.v,Clean,TrustHub_verified_variant,1,trusthub_constructed_documented,High,None,None,None,TrustHub TRIT Benchmark
3a243947a8691fcc14079ef49439342294df9fdf2769a8739b641caddb52a6bc,,TRIT-TC,TRIT-TC\TRIT-TC\c5315_T026\c5315_T026.v,Clean,TrustHub_verified_variant,1,trusthub_constructed_documented,High,None,None,None,TrustHub TRIT Benchmark
120c3aef0ca2568296c5260c4351cc227e19b49a8d3844656a09f2215c94987c,,TRIT-TC,TRIT-TC\TRIT-TC\c5315_T027\c5315_T027.v,Clean,TrustHub_verified_variant,1,trusthub_constructed_documented,High,None,None,None,TrustHub TRIT Benchmark
bf930c1d0813c4d2a3ac20a1b6fe952c2b67c8a0918ff41e4aee6f12b710740b,,TRIT-TC,TRIT-TC\TRIT-TC\c5315_T028\c5315_T028.v,Clean,TrustHub_verified_variant,1,trusthub_constructed_documented,High,None,None,None,TrustHub TRIT Benchmark
6329e579e3eaebbda36c620a49bf397806391fbb3e969b5171382a94a4cafd1e,,TRIT-TC,TRIT-TC\TRIT-TC\c5315_T029\c5315_T029.v,Clean,TrustHub_verified_variant,1,trusthub_constructed_documented,High,None,None,None,TrustHub TRIT Benchmark
4dfdfa0b28120f695957cb69f63cd9ac5a183811f0fab0ceb1607a631b1b7528,,TRIT-TC,TRIT-TC\TRIT-TC\c5315_T030\c5315_T030.v,Clean,TrustHub_verified_variant,1,trusthub_constructed_documented,High,None,None,None,TrustHub TRIT Benchmark
106f88500dbafed04621b1bb8fac0956a2444b610185abc3b633c5ee85a31b40,,TRIT-TC,TRIT-TC\TRIT-TC\c5315_T031\c5315_T031.v,Clean,TrustHub_verified_variant,1,trusthub_constructed_documented,High,None,None,None,TrustHub TRIT Benchmark
241a4bef2db3ea5185b50e8efd8f51ea5d535088413cfd35f1c5012281b779ba,,TRIT-TC,TRIT-TC\TRIT-TC\c5315_T032\c5315_T032.v,Clean,TrustHub_verified_variant,1,trusthub_constructed_documented,High,None,None,None,TrustHub TRIT Benchmark
290c550604188aeb81054591a25def7b1e54f6db2f9f32dcf8d6077d5c50e4ab,,TRIT-TC,TRIT-TC\TRIT-TC\c5315_T033\c5315_T033.v,Clean,TrustHub_verified_variant,1,trusthub_constructed_documented,High,None,None,None,TrustHub TRIT Benchmark
f96916f5068038b4fcdc4fad268cb2621ad258aba440b5404b70ef07110933f5,,TRIT-TC,TRIT-TC\TRIT-TC\c5315_T034\c5315_T034.v,Clean,TrustHub_verified_variant,1,trusthub_constructed_documented,High,None,None,None,TrustHub TRIT Benchmark
bd07042d1652d7ac33222044328d1a24268a6d7a7922204cdf4c7cb816eac165,,TRIT-TC,TRIT-TC\TRIT-TC\c5315_T035\c5315_T035.v,Clean,TrustHub_verified_variant,1,trusthub_constructed_documented,High,None,None,None,TrustHub TRIT Benchmark
4989b7b995bf20c7452ed40d0d23a14d1286ee2a3763b5a19cf10add05eb1f09,,TRIT-TC,TRIT-TC\TRIT-TC\c5315_T036\c5315_T036.v,Clean,TrustHub_verified_variant,1,trusthub_constructed_documented,High,None,None,None,TrustHub TRIT Benchmark
7c7a4fc5f9dfe85a0b2e3538817a0463aee34c2b093a49c18ebd680507b789c3,,TRIT-TC,TRIT-TC\TRIT-TC\c5315_T037\c5315_T037.v,Clean,TrustHub_verified_variant,1,trusthub_constructed_documented,High,None,None,None,TrustHub TRIT Benchmark
46432aad06c74fa44f7a0d7610a43c5c1cfd41ca794da64346bef715c999af27,,TRIT-TC,TRIT-TC\TRIT-TC\c5315_T038\c5315_T038.v,Clean,TrustHub_verified_variant,1,trusthub_constructed_documented,High,None,None,None,TrustHub TRIT Benchmark
7d2eae9a314aa367c96245ebf1b6570156df1be313279620c3f53d2ade5847b7,,TRIT-TC,TRIT-TC\TRIT-TC\c5315_T039\c5315_T039.v,Clean,TrustHub_verified_variant,1,trusthub_constructed_documented,High,None,None,None,TrustHub TRIT Benchmark
050f5e645da4b654c7ad8c90bb28981cff37652ae851f574afbb1844c1a08350,,TRIT-TC,TRIT-TC\TRIT-TC\c5315_T040\c5315_T040.v,Clean,TrustHub_verified_variant,1,trusthub_constructed_documented,High,None,None,None,TrustHub TRIT Benchmark
7912e89efcb4c8b3ba7f44951fa348d9e6d75c3a00a92bf3be9daba4ccce87ea,,TRIT-TC,TRIT-TC\TRIT-TC\c5315_T041\c5315_T041.v,Clean,TrustHub_verified_variant,1,trusthub_constructed_documented,High,None,None,None,TrustHub TRIT Benchmark
bb82abc3fc5c3a038007bc2e3eff496a9a08d51cc7f93211b6db6831549faa8d,,TRIT-TC,TRIT-TC\TRIT-TC\c5315_T042\c5315_T042.v,Clean,TrustHub_verified_variant,1,trusthub_constructed_documented,High,None,None,None,TrustHub TRIT Benchmark
99f26d2e022677faaf8fedbd32e8bb8396041347f733e3e68c5005228cd4f37b,,TRIT-TC,TRIT-TC\TRIT-TC\c5315_T043\c5315_T043.v,Clean,TrustHub_verified_variant,1,trusthub_constructed_documented,High,None,None,None,TrustHub TRIT Benchmark
df2ee99088a78afad7269d11a8583234a11e31e0dca41513f79b988bb6ce4a59,,TRIT-TC,TRIT-TC\TRIT-TC\c5315_T044\c5315_T044.v,Clean,TrustHub_verified_variant,1,trusthub_constructed_documented,High,None,None,None,TrustHub TRIT Benchmark
42b711fc7602728185dc5f2bc33287b79a59477d9c7e05c860a3c0a3160e6d62,,TRIT-TC,TRIT-TC\TRIT-TC\c5315_T045\c5315_T045.v,Clean,TrustHub_verified_variant,1,trusthub_constructed_documented,High,None,None,None,TrustHub TRIT Benchmark
663e2c09ad1427cff681322889ee6dcfa6674cb0fa595f688188b68ac21fe545,,TRIT-TC,TRIT-TC\TRIT-TC\c5315_T046\c5315_T046.v,Clean,TrustHub_verified_variant,1,trusthub_constructed_documented,High,None,None,None,TrustHub TRIT Benchmark
f8a39a9966b286107f7defac7e306d12af54f9a78a0b5cf528072701ad04366c,,TRIT-TC,TRIT-TC\TRIT-TC\c5315_T047\c5315_T047.v,Clean,TrustHub_verified_variant,1,trusthub_constructed_documented,High,None,None,None,TrustHub TRIT Benchmark
8d9651956bfd57fbf4c9ab38f2b21f08352c24c5739a81a002eaa93a90497048,,TRIT-TC,TRIT-TC\TRIT-TC\c5315_T048\c5315_T048.v,Clean,TrustHub_verified_variant,1,trusthub_constructed_documented,High,None,None,None,TrustHub TRIT Benchmark
d167b1044e7ecb79251375ebf41efa24dfa5e4e7bdb8842fab7e8bdb936a92f3,,TRIT-TC,TRIT-TC\TRIT-TC\c5315_T049\c5315_T049.v,Clean,TrustHub_verified_variant,1,trusthub_constructed_documented,High,None,None,None,TrustHub TRIT Benchmark
7b42ae55aa107e38c54322826e58859b8f48960bb5a9d4d6f26ec3f0b6479f79,,TRIT-TC,TRIT-TC\TRIT-TC\c5315_T050\c5315_T050.v,Clean,TrustHub_verified_variant,1,trusthub_constructed_documented,High,None,None,None,TrustHub TRIT Benchmark
94dea1fff60bfd5cd475083cb842d657e4a5e7f21d3e2563164d93b47cf4325a,,TRIT-TC,TRIT-TC\TRIT-TC\c5315_T051\c5315_T051.v,Clean,TrustHub_verified_variant,1,trusthub_constructed_documented,High,None,None,None,TrustHub TRIT Benchmark
4c279b5a4214d806c29673ef892e731960e8403484b236e162975a403f9e433e,,TRIT-TC,TRIT-TC\TRIT-TC\c5315_T052\c5315_T052.v,Clean,TrustHub_verified_variant,1,trusthub_constructed_documented,High,None,None,None,TrustHub TRIT Benchmark
ad2f6f898635779a04129cdeb9e604a8608ceb785c762675580e51d1e21cefa4,,TRIT-TC,TRIT-TC\TRIT-TC\c5315_T053\c5315_T053.v,Clean,TrustHub_verified_variant,1,trusthub_constructed_documented,High,None,None,None,TrustHub TRIT Benchmark
dcd0cc8e02f626337939f8913c8bb8bda0d0cb110a45283131b1b293a06fae98,,TRIT-TC,TRIT-TC\TRIT-TC\c5315_T054\c5315_T054.v,Clean,TrustHub_verified_variant,1,trusthub_constructed_documented,High,None,None,None,TrustHub TRIT Benchmark
01713b7df44c12ed684dbab490752748f5482feb6deb5417460065783b30702e,,TRIT-TC,TRIT-TC\TRIT-TC\c5315_T055\c5315_T055.v,Clean,TrustHub_verified_variant,1,trusthub_constructed_documented,High,None,None,None,TrustHub TRIT Benchmark
d6b48379bb0e2ff50764280eb80de9893525f856f97890e09cbfbc32715b2290,,TRIT-TC,TRIT-TC\TRIT-TC\c5315_T056\c5315_T056.v,Clean,TrustHub_verified_variant,1,trusthub_constructed_documented,High,None,None,None,TrustHub TRIT Benchmark
2a90a4b81fbc05a409c1b6cad9062eadf0413e06028d011be9e7022303d32376,,TRIT-TC,TRIT-TC\TRIT-TC\c5315_T057\c5315_T057.v,Clean,TrustHub_verified_variant,1,trusthub_constructed_documented,High,None,None,None,TrustHub TRIT Benchmark
a1a9bb8d7c293013b77642aaaeb9f1b3117ca14961caa60891ce744c7242fb79,,TRIT-TC,TRIT-TC\TRIT-TC\c5315_T058\c5315_T058.v,Clean,TrustHub_verified_variant,1,trusthub_constructed_documented,High,None,None,None,TrustHub TRIT Benchmark
5744165de75ba40a5384798a8f659407147ce54f9c32e3cc98ce307307a8751b,,TRIT-TC,TRIT-TC\TRIT-TC\c5315_T059\c5315_T059.v,Clean,TrustHub_verified_variant,1,trusthub_constructed_documented,High,None,None,None,TrustHub TRIT Benchmark
ccb360c6e7f94ead469616ef165551d10c53dc0a3964a0ceacf48e69f3fb50e9,,TRIT-TC,TRIT-TC\TRIT-TC\c5315_T060\c5315_T060.v,Clean,TrustHub_verified_variant,1,trusthub_constructed_documented,High,None,None,None,TrustHub TRIT Benchmark
e5b1767f5915e38d57f4c0a9496fb0f8fcfc95d2700061bbc4855bb12858f07b,,TRIT-TC,TRIT-TC\TRIT-TC\c5315_T061\c5315_T061.v,Clean,TrustHub_verified_variant,1,trusthub_constructed_documented,High,None,None,None,TrustHub TRIT Benchmark
1443a1f4825a6341c90aa54da055612553affb3687ce188a81f6df02fb0a13d7,,TRIT-TC,TRIT-TC\TRIT-TC\c5315_T062\c5315_T062.v,Clean,TrustHub_verified_variant,1,trusthub_constructed_documented,High,None,None,None,TrustHub TRIT Benchmark
31357fbe41014594d7e05b919fca3701ec4577e4cbb0d6e3290a4b4c41502d92,,TRIT-TC,TRIT-TC\TRIT-TC\c5315_T063\c5315_T063.v,Clean,TrustHub_verified_variant,1,trusthub_constructed_documented,High,None,None,None,TrustHub TRIT Benchmark
4cab3f2ce6c508b8c673e036763481a2ef57ceaa65915ad4ffffdc3a07b91984,,TRIT-TC,TRIT-TC\TRIT-TC\c5315_T064\c5315_T064.v,Clean,TrustHub_verified_variant,1,trusthub_constructed_documented,High,None,None,None,TrustHub TRIT Benchmark
c4f2dc40d1d2677ce7ef3913278541180b73f79d6b6e81357bcbc9e434f16c8e,,TRIT-TC,TRIT-TC\TRIT-TC\c5315_T065\c5315_T065.v,Clean,TrustHub_verified_variant,1,trusthub_constructed_documented,High,None,None,None,TrustHub TRIT Benchmark
b31532e6f0eb31a421ce4df4b0fc9eadab1b96e49bf179c63c216d396af7cb7a,,TRIT-TC,TRIT-TC\TRIT-TC\c5315_T066\c5315_T066.v,Clean,TrustHub_verified_variant,1,trusthub_constructed_documented,High,None,None,None,TrustHub TRIT Benchmark
1864b296019f6bc00a00846a381035bea2fe92e470324f943d61ac15a3ae826b,,TRIT-TC,TRIT-TC\TRIT-TC\c5315_T067\c5315_T067.v,Clean,TrustHub_verified_variant,1,trusthub_constructed_documented,High,None,None,None,TrustHub TRIT Benchmark
e977f9eb9c21413dfc963a7a7d3de966140cc64e4a5438cc788cb554c30c492e,,TRIT-TC,TRIT-TC\TRIT-TC\c5315_T068\c5315_T068.v,Clean,TrustHub_verified_variant,1,trusthub_constructed_documented,High,None,None,None,TrustHub TRIT Benchmark
ab0c049d57d85944ed184fc14b8ddf3f3cf1db05c86e2b9ab50eb9cea512e28d,,TRIT-TC,TRIT-TC\TRIT-TC\c5315_T069\c5315_T069.v,Clean,TrustHub_verified_variant,1,trusthub_constructed_documented,High,None,None,None,TrustHub TRIT Benchmark
836f276951decd179ba8fbd7b280adf1b497181d7a7cc109b9af746b9f51185f,,TRIT-TC,TRIT-TC\TRIT-TC\c5315_T070\c5315_T070.v,Clean,TrustHub_verified_variant,1,trusthub_constructed_documented,High,None,None,None,TrustHub TRIT Benchmark
61178f0cccdfc3b5e1cae7506471960703fc986448d8f9b73c34778d839248d4,,TRIT-TC,TRIT-TC\TRIT-TC\c5315_T071\c5315_T071.v,Clean,TrustHub_verified_variant,1,trusthub_constructed_documented,High,None,None,None,TrustHub TRIT Benchmark
6782df8eed29be1462621eeb5589e7a6be0a6fcf6620517b4035aa4d64eb6b1c,,TRIT-TC,TRIT-TC\TRIT-TC\c5315_T072\c5315_T072.v,Clean,TrustHub_verified_variant,1,trusthub_constructed_documented,High,None,None,None,TrustHub TRIT Benchmark
55ab4538407dc04f7e5f45f9a84af160c27ef0045ef4d244047e5efe507daa7b,,TRIT-TC,TRIT-TC\TRIT-TC\c5315_T073\c5315_T073.v,Clean,TrustHub_verified_variant,1,trusthub_constructed_documented,High,None,None,None,TrustHub TRIT Benchmark
5b2eb497899ca33af16ce89dd3d1e5a0a10c872dd933ed8df7bd42eda3c88d3b,,TRIT-TC,TRIT-TC\TRIT-TC\c5315_T074\c5315_T074.v,Clean,TrustHub_verified_variant,1,trusthub_constructed_documented,High,None,None,None,TrustHub TRIT Benchmark
48eec110a9265eeaf4ff851e8e49b5884eabc846aa397f9c3ea1298fbb30dd81,,TRIT-TC,TRIT-TC\TRIT-TC\c5315_T075\c5315_T075.v,Clean,TrustHub_verified_variant,1,trusthub_constructed_documented,High,None,None,None,TrustHub TRIT Benchmark
e3aa502f9a076bcfd4b35d6b9e2ab47676de326e2d202365feb3dd629150e713,,TRIT-TC,TRIT-TC\TRIT-TC\c5315_T076\c5315_T076.v,Clean,TrustHub_verified_variant,1,trusthub_constructed_documented,High,None,None,None,TrustHub TRIT Benchmark
9a3ca23c910a4d113490385b8d81a2031bec8027a8f2dd15be720f59f0d2bd88,,TRIT-TC,TRIT-TC\TRIT-TC\c5315_T077\c5315_T077.v,Clean,TrustHub_verified_variant,1,trusthub_constructed_documented,High,None,None,None,TrustHub TRIT Benchmark
e830d8c42ac5304d7af5d4e0f7e4645b5648000de4e1e926fd8307b6c37e3125,,TRIT-TC,TRIT-TC\TRIT-TC\c5315_T078\c5315_T078.v,Clean,TrustHub_verified_variant,1,trusthub_constructed_documented,High,None,None,None,TrustHub TRIT Benchmark
a5b1934e7fb3d51400b12a982d39d0db4e7872578d4d3ef2f4102d95caa1d318,,TRIT-TC,TRIT-TC\TRIT-TC\c5315_T079\c5315_T079.v,Clean,TrustHub_verified_variant,1,trusthub_constructed_documented,High,None,None,None,TrustHub TRIT Benchmark
be409d26c8fc140b2e2a487f69fdfdcc5a9705a40806983e2e81993536564fbf,,TRIT-TC,TRIT-TC\TRIT-TC\c5315_T080\c5315_T080.v,Clean,TrustHub_verified_variant,1,trusthub_constructed_documented,High,None,None,None,TrustHub TRIT Benchmark
7f4e42bd85e805b2729c5012613ca0c198a5ec180bd631e4cacb8449226de90f,,TRIT-TC,TRIT-TC\TRIT-TC\c5315_T081\c5315_T081.v,Clean,TrustHub_verified_variant,1,trusthub_constructed_documented,High,None,None,None,TrustHub TRIT Benchmark
2df56cb341ff9c050a0ca943f68429fbbe1d53dc2b7b6a8fae20a8f561b15e74,,TRIT-TC,TRIT-TC\TRIT-TC\c5315_T082\c5315_T082.v,Clean,TrustHub_verified_variant,1,trusthub_constructed_documented,High,None,None,None,TrustHub TRIT Benchmark
bdca7a1edf9c2d8d34a8f88a87470c1847c30ee57da0514e4387cefbced82389,,TRIT-TC,TRIT-TC\TRIT-TC\c5315_T083\c5315_T083.v,Clean,TrustHub_verified_variant,1,trusthub_constructed_documented,High,None,None,None,TrustHub TRIT Benchmark
8fbc6bed0acfdec5928d2b1cd39409efb9174096ea571e99334efe8e35095d70,,TRIT-TC,TRIT-TC\TRIT-TC\c5315_T084\c5315_T084.v,Clean,TrustHub_verified_variant,1,trusthub_constructed_documented,High,None,None,None,TrustHub TRIT Benchmark
7f5c9f896b42fea0678e3b0d3d6e0f398766e2b6243b51e892994b81a73c2b55,,TRIT-TC,TRIT-TC\TRIT-TC\c5315_T085\c5315_T085.v,Clean,TrustHub_verified_variant,1,trusthub_constructed_documented,High,None,None,None,TrustHub TRIT Benchmark
2a938be18479531d964c896a19d81dabd9ef7c3a9e956c4622d2ee8340545ea8,,TRIT-TC,TRIT-TC\TRIT-TC\c5315_T086\c5315_T086.v,Clean,TrustHub_verified_variant,1,trusthub_constructed_documented,High,None,None,None,TrustHub TRIT Benchmark
36c05bae71acf1446d4dab3c9a4e77d5e95cc9649a10cec0cdb94d34003f0af6,,TRIT-TC,TRIT-TC\TRIT-TC\c5315_T087\c5315_T087.v,Clean,TrustHub_verified_variant,1,trusthub_constructed_documented,High,None,None,None,TrustHub TRIT Benchmark
a7a86e1194818ab661353602e70b97c97d4c14465c9ef827741dd78992cd3cc0,,TRIT-TC,TRIT-TC\TRIT-TC\c5315_T088\c5315_T088.v,Clean,TrustHub_verified_variant,1,trusthub_constructed_documented,High,None,None,None,TrustHub TRIT Benchmark
ddc88a089e4a2feeff7e3e6bc8ed499a9c146c18cd2358a9293c82cda86a4bb6,,TRIT-TC,TRIT-TC\TRIT-TC\c5315_T089\c5315_T089.v,Clean,TrustHub_verified_variant,1,trusthub_constructed_documented,High,None,None,None,TrustHub TRIT Benchmark
f94134d174a0021a58d91556e00d5d5fb98aeb88aff8462e8d6353dc191dc9db,,TRIT-TC,TRIT-TC\TRIT-TC\c5315_T090\c5315_T090.v,Clean,TrustHub_verified_variant,1,trusthub_constructed_documented,High,None,None,None,TrustHub TRIT Benchmark
379325e5a304123926b012de043f89481d10e36b1e490e142fb06807a6b4c926,,TRIT-TC,TRIT-TC\TRIT-TC\c5315_T091\c5315_T091.v,Clean,TrustHub_verified_variant,1,trusthub_constructed_documented,High,None,None,None,TrustHub TRIT Benchmark
bbf43dbd69ca20735aafcecc523e6ab6b70e799c28d802cc883a98569aed443c,,TRIT-TC,TRIT-TC\TRIT-TC\c5315_T092\c5315_T092.v,Clean,TrustHub_verified_variant,1,trusthub_constructed_documented,High,None,None,None,TrustHub TRIT Benchmark
e40271ef007f2f925e7a6573697b6f0e83f8b9b35bb4330be68635c00728f575,,TRIT-TC,TRIT-TC\TRIT-TC\c5315_T093\c5315_T093.v,Clean,TrustHub_verified_variant,1,trusthub_constructed_documented,High,None,None,None,TrustHub TRIT Benchmark
8cbbdd18278c6006ed96447f931330d46a237080ff598bc9586845e9423cb900,,TRIT-TC,TRIT-TC\TRIT-TC\c5315_T094\c5315_T094.v,Clean,TrustHub_verified_variant,1,trusthub_constructed_documented,High,None,None,None,TrustHub TRIT Benchmark
9c12498fb179958ebba2a05f2d8d53a0c0148b036ed37a6b31c4b370728e30e1,,TRIT-TC,TRIT-TC\TRIT-TC\c5315_T095\c5315_T095.v,Clean,TrustHub_verified_variant,1,trusthub_constructed_documented,High,None,None,None,TrustHub TRIT Benchmark
dfdd5de4c89cc21cb5cdfa2752d9a2a83b7b91a5afaf80428e4efeb492296126,,TRIT-TC,TRIT-TC\TRIT-TC\c5315_T096\c5315_T096.v,Clean,TrustHub_verified_variant,1,trusthub_constructed_documented,High,None,None,None,TrustHub TRIT Benchmark
7005e549e2d8d875bf7888080e580fbb4c7cdf7c7c4d21d03ff42e209cafd95e,,TRIT-TC,TRIT-TC\TRIT-TC\c5315_T097\c5315_T097.v,Clean,TrustHub_verified_variant,1,trusthub_constructed_documented,High,None,None,None,TrustHub TRIT Benchmark
ec13a15e1c1d95d94c2553b2b244a6e0fa40140c417cbe8afc11b578590f226c,,TRIT-TC,TRIT-TC\TRIT-TC\c5315_T098\c5315_T098.v,Clean,TrustHub_verified_variant,1,trusthub_constructed_documented,High,None,None,None,TrustHub TRIT Benchmark
b5d11309c280851527322b8112cd3aa027b9bbb5aaece5908306f5e89c723565,,TRIT-TC,TRIT-TC\TRIT-TC\c5315_T099\c5315_T099.v,Clean,TrustHub_verified_variant,1,trusthub_constructed_documented,High,None,None,None,TrustHub TRIT Benchmark
e5c935983c5521b279f8cc5e2705e1607db9873aa2e96e8076fdbeda91406177,,TRIT-TC,TRIT-TC\TRIT-TC\c5315_T200\c5315_T200.v,Clean,TrustHub_verified_variant,1,trusthub_constructed_documented,High,None,None,None,TrustHub TRIT Benchmark
338fc5d8f06812a43975f5ffc64250be1fb34724456247351c343d1ab2fca5bf,,TRIT-TC,TRIT-TC\TRIT-TC\c5315_T201\c5315_T201.v,Clean,TrustHub_verified_variant,1,trusthub_constructed_documented,High,None,None,None,TrustHub TRIT Benchmark
ff73f9c0f8076afcf613e69c4af9c37de6d5a85b760b390e9c04bfa46bbc1b63,,TRIT-TC,TRIT-TC\TRIT-TC\c5315_T202\c5315_T202.v,Clean,TrustHub_verified_variant,1,trusthub_constructed_documented,High,None,None,None,TrustHub TRIT Benchmark
a70d915dd727784a35c7a0f405e87be786a4520792560d7d1abce7fbf692a9bd,,TRIT-TC,TRIT-TC\TRIT-TC\c5315_T203\c5315_T203.v,Clean,TrustHub_verified_variant,1,trusthub_constructed_documented,High,None,None,None,TrustHub TRIT Benchmark
713e4fa84bccc37ed8c1235d50f0648942fcdd1a531d9fdd659409b94032916b,,TRIT-TC,TRIT-TC\TRIT-TC\c5315_T204\c5315_T204.v,Clean,TrustHub_verified_variant,1,trusthub_constructed_documented,High,None,None,None,TrustHub TRIT Benchmark
c746d3e8dd24290898f3c846642de4dadf6b167e72a2f0c94203d54af34a1f1d,,TRIT-TC,TRIT-TC\TRIT-TC\c5315_T205\c5315_T205.v,Clean,TrustHub_verified_variant,1,trusthub_constructed_documented,High,None,None,None,TrustHub TRIT Benchmark
b0bc23d1033d8254b115a66095faabbffbd809998daae19175b784a8c4a2c62a,,TRIT-TC,TRIT-TC\TRIT-TC\c5315_T206\c5315_T206.v,Clean,TrustHub_verified_variant,1,trusthub_constructed_documented,High,None,None,None,TrustHub TRIT Benchmark
3804f251076e24089693c7152505a2d65558df9385f41757f11f3b5a699e5914,,TRIT-TC,TRIT-TC\TRIT-TC\c5315_T207\c5315_T207.v,Clean,TrustHub_verified_variant,1,trusthub_constructed_documented,High,None,None,None,TrustHub TRIT Benchmark
08df6b7aa52b5234f5b027857b92d03c96d6972842f5a48a4a0b063ea21d795c,,TRIT-TC,TRIT-TC\TRIT-TC\c5315_T208\c5315_T208.v,Clean,TrustHub_verified_variant,1,trusthub_constructed_documented,High,None,None,None,TrustHub TRIT Benchmark
f30ce01fbdcb37d82f9968406e9d4bcecee67772cda364f5f598d4f70aca0bc5,,TRIT-TC,TRIT-TC\TRIT-TC\c5315_T209\c5315_T209.v,Clean,TrustHub_verified_variant,1,trusthub_constructed_documented,High,None,None,None,TrustHub TRIT Benchmark
ef254be16ec50cf2e719d1f86f49d60be0691caad09c6d0e586a6dabe715a169,,TRIT-TC,TRIT-TC\TRIT-TC\c6288_T000\c6288_T000.v,Clean,TrustHub_verified_variant,1,trusthub_constructed_documented,High,None,None,None,TrustHub TRIT Benchmark
6c289b5b03ea5bb8f104629fdeb1207148404ba0cf9185cb21852c32cd2ce7dd,,TRIT-TC,TRIT-TC\TRIT-TC\c6288_T001\c6288_T001.v,Clean,TrustHub_verified_variant,1,trusthub_constructed_documented,High,None,None,None,TrustHub TRIT Benchmark
0a6b62fab8566be7d2abd05dd77c26ca62d172a2b11d129ce5c93241eb3163b6,,TRIT-TC,TRIT-TC\TRIT-TC\c6288_T002\c6288_T002.v,Clean,TrustHub_verified_variant,1,trusthub_constructed_documented,High,None,None,None,TrustHub TRIT Benchmark
e4f4d35ae0694c33203d12240cafe032e51d70848c5d6b63e68d314b4d2da371,,TRIT-TC,TRIT-TC\TRIT-TC\c6288_T003\c6288_T003.v,Clean,TrustHub_verified_variant,1,trusthub_constructed_documented,High,None,None,None,TrustHub TRIT Benchmark
4056f9ff11bf679e21c161cd6c2c7ae58c79d9947fe6fafd668bf9a00131fdcd,,TRIT-TC,TRIT-TC\TRIT-TC\c6288_T004\c6288_T004.v,Clean,TrustHub_verified_variant,1,trusthub_constructed_documented,High,None,None,None,TrustHub TRIT Benchmark
5aa6706fd6bbfef911c59630996fc309eb0f86eac103cd90005153f939d1a958,,TRIT-TC,TRIT-TC\TRIT-TC\c6288_T005\c6288_T005.v,Clean,TrustHub_verified_variant,1,trusthub_constructed_documented,High,None,None,None,TrustHub TRIT Benchmark
e62ec25eac51cbf82ca321a5d2444e201c859c921c4c0daab646efba546068ac,,TRIT-TC,TRIT-TC\TRIT-TC\c6288_T006\c6288_T006.v,Clean,TrustHub_verified_variant,1,trusthub_constructed_documented,High,None,None,None,TrustHub TRIT Benchmark
1313fd9eccf03b1b46a84de547a563d93096859bb16dcc178a1f973b60c0b24b,,TRIT-TC,TRIT-TC\TRIT-TC\c6288_T007\c6288_T007.v,Clean,TrustHub_verified_variant,1,trusthub_constructed_documented,High,None,None,None,TrustHub TRIT Benchmark
335f62191423ed26f0fb2bb5028597eed78ede3c4e4912a0944121c2e0c66667,,TRIT-TC,TRIT-TC\TRIT-TC\c6288_T008\c6288_T008.v,Clean,TrustHub_verified_variant,1,trusthub_constructed_documented,High,None,None,None,TrustHub TRIT Benchmark
2d0c5ba1916e991143e9960110f8c02516a85a7cacf4104daf8e64bf3deeec2f,,TRIT-TC,TRIT-TC\TRIT-TC\c6288_T009\c6288_T009.v,Clean,TrustHub_verified_variant,1,trusthub_constructed_documented,High,None,None,None,TrustHub TRIT Benchmark
3c25ae88af0ac04c7d5e2ea9854e8086c1a82c51401fbb9dd04f91e62681e80a,,TRIT-TC,TRIT-TC\TRIT-TC\c6288_T010\c6288_T010.v,Clean,TrustHub_verified_variant,1,trusthub_constructed_documented,High,None,None,None,TrustHub TRIT Benchmark
7e208ac1aedc6f9e89f764f7b274a8522117de6da4054d135e430140875e6815,,TRIT-TC,TRIT-TC\TRIT-TC\c6288_T011\c6288_T011.v,Clean,TrustHub_verified_variant,1,trusthub_constructed_documented,High,None,None,None,TrustHub TRIT Benchmark
b30aca22e53e8a6329d425e3a67f482fb79a302bfd5dc4ed093070ec43b10ead,,TRIT-TC,TRIT-TC\TRIT-TC\c6288_T012\c6288_T012.v,Clean,TrustHub_verified_variant,1,trusthub_constructed_documented,High,None,None,None,TrustHub TRIT Benchmark
89770e5860faf9afca7cd4e464b0caa679195f3b086620573a85fe2057b89ba8,,TRIT-TC,TRIT-TC\TRIT-TC\c6288_T013\c6288_T013.v,Clean,TrustHub_verified_variant,1,trusthub_constructed_documented,High,None,None,None,TrustHub TRIT Benchmark
15bf81fcc88b734a45fa5ab41d2654d51290f2c6eb85ef6c0633cd98688a8cb5,,TRIT-TC,TRIT-TC\TRIT-TC\c6288_T014\c6288_T014.v,Clean,TrustHub_verified_variant,1,trusthub_constructed_documented,High,None,None,None,TrustHub TRIT Benchmark
ff431c3d0f2325e81dac136e6d90237e41ba9a30d1f2b89e93dddea022e7a308,,TRIT-TC,TRIT-TC\TRIT-TC\c6288_T015\c6288_T015.v,Clean,TrustHub_verified_variant,1,trusthub_constructed_documented,High,None,None,None,TrustHub TRIT Benchmark
77df499cc1bfab30f957f48078cfd70f4ff63ab9c1a80ec2dffd93255d145385,,TRIT-TC,TRIT-TC\TRIT-TC\c6288_T016\c6288_T016.v,Clean,TrustHub_verified_variant,1,trusthub_constructed_documented,High,None,None,None,TrustHub TRIT Benchmark
fcb189a37e44e5d3a8b61dc288aded2c712016dd752bc538322b5bdf6c6d2721,,TRIT-TC,TRIT-TC\TRIT-TC\c6288_T017\c6288_T017.v,Clean,TrustHub_verified_variant,1,trusthub_constructed_documented,High,None,None,None,TrustHub TRIT Benchmark
f6abfc878dbe4313d39b905fc2be55868504bedc5f8aa3b8354614a7c823ca6c,,TRIT-TC,TRIT-TC\TRIT-TC\c6288_T018\c6288_T018.v,Clean,TrustHub_verified_variant,1,trusthub_constructed_documented,High,None,None,None,TrustHub TRIT Benchmark
0c19e89ed8ce7e1ddc30e844e46d8a6427e0dee29fdf547858545ef96b78f29f,,TRIT-TC,TRIT-TC\TRIT-TC\c6288_T019\c6288_T019.v,Clean,TrustHub_verified_variant,1,trusthub_constructed_documented,High,None,None,None,TrustHub TRIT Benchmark
f946301694b48ae1e0aa0a7924dc14a52200277afb00ca0000d33b689cbba583,,TRIT-TC,TRIT-TC\TRIT-TC\c6288_T020\c6288_T020.v,Clean,TrustHub_verified_variant,1,trusthub_constructed_documented,High,None,None,None,TrustHub TRIT Benchmark
f81e7e203ffcc08ff8ae6cd17b8f56e13c7f01cd36ee9dbea7c987d999cf60b2,,TRIT-TC,TRIT-TC\TRIT-TC\c6288_T021\c6288_T021.v,Clean,TrustHub_verified_variant,1,trusthub_constructed_documented,High,None,None,None,TrustHub TRIT Benchmark
4facd157a303481d7871b732f51d7b7b64e797a046c5689d65fef56e7fbe512b,,TRIT-TC,TRIT-TC\TRIT-TC\c6288_T022\c6288_T022.v,Clean,TrustHub_verified_variant,1,trusthub_constructed_documented,High,None,None,None,TrustHub TRIT Benchmark
b185bb6d358db1479af88fc6f79043f40c0c263253a672f907021e1a6be8be82,,TRIT-TC,TRIT-TC\TRIT-TC\c6288_T023\c6288_T023.v,Clean,TrustHub_verified_variant,1,trusthub_constructed_documented,High,None,None,None,TrustHub TRIT Benchmark
9b2e65dc07b32c2ba9806a8e1bf904df5a884ac380d153424d817cf9a48593ee,,TRIT-TC,TRIT-TC\TRIT-TC\c6288_T024\c6288_T024.v,Clean,TrustHub_verified_variant,1,trusthub_constructed_documented,High,None,None,None,TrustHub TRIT Benchmark
a208ec8b30ee5c81aeead392c1983c3dc49facfd23de6e0bc72a5fd7bdabff0c,,TRIT-TC,TRIT-TC\TRIT-TC\c6288_T025\c6288_T025.v,Clean,TrustHub_verified_variant,1,trusthub_constructed_documented,High,None,None,None,TrustHub TRIT Benchmark
d905a250164786596c503c7f56da88755f4a2f48e4c7aed2800a231a2cea6e4d,,TRIT-TC,TRIT-TC\TRIT-TC\c6288_T026\c6288_T026.v,Clean,TrustHub_verified_variant,1,trusthub_constructed_documented,High,None,None,None,TrustHub TRIT Benchmark
10a3c37ba3d4c6f8d29e31355aabed65e0b8be3799ca4905e8c3346a56afe4c1,,TRIT-TC,TRIT-TC\TRIT-TC\c6288_T027\c6288_T027.v,Clean,TrustHub_verified_variant,1,trusthub_constructed_documented,High,None,None,None,TrustHub TRIT Benchmark
88f77cd2766cce68231013906e27020e5e2407b5d741a894a6fce80a6958c7ec,,TRIT-TC,TRIT-TC\TRIT-TC\c6288_T028\c6288_T028.v,Clean,TrustHub_verified_variant,1,trusthub_constructed_documented,High,None,None,None,TrustHub TRIT Benchmark
beacb93106424da5be06f11088039c12ae851deb4ee8704acb0cd44face0e76c,,TRIT-TC,TRIT-TC\TRIT-TC\c6288_T029\c6288_T029.v,Clean,TrustHub_verified_variant,1,trusthub_constructed_documented,High,None,None,None,TrustHub TRIT Benchmark
bafd6d4b36756c6bfe85db1f16f77ccfd1709bbdfc6306f9c5392cf8cc54981e,,TRIT-TC,TRIT-TC\TRIT-TC\c6288_T030\c6288_T030.v,Clean,TrustHub_verified_variant,1,trusthub_constructed_documented,High,None,None,None,TrustHub TRIT Benchmark
251d07e3c4114956a527f0ecfaaaee593e876b4080c0fa421990ecddaf758b7e,,TRIT-TC,TRIT-TC\TRIT-TC\c6288_T031\c6288_T031.v,Clean,TrustHub_verified_variant,1,trusthub_constructed_documented,High,None,None,None,TrustHub TRIT Benchmark
179320926a6747a3a4ccedf5d27fdb3d6aae13ea4a1a897afb261053e572315b,,TRIT-TC,TRIT-TC\TRIT-TC\c6288_T032\c6288_T032.v,Clean,TrustHub_verified_variant,1,trusthub_constructed_documented,High,None,None,None,TrustHub TRIT Benchmark
3fc44614bbaa5219dee6936af63c9f76103aa55a69f6fc91a300918122c002cd,,TRIT-TC,TRIT-TC\TRIT-TC\c6288_T033\c6288_T033.v,Clean,TrustHub_verified_variant,1,trusthub_constructed_documented,High,None,None,None,TrustHub TRIT Benchmark
ab084848d46aaad7718479f4f856dac01791c9f20a9dc0f305bfcb498ac3f78b,,TRIT-TC,TRIT-TC\TRIT-TC\c6288_T034\c6288_T034.v,Clean,TrustHub_verified_variant,1,trusthub_constructed_documented,High,None,None,None,TrustHub TRIT Benchmark
9dd947fcf9f9a85a98c70750d16e79bed0a99b3b3c75599dc250b9564be75431,,TRIT-TC,TRIT-TC\TRIT-TC\c6288_T035\c6288_T035.v,Clean,TrustHub_verified_variant,1,trusthub_constructed_documented,High,None,None,None,TrustHub TRIT Benchmark
cd73e9647265e71d26da6754696f867311aeefe50e4debb4ddf353a21b28260e,,TRIT-TC,TRIT-TC\TRIT-TC\c6288_T036\c6288_T036.v,Clean,TrustHub_verified_variant,1,trusthub_constructed_documented,High,None,None,None,TrustHub TRIT Benchmark
5544286300b009fa2a32e87677c7c5dd5ca1d2578721ec762e34c61a8deba35a,,TRIT-TC,TRIT-TC\TRIT-TC\c6288_T037\c6288_T037.v,Clean,TrustHub_verified_variant,1,trusthub_constructed_documented,High,None,None,None,TrustHub TRIT Benchmark
173a41776fa66f9f8f9d6b25cd7f52d7ed106b788d1c1eb34878fd2fcc3dbee6,,TRIT-TC,TRIT-TC\TRIT-TC\c6288_T038\c6288_T038.v,Clean,TrustHub_verified_variant,1,trusthub_constructed_documented,High,None,None,None,TrustHub TRIT Benchmark
ce695684759b4066f9660d82d1d4c315e0d8a706e24cbcc544b8e07350fb80e6,,TRIT-TC,TRIT-TC\TRIT-TC\c6288_T039\c6288_T039.v,Clean,TrustHub_verified_variant,1,trusthub_constructed_documented,High,None,None,None,TrustHub TRIT Benchmark
d4afbf1a0a528f84184faffe437cce28730008ff2115092e7636c66a1789a8f5,,TRIT-TC,TRIT-TC\TRIT-TC\c6288_T040\c6288_T040.v,Clean,TrustHub_verified_variant,1,trusthub_constructed_documented,High,None,None,None,TrustHub TRIT Benchmark
dddbeddcf403edca4182eed2e395ca11d69c3bde684c417ac06c4a949ef93a22,,TRIT-TC,TRIT-TC\TRIT-TC\c6288_T041\c6288_T041.v,Clean,TrustHub_verified_variant,1,trusthub_constructed_documented,High,None,None,None,TrustHub TRIT Benchmark
ae1dbbb73a82b563200a4d70dbc514f69122fb21eabdc0d391d26688fb8c2044,,TRIT-TC,TRIT-TC\TRIT-TC\c6288_T042\c6288_T042.v,Clean,TrustHub_verified_variant,1,trusthub_constructed_documented,High,None,None,None,TrustHub TRIT Benchmark
788af16f93d8a994b4a17a6df2da10d787f4d32c9dbe08484269b0ff6cfe1e1f,,TRIT-TC,TRIT-TC\TRIT-TC\c6288_T043\c6288_T043.v,Clean,TrustHub_verified_variant,1,trusthub_constructed_documented,High,None,None,None,TrustHub TRIT Benchmark
cd3a396e51ff09a9633512b84da8d6bca84d91351edaed70881f86a162eb2105,,TRIT-TC,TRIT-TC\TRIT-TC\c6288_T044\c6288_T044.v,Clean,TrustHub_verified_variant,1,trusthub_constructed_documented,High,None,None,None,TrustHub TRIT Benchmark
bab504223ae51f2dd113c3ae10d254d5b17a3384c9616ad5d47ca8ef003786a3,,TRIT-TC,TRIT-TC\TRIT-TC\c6288_T045\c6288_T045.v,Clean,TrustHub_verified_variant,1,trusthub_constructed_documented,High,None,None,None,TrustHub TRIT Benchmark
ef1e513d9f5590bd3a097f8aa84a4d3ab73f28b1d13fc9a9e660d8d717d20787,,TRIT-TC,TRIT-TC\TRIT-TC\c6288_T046\c6288_T046.v,Clean,TrustHub_verified_variant,1,trusthub_constructed_documented,High,None,None,None,TrustHub TRIT Benchmark
a303d350832477a41ef671dc792283d219acb1e7305839aa5a23dee577ac966e,,TRIT-TC,TRIT-TC\TRIT-TC\c6288_T047\c6288_T047.v,Clean,TrustHub_verified_variant,1,trusthub_constructed_documented,High,None,None,None,TrustHub TRIT Benchmark
6a45cfa8a91f28f16ecaee3534b035c9f91fa4e9370d72de9a71f8f950c9b3ff,,TRIT-TC,TRIT-TC\TRIT-TC\c6288_T048\c6288_T048.v,Clean,TrustHub_verified_variant,1,trusthub_constructed_documented,High,None,None,None,TrustHub TRIT Benchmark
8cf06a21454d4a70f2865b90b213a13a4a508c7a21ff8b52a6941bf50f877116,,TRIT-TC,TRIT-TC\TRIT-TC\c6288_T049\c6288_T049.v,Clean,TrustHub_verified_variant,1,trusthub_constructed_documented,High,None,None,None,TrustHub TRIT Benchmark
86fd2b39e9804582c5514ac14231ccd461af4c9bd3a410a8fa2ec4cfcbe6cd6d,,TRIT-TC,TRIT-TC\TRIT-TC\c6288_T050\c6288_T050.v,Clean,TrustHub_verified_variant,1,trusthub_constructed_documented,High,None,None,None,TrustHub TRIT Benchmark
739e8fdc7ec221709a551c6b8c4752a9e034cbc60d0928ce5252fc15d2bbb9f5,,TRIT-TC,TRIT-TC\TRIT-TC\c6288_T051\c6288_T051.v,Clean,TrustHub_verified_variant,1,trusthub_constructed_documented,High,None,None,None,TrustHub TRIT Benchmark
070a667d0c0c5b18495ce861d5beffe73db269c94ae95e7293c44ca183289ec3,,TRIT-TC,TRIT-TC\TRIT-TC\c6288_T052\c6288_T052.v,Clean,TrustHub_verified_variant,1,trusthub_constructed_documented,High,None,None,None,TrustHub TRIT Benchmark
28fcb5f7d7facbbf7fd712446d84c0e74378306b482b88e244070705653fde73,,TRIT-TC,TRIT-TC\TRIT-TC\c6288_T053\c6288_T053.v,Clean,TrustHub_verified_variant,1,trusthub_constructed_documented,High,None,None,None,TrustHub TRIT Benchmark
1029f03ca1b34b282629504453a7fe2116de3fdb2626d00282ed57610f34c21f,,TRIT-TC,TRIT-TC\TRIT-TC\c6288_T054\c6288_T054.v,Clean,TrustHub_verified_variant,1,trusthub_constructed_documented,High,None,None,None,TrustHub TRIT Benchmark
589ddfdc88a5a86d4c8aa2399da1334f2f3c7ab8af6eb920f2745c29b9a1fead,,TRIT-TC,TRIT-TC\TRIT-TC\c6288_T055\c6288_T055.v,Clean,TrustHub_verified_variant,1,trusthub_constructed_documented,High,None,None,None,TrustHub TRIT Benchmark
5dfd973e6703041854e5f75986bd3871d3f8ea8c5855c044720fecaff3855add,,TRIT-TC,TRIT-TC\TRIT-TC\c6288_T056\c6288_T056.v,Clean,TrustHub_verified_variant,1,trusthub_constructed_documented,High,None,None,None,TrustHub TRIT Benchmark
d2c2388ab9ea047faf991da8e2f5151be2cdac58bf3dda109c13a7d684c29ca8,,TRIT-TC,TRIT-TC\TRIT-TC\c6288_T057\c6288_T057.v,Clean,TrustHub_verified_variant,1,trusthub_constructed_documented,High,None,None,None,TrustHub TRIT Benchmark
f57e29e30be1d4d393c9496d84d1b4bc122944d91a8b55c070a737e995db90eb,,TRIT-TC,TRIT-TC\TRIT-TC\c6288_T058\c6288_T058.v,Clean,TrustHub_verified_variant,1,trusthub_constructed_documented,High,None,None,None,TrustHub TRIT Benchmark
c8580e7e4b647f610fe2905452bbb9eddc5681aa2c6e9f47d349e71c5fb3d564,,TRIT-TC,TRIT-TC\TRIT-TC\c6288_T059\c6288_T059.v,Clean,TrustHub_verified_variant,1,trusthub_constructed_documented,High,None,None,None,TrustHub TRIT Benchmark
f941f53cf5e96d595245c953e095110327d6a8172f8e1e989b8436848e971eff,,TRIT-TC,TRIT-TC\TRIT-TC\c6288_T060\c6288_T060.v,Clean,TrustHub_verified_variant,1,trusthub_constructed_documented,High,None,None,None,TrustHub TRIT Benchmark
0c4964b59f8f3dbc4322d5802e9fcbb0007992efb8d1b9d85f82638b5780b900,,TRIT-TC,TRIT-TC\TRIT-TC\c6288_T061\c6288_T061.v,Clean,TrustHub_verified_variant,1,trusthub_constructed_documented,High,None,None,None,TrustHub TRIT Benchmark
23d451d0b9d98e99ea1204f77ab34599eba98554a087fedf4a49df59034b1a89,,TRIT-TC,TRIT-TC\TRIT-TC\c6288_T062\c6288_T062.v,Clean,TrustHub_verified_variant,1,trusthub_constructed_documented,High,None,None,None,TrustHub TRIT Benchmark
9f6a349958999711eedbf219e7bd5462c0ac126717315b00b471709cf3763dbd,,TRIT-TC,TRIT-TC\TRIT-TC\c6288_T063\c6288_T063.v,Clean,TrustHub_verified_variant,1,trusthub_constructed_documented,High,None,None,None,TrustHub TRIT Benchmark
fcaa4555ca5b761dd0f2118953640b5dff796069182382e0aa296f0ff8c5cb94,,TRIT-TC,TRIT-TC\TRIT-TC\c6288_T064\c6288_T064.v,Clean,TrustHub_verified_variant,1,trusthub_constructed_documented,High,None,None,None,TrustHub TRIT Benchmark
9752ec8d92c43a024c766f22452a0244143ad7aaa4126ad0526c8310f2884c0f,,TRIT-TC,TRIT-TC\TRIT-TC\c6288_T065\c6288_T065.v,Clean,TrustHub_verified_variant,1,trusthub_constructed_documented,High,None,None,None,TrustHub TRIT Benchmark
c26baa7755c29ff48dd2899d4301f51c9fc48d565e426676956689f8230262dd,,TRIT-TC,TRIT-TC\TRIT-TC\c6288_T066\c6288_T066.v,Clean,TrustHub_verified_variant,1,trusthub_constructed_documented,High,None,None,None,TrustHub TRIT Benchmark
888e4df6d43de73604c003a9debf8e137a6f9d39974f9dc17a7a42bb9439a3a0,,TRIT-TC,TRIT-TC\TRIT-TC\c6288_T067\c6288_T067.v,Clean,TrustHub_verified_variant,1,trusthub_constructed_documented,High,None,None,None,TrustHub TRIT Benchmark
a2fca047e5d83383b20f132bf0cf6e3d51ce560155b82d6cc8c7890f1ff8fa28,,TRIT-TC,TRIT-TC\TRIT-TC\c6288_T068\c6288_T068.v,Clean,TrustHub_verified_variant,1,trusthub_constructed_documented,High,None,None,None,TrustHub TRIT Benchmark
05a9d7ac5977307fed79478d6a25b42515ae24fe8648d1fb637f106e35fb512d,,TRIT-TC,TRIT-TC\TRIT-TC\c6288_T069\c6288_T069.v,Clean,TrustHub_verified_variant,1,trusthub_constructed_documented,High,None,None,None,TrustHub TRIT Benchmark
f0d97ba90cc3edb7cbcc7f5088070c818c73bb116556f1bcd815b5922099ae4e,,TRIT-TC,TRIT-TC\TRIT-TC\c6288_T070\c6288_T070.v,Clean,TrustHub_verified_variant,1,trusthub_constructed_documented,High,None,None,None,TrustHub TRIT Benchmark
b195f5ed1c3a7c6e98cc509a1f2c00995c58612a496954972cfc821bd488d6a7,,TRIT-TC,TRIT-TC\TRIT-TC\c6288_T071\c6288_T071.v,Clean,TrustHub_verified_variant,1,trusthub_constructed_documented,High,None,None,None,TrustHub TRIT Benchmark
67c784faf1327011a04acd6b4833fd0205feca81ff03037883d7a084cc06b98a,,TRIT-TC,TRIT-TC\TRIT-TC\c6288_T072\c6288_T072.v,Clean,TrustHub_verified_variant,1,trusthub_constructed_documented,High,None,None,None,TrustHub TRIT Benchmark
05c354a22c07aac7340ba34d1c5c95696ece61eeba05ee6e6e97479ee694827a,,TRIT-TC,TRIT-TC\TRIT-TC\c6288_T073\c6288_T073.v,Clean,TrustHub_verified_variant,1,trusthub_constructed_documented,High,None,None,None,TrustHub TRIT Benchmark
df0089ec21b5a115b9496676e53db52c5c17794a689b3056f192a2d0c4ae3c7a,,TRIT-TC,TRIT-TC\TRIT-TC\c6288_T074\c6288_T074.v,Clean,TrustHub_verified_variant,1,trusthub_constructed_documented,High,None,None,None,TrustHub TRIT Benchmark
0bd9e2de376dcdc9f1a14bb27743a1623b0f7c743c53c968b38a4dd1c0033fac,,TRIT-TC,TRIT-TC\TRIT-TC\c6288_T075\c6288_T075.v,Clean,TrustHub_verified_variant,1,trusthub_constructed_documented,High,None,None,None,TrustHub TRIT Benchmark
e1e3bd75bd8dce1ebd21b4b4084b76df39254b15c4329971f9708dc52bcb08da,,TRIT-TC,TRIT-TC\TRIT-TC\c6288_T076\c6288_T076.v,Clean,TrustHub_verified_variant,1,trusthub_constructed_documented,High,None,None,None,TrustHub TRIT Benchmark
dca66648ce402b79865460769d4d83bca75bf61d79a7018a542817459107d67e,,TRIT-TC,TRIT-TC\TRIT-TC\c6288_T077\c6288_T077.v,Clean,TrustHub_verified_variant,1,trusthub_constructed_documented,High,None,None,None,TrustHub TRIT Benchmark
13e5fbeb812be0c088923586597703440336028d22710b9c84460797e8c746bd,,TRIT-TC,TRIT-TC\TRIT-TC\c6288_T078\c6288_T078.v,Clean,TrustHub_verified_variant,1,trusthub_constructed_documented,High,None,None,None,TrustHub TRIT Benchmark
df5c8ebeed3e30a05dbd4b46b3d7737f71de07c89c573a3af3ec315546f24f79,,TRIT-TC,TRIT-TC\TRIT-TC\c6288_T079\c6288_T079.v,Clean,TrustHub_verified_variant,1,trusthub_constructed_documented,High,None,None,None,TrustHub TRIT Benchmark
85611cb268e3f10617a858d5deee12a7ff4c5a9106f5de72903f9a753e43c035,,TRIT-TC,TRIT-TC\TRIT-TC\c6288_T080\c6288_T080.v,Clean,TrustHub_verified_variant,1,trusthub_constructed_documented,High,None,None,None,TrustHub TRIT Benchmark
35ec25936e5f8d10c7909e4b7dfc36b58726cd7b945611f772c4177d84b9972a,,TRIT-TC,TRIT-TC\TRIT-TC\c6288_T081\c6288_T081.v,Clean,TrustHub_verified_variant,1,trusthub_constructed_documented,High,None,None,None,TrustHub TRIT Benchmark
405d53d9a301cb0ab601a0af12ff75e7341350990c9eec4712c3d24d505a4c86,,TRIT-TC,TRIT-TC\TRIT-TC\c6288_T082\c6288_T082.v,Clean,TrustHub_verified_variant,1,trusthub_constructed_documented,High,None,None,None,TrustHub TRIT Benchmark
1965c7001da2b2b0752c2edea3d2609d5945845f2c6026fc07c23ed50515cf6d,,TRIT-TC,TRIT-TC\TRIT-TC\c6288_T083\c6288_T083.v,Clean,TrustHub_verified_variant,1,trusthub_constructed_documented,High,None,None,None,TrustHub TRIT Benchmark
112de1e3a89e3074288b91adfb0e5e0091bd446b14a0eed97eaac144be1b6b26,,TRIT-TC,TRIT-TC\TRIT-TC\c6288_T084\c6288_T084.v,Clean,TrustHub_verified_variant,1,trusthub_constructed_documented,High,None,None,None,TrustHub TRIT Benchmark
ec20e5798c3aad36a56872d76622ae63a7688f5cb81beca769e8dca087a51808,,TRIT-TC,TRIT-TC\TRIT-TC\c6288_T085\c6288_T085.v,Clean,TrustHub_verified_variant,1,trusthub_constructed_documented,High,None,None,None,TrustHub TRIT Benchmark
63f3d8c162dea535bafa1308bfcd4c11218807cdad9bb2cc5ca398b5ee211f4b,,TRIT-TC,TRIT-TC\TRIT-TC\c6288_T086\c6288_T086.v,Clean,TrustHub_verified_variant,1,trusthub_constructed_documented,High,None,None,None,TrustHub TRIT Benchmark
088f0d218f11398b3cdef61b74642b8fdc7fbac8bc17e599535c788d9563e991,,TRIT-TC,TRIT-TC\TRIT-TC\c6288_T087\c6288_T087.v,Clean,TrustHub_verified_variant,1,trusthub_constructed_documented,High,None,None,None,TrustHub TRIT Benchmark
623b1d5ef1a73000f8856d2acf4f2ce7cc19c8b45e97d2d7494b4a24b0dc2c12,,TRIT-TC,TRIT-TC\TRIT-TC\c6288_T088\c6288_T088.v,Clean,TrustHub_verified_variant,1,trusthub_constructed_documented,High,None,None,None,TrustHub TRIT Benchmark
ad85e705c54a5cf75ffd77a7f6a4afb392d16fd657dbc291f5c6875b85056806,,TRIT-TC,TRIT-TC\TRIT-TC\c6288_T089\c6288_T089.v,Clean,TrustHub_verified_variant,1,trusthub_constructed_documented,High,None,None,None,TrustHub TRIT Benchmark
6ba44d7406ce981e8586f1b0a1ee66718469239e55d41d5ddca82b3d5fc66b2c,,TRIT-TC,TRIT-TC\TRIT-TC\c6288_T090\c6288_T090.v,Clean,TrustHub_verified_variant,1,trusthub_constructed_documented,High,None,None,None,TrustHub TRIT Benchmark
627d9eca608591fcec7b4af374373a908576cd9efb468e3eda7efff9a3cee92f,,TRIT-TC,TRIT-TC\TRIT-TC\c6288_T091\c6288_T091.v,Clean,TrustHub_verified_variant,1,trusthub_constructed_documented,High,None,None,None,TrustHub TRIT Benchmark
215fa728ef87d0f8b4c007e5d85cdd28210c46fee407c4496dfbabff9cbb4e10,,TRIT-TC,TRIT-TC\TRIT-TC\c6288_T092\c6288_T092.v,Clean,TrustHub_verified_variant,1,trusthub_constructed_documented,High,None,None,None,TrustHub TRIT Benchmark
3196ba8b62ffc1084a462cb3f8a8d1566484c512b8c4482ba08f84008ebbd113,,TRIT-TC,TRIT-TC\TRIT-TC\c6288_T093\c6288_T093.v,Clean,TrustHub_verified_variant,1,trusthub_constructed_documented,High,None,None,None,TrustHub TRIT Benchmark
c4e26befd6259179a08a5c14ae8039cee951fe73a5f8241054afa7384ba51812,,TRIT-TC,TRIT-TC\TRIT-TC\c6288_T094\c6288_T094.v,Clean,TrustHub_verified_variant,1,trusthub_constructed_documented,High,None,None,None,TrustHub TRIT Benchmark
4a3ca378d575d547fcf1c976448f329667419cc7ef0d2217e4bc4f003beeea2d,,TRIT-TC,TRIT-TC\TRIT-TC\c6288_T095\c6288_T095.v,Clean,TrustHub_verified_variant,1,trusthub_constructed_documented,High,None,None,None,TrustHub TRIT Benchmark
9b134ae0d230de8eb9fb0ecd408ae73da22b0156694d02898b7a35124da6c81d,,TRIT-TC,TRIT-TC\TRIT-TC\c6288_T096\c6288_T096.v,Clean,TrustHub_verified_variant,1,trusthub_constructed_documented,High,None,None,None,TrustHub TRIT Benchmark
035b2c85e82460162160a9d8c1e47427b75c4ad72589506a64fd8e36d96c66aa,,TRIT-TC,TRIT-TC\TRIT-TC\c6288_T097\c6288_T097.v,Clean,TrustHub_verified_variant,1,trusthub_constructed_documented,High,None,None,None,TrustHub TRIT Benchmark
bdc0ac87f5fcf8cc0f95669cba763754d05c6df8ea78a6aa33187e9cba765627,,TRIT-TC,TRIT-TC\TRIT-TC\c6288_T098\c6288_T098.v,Clean,TrustHub_verified_variant,1,trusthub_constructed_documented,High,None,None,None,TrustHub TRIT Benchmark
6b7dbd25315c11c68f3cad5fc9659fbf64199c9733f8faacce2eaf85e2f6d150,,TRIT-TC,TRIT-TC\TRIT-TC\c6288_T099\c6288_T099.v,Clean,TrustHub_verified_variant,1,trusthub_constructed_documented,High,None,None,None,TrustHub TRIT Benchmark
0d94ea7ae7b5f5648015e1c53fb2f9e399ac733c2db2d1c11ca34aa30e86042e,,TRIT-TC,TRIT-TC\TRIT-TC\c6288_T200\c6288_T200.v,Clean,TrustHub_verified_variant,1,trusthub_constructed_documented,High,None,None,None,TrustHub TRIT Benchmark
c6b1defdea6ef068bf094bfbbbad7f38412c61d5c5495ea65ce14fa852cb29ee,,TRIT-TC,TRIT-TC\TRIT-TC\c6288_T201\c6288_T201.v,Clean,TrustHub_verified_variant,1,trusthub_constructed_documented,High,None,None,None,TrustHub TRIT Benchmark
903e8bf084220ae85c1e988924e02a36464293f6f98059dd2f8b43adf753177e,,TRIT-TC,TRIT-TC\TRIT-TC\c6288_T202\c6288_T202.v,Clean,TrustHub_verified_variant,1,trusthub_constructed_documented,High,None,None,None,TrustHub TRIT Benchmark
3aeda7f3adb58f98e689381c1108b4dbeef74e0dda891ec13285719089c8806f,,TRIT-TC,TRIT-TC\TRIT-TC\c6288_T203\c6288_T203.v,Clean,TrustHub_verified_variant,1,trusthub_constructed_documented,High,None,None,None,TrustHub TRIT Benchmark
d6e7b72898585211c302edeb220385db6ef27974ae6b18c517827e1e2925e9f9,,TRIT-TC,TRIT-TC\TRIT-TC\c6288_T204\c6288_T204.v,Clean,TrustHub_verified_variant,1,trusthub_constructed_documented,High,None,None,None,TrustHub TRIT Benchmark
f545282521ab39ca89859e819d412877bf1eab09d45098bda370a3c73031b37b,,TRIT-TC,TRIT-TC\TRIT-TC\c6288_T205\c6288_T205.v,Clean,TrustHub_verified_variant,1,trusthub_constructed_documented,High,None,None,None,TrustHub TRIT Benchmark
68a5a224e7fceb42a29702d56f3593fc67020f44de7f95fde605750d3cfb560a,,TRIT-TC,TRIT-TC\TRIT-TC\c6288_T206\c6288_T206.v,Clean,TrustHub_verified_variant,1,trusthub_constructed_documented,High,None,None,None,TrustHub TRIT Benchmark
b2440a07247b052ab29abab219b229a98370541596f305c218d8ebf612598375,,TRIT-TC,TRIT-TC\TRIT-TC\c6288_T207\c6288_T207.v,Clean,TrustHub_verified_variant,1,trusthub_constructed_documented,High,None,None,None,TrustHub TRIT Benchmark
df73f7110a8fd2af1f89e358f431a114fb2d5ab667aa64c2f24238c94988f10f,,TRIT-TC,TRIT-TC\TRIT-TC\c6288_T208\c6288_T208.v,Clean,TrustHub_verified_variant,1,trusthub_constructed_documented,High,None,None,None,TrustHub TRIT Benchmark
5cc55cdafeb3ef633d74805de3d086bf3c64f8a92f56fb9aa845201f89e149d4,,TRIT-TC,TRIT-TC\TRIT-TC\c6288_T209\c6288_T209.v,Clean,TrustHub_verified_variant,1,trusthub_constructed_documented,High,None,None,None,TrustHub TRIT Benchmark
2a994880951891d7ea020e62189bcd7ee536a706defddd1bfe4f47e9ef5684a5,,TRIT-TC,TRIT-TC\TRIT-TC\original_designs\c2670.v,Clean,TrustHub_verified_variant,1,trusthub_constructed_documented,High,None,None,None,TrustHub TRIT Benchmark
22c7abf90406fb06a9d1d835912195b8948703d3bb4120ae7823cc3eb13a2b94,,TRIT-TC,TRIT-TC\TRIT-TC\original_designs\c3540.v,Clean,TrustHub_verified_variant,1,trusthub_constructed_documented,High,None,None,None,TrustHub TRIT Benchmark
2b9fc2d4db5b397853218b84367cb575e9d06cc66fbf1a1132751ab5a073ac54,,TRIT-TC,TRIT-TC\TRIT-TC\original_designs\c5315.v,Clean,TrustHub_verified_variant,1,trusthub_constructed_documented,High,None,None,None,TrustHub TRIT Benchmark
236c6812c0c48587506d4020e0c37f3ec502acb597d56c655ec2e745dace7c6f,,TRIT-TC,TRIT-TC\TRIT-TC\original_designs\c6288.v,Clean,TrustHub_verified_variant,1,trusthub_constructed_documented,High,None,None,None,TrustHub TRIT Benchmark
7e9299f2d8c7fceacfba468bbfcd36c254a1bd66bba71280a12341b90cacf95c,,TRIT-TC,TRIT-TC\TRIT-TC\original_designs\s13207scan.v,Clean,TrustHub_verified_variant,1,trusthub_constructed_documented,High,None,None,None,TrustHub TRIT Benchmark
015e52d56c886b4d333adc4c23b84318a0a6d33b45f7c874a6f15aad762de030,,TRIT-TC,TRIT-TC\TRIT-TC\original_designs\s1423scan.v,Clean,TrustHub_verified_variant,1,trusthub_constructed_documented,High,None,None,None,TrustHub TRIT Benchmark
3a7fa0936a874b8409c2dcccfe43b69cf73aa4bb2c35c071d2cd60a8efbd5e16,,TRIT-TC,TRIT-TC\TRIT-TC\original_designs\s15850scan.v,Clean,TrustHub_verified_variant,1,trusthub_constructed_documented,High,None,None,None,TrustHub TRIT Benchmark
ca09e790d225786010a4f17252d4e669fe7af8ab010d6e1d411a0bd31db601e4,,TRIT-TC,TRIT-TC\TRIT-TC\original_designs\s35932scan.v,Clean,TrustHub_verified_variant,1,trusthub_constructed_documented,High,None,None,None,TrustHub TRIT Benchmark
629a57873713492c68e91c47395323d1703b45d88c12d3a90b6c73e9ba674a91,,TRIT-TC,TRIT-TC\TRIT-TC\s13207_T000\s13207_T000.v,Clean,TrustHub_verified_variant,1,trusthub_constructed_documented,High,None,None,None,TrustHub TRIT Benchmark
05e0ea74388fced2797c4729acead813215e5d579486076e9233fc78b971ed25,,TRIT-TC,TRIT-TC\TRIT-TC\s13207_T001\s13207_T001.v,Clean,TrustHub_verified_variant,1,trusthub_constructed_documented,High,None,None,None,TrustHub TRIT Benchmark
94153035bb2f39a227701ac3a02145696390dfee3aecdd03d362344b214a6c1f,,TRIT-TC,TRIT-TC\TRIT-TC\s13207_T002\s13207_T002.v,Clean,TrustHub_verified_variant,1,trusthub_constructed_documented,High,None,None,None,TrustHub TRIT Benchmark
727f2ec0b6e0fa2e3d455e7f0a67337070701a5879f0484f0b603f4f04fcdded,,TRIT-TC,TRIT-TC\TRIT-TC\s13207_T003\s13207_T003.v,Clean,TrustHub_verified_variant,1,trusthub_constructed_documented,High,None,None,None,TrustHub TRIT Benchmark
b283d8bcbd3adf491068d4fed4820e278c5c4386be532754cab11dbf7bdd5264,,TRIT-TC,TRIT-TC\TRIT-TC\s13207_T004\s13207_T004.v,Clean,TrustHub_verified_variant,1,trusthub_constructed_documented,High,None,None,None,TrustHub TRIT Benchmark
2a2cd850f0773d6f5d1bf0f12c5c0cda2215235050784213c20c62d883113fdf,,TRIT-TC,TRIT-TC\TRIT-TC\s13207_T005\s13207_T005.v,Clean,TrustHub_verified_variant,1,trusthub_constructed_documented,High,None,None,None,TrustHub TRIT Benchmark
e2a6dcd584538982ec3b33b0f06c9faca69e4ea093c1dd02b9b884260b286d45,,TRIT-TC,TRIT-TC\TRIT-TC\s13207_T006\s13207_T006.v,Clean,TrustHub_verified_variant,1,trusthub_constructed_documented,High,None,None,None,TrustHub TRIT Benchmark
436fd4de245edd452dafc37901206b0ccaf948f17512cb938880a2f3e29300cc,,TRIT-TC,TRIT-TC\TRIT-TC\s13207_T007\s13207_T007.v,Clean,TrustHub_verified_variant,1,trusthub_constructed_documented,High,None,None,None,TrustHub TRIT Benchmark
82f53632a481ee0e42a6002dff3eb8f7f5f5d9d835ac2e50fd03c19aa0008db0,,TRIT-TC,TRIT-TC\TRIT-TC\s13207_T008\s13207_T008.v,Clean,TrustHub_verified_variant,1,trusthub_constructed_documented,High,None,None,None,TrustHub TRIT Benchmark
61ca0baec447e11dbd5a37b921e27c87537047b1b34a078c97de7846c9fd9623,,TRIT-TC,TRIT-TC\TRIT-TC\s13207_T009\s13207_T009.v,Clean,TrustHub_verified_variant,1,trusthub_constructed_documented,High,None,None,None,TrustHub TRIT Benchmark
faf042f6e06ec9a736cfbcc2da6318f75976790b1f51cf8caed9008b83b5a818,,TRIT-TC,TRIT-TC\TRIT-TC\s13207_T010\s13207_T010.v,Clean,TrustHub_verified_variant,1,trusthub_constructed_documented,High,None,None,None,TrustHub TRIT Benchmark
d68ab510133bf256a56f65db318e5ead79eb1658738efa72674bd33a19b2c9b6,,TRIT-TC,TRIT-TC\TRIT-TC\s13207_T011\s13207_T011.v,Clean,TrustHub_verified_variant,1,trusthub_constructed_documented,High,None,None,None,TrustHub TRIT Benchmark
db2065850642342886dd18a77857a12023ed85ed54cddd80f03212a1f9aedaba,,TRIT-TC,TRIT-TC\TRIT-TC\s13207_T012\s13207_T012.v,Clean,TrustHub_verified_variant,1,trusthub_constructed_documented,High,None,None,None,TrustHub TRIT Benchmark
de22f08574358ca7675d4c6af140bcca3830590ea8c03cd1c83507777e48c2d4,,TRIT-TC,TRIT-TC\TRIT-TC\s13207_T013\s13207_T013.v,Clean,TrustHub_verified_variant,1,trusthub_constructed_documented,High,None,None,None,TrustHub TRIT Benchmark
4f5a7bfc0611cb1575c35e07ff360883c297c16ce7705ff2f6af472358ea9597,,TRIT-TC,TRIT-TC\TRIT-TC\s13207_T014\s13207_T014.v,Clean,TrustHub_verified_variant,1,trusthub_constructed_documented,High,None,None,None,TrustHub TRIT Benchmark
1f16823c3644619ade85a04c90396ca282d11281541bb5236b1e37a8062fe272,,TRIT-TC,TRIT-TC\TRIT-TC\s13207_T015\s13207_T015.v,Clean,TrustHub_verified_variant,1,trusthub_constructed_documented,High,None,None,None,TrustHub TRIT Benchmark
985fd02a6060a13c47c6488e3ee6bbfc7613c466caaddb55a6896c6f426d2343,,TRIT-TC,TRIT-TC\TRIT-TC\s13207_T016\s13207_T016.v,Clean,TrustHub_verified_variant,1,trusthub_constructed_documented,High,None,None,None,TrustHub TRIT Benchmark
835ba65ed56130b8b803f4e8c69184e4a99bdc3dbc0672f8305472d6ab0545d9,,TRIT-TC,TRIT-TC\TRIT-TC\s13207_T017\s13207_T017.v,Clean,TrustHub_verified_variant,1,trusthub_constructed_documented,High,None,None,None,TrustHub TRIT Benchmark
5537f77c57a38d17e21fb41b2aa2917ca71d383a8090f7bafc24829043dbbb54,,TRIT-TC,TRIT-TC\TRIT-TC\s13207_T018\s13207_T018.v,Clean,TrustHub_verified_variant,1,trusthub_constructed_documented,High,None,None,None,TrustHub TRIT Benchmark
fa05925a6b938f1732ce34af49e2411e7e116d9e7f863fe3c2ad67d8a05d0c94,,TRIT-TC,TRIT-TC\TRIT-TC\s13207_T019\s13207_T019.v,Clean,TrustHub_verified_variant,1,trusthub_constructed_documented,High,None,None,None,TrustHub TRIT Benchmark
f8cb5858566e56b983ec7ddba8a478e773ad5e02c48091415c3488c1ab5513be,,TRIT-TC,TRIT-TC\TRIT-TC\s13207_T200\s13207_T200.v,Clean,TrustHub_verified_variant,1,trusthub_constructed_documented,High,None,None,None,TrustHub TRIT Benchmark
763049844afb21daf2ab5d9d6b89f0e1b99b6d36aeea3fbfba561b0aacd43360,,TRIT-TC,TRIT-TC\TRIT-TC\s13207_T201\s13207_T201.v,Clean,TrustHub_verified_variant,1,trusthub_constructed_documented,High,None,None,None,TrustHub TRIT Benchmark
e144c858661a13a6c785d203a15e928cd38961c127e7fe7496e372a122d48092,,TRIT-TC,TRIT-TC\TRIT-TC\s13207_T202\s13207_T202.v,Clean,TrustHub_verified_variant,1,trusthub_constructed_documented,High,None,None,None,TrustHub TRIT Benchmark
581eb634d8cf2abe4fa24bd0064d6523e306e83991b1a35fb2f19de38c487c03,,TRIT-TC,TRIT-TC\TRIT-TC\s13207_T203\s13207_T203.v,Clean,TrustHub_verified_variant,1,trusthub_constructed_documented,High,None,None,None,TrustHub TRIT Benchmark
60d1b95d8f5108b22b6b19b14ed1d4072f671bba1330910f67428750b84e9ee3,,TRIT-TC,TRIT-TC\TRIT-TC\s13207_T204\s13207_T204.v,Clean,TrustHub_verified_variant,1,trusthub_constructed_documented,High,None,None,None,TrustHub TRIT Benchmark
0ae1eb5f7d2620ad9f9e6472d1b7aec7e6ffcb6d7c0a86322748b122645cdf13,,TRIT-TC,TRIT-TC\TRIT-TC\s13207_T205\s13207_T205.v,Clean,TrustHub_verified_variant,1,trusthub_constructed_documented,High,None,None,None,TrustHub TRIT Benchmark
3c975fd3565b5ca52d042bce8b8308e5f21fc6baf57fdd3caa6887c491b217ee,,TRIT-TC,TRIT-TC\TRIT-TC\s13207_T206\s13207_T206.v,Clean,TrustHub_verified_variant,1,trusthub_constructed_documented,High,None,None,None,TrustHub TRIT Benchmark
caf8ab1f5f5e8c6e5946a9591cfc9952cce414bea04530e69dbf43a572eb4e4b,,TRIT-TC,TRIT-TC\TRIT-TC\s13207_T207\s13207_T207.v,Clean,TrustHub_verified_variant,1,trusthub_constructed_documented,High,None,None,None,TrustHub TRIT Benchmark
d1ba142c28747ef90a81bd2b3be7e2532ac61f225daacbb80743bf4214d8e758,,TRIT-TC,TRIT-TC\TRIT-TC\s13207_T208\s13207_T208.v,Clean,TrustHub_verified_variant,1,trusthub_constructed_documented,High,None,None,None,TrustHub TRIT Benchmark
12324e9ce3c622ec633fb658c344f099763c422a905246d461c29f7052ffcdee,,TRIT-TC,TRIT-TC\TRIT-TC\s13207_T209\s13207_T209.v,Clean,TrustHub_verified_variant,1,trusthub_constructed_documented,High,None,None,None,TrustHub TRIT Benchmark
839c6798c88d205c046a2b5550d8909bffa6a0817e0515ecb14c9a8d750c6aac,,TRIT-TC,TRIT-TC\TRIT-TC\s13207_T210\s13207_T210.v,Clean,TrustHub_verified_variant,1,trusthub_constructed_documented,High,None,None,None,TrustHub TRIT Benchmark
52b0a7534d76b053e2c77fd8a366bf0e809dcd6ce1b4176cf802044891a890be,,TRIT-TC,TRIT-TC\TRIT-TC\s13207_T211\s13207_T211.v,Clean,TrustHub_verified_variant,1,trusthub_constructed_documented,High,None,None,None,TrustHub TRIT Benchmark
18bea9ae9b9698d8f6b12c33f34cdc2990a7f2dd011e49158962e6ddfa798129,,TRIT-TC,TRIT-TC\TRIT-TC\s13207_T212\s13207_T212.v,Clean,TrustHub_verified_variant,1,trusthub_constructed_documented,High,None,None,None,TrustHub TRIT Benchmark
84fbd4503284df6972c595911bf54ce90c7c0badf8340ade3245e504934d0033,,TRIT-TC,TRIT-TC\TRIT-TC\s13207_T213\s13207_T213.v,Clean,TrustHub_verified_variant,1,trusthub_constructed_documented,High,None,None,None,TrustHub TRIT Benchmark
a7ff62e1afbc24e5e86681920ae9aa45a16faca43a64fd4833de52a85ee96813,,TRIT-TC,TRIT-TC\TRIT-TC\s13207_T214\s13207_T214.v,Clean,TrustHub_verified_variant,1,trusthub_constructed_documented,High,None,None,None,TrustHub TRIT Benchmark
28feee00906f6b1715d18df53a680fb713db5388c64c12fc0bd2812d9649927b,,TRIT-TC,TRIT-TC\TRIT-TC\s13207_T215\s13207_T215.v,Clean,TrustHub_verified_variant,1,trusthub_constructed_documented,High,None,None,None,TrustHub TRIT Benchmark
f7aaf692e2f6f7042cf0141ee9b10dd2d440a3077fdaa5144d3831b7b67bb75a,,TRIT-TC,TRIT-TC\TRIT-TC\s13207_T216\s13207_T216.v,Clean,TrustHub_verified_variant,1,trusthub_constructed_documented,High,None,None,None,TrustHub TRIT Benchmark
d55d3a1fd990540c8c0b009f96e0341f840022f60cf82a4b4aab6601da187452,,TRIT-TC,TRIT-TC\TRIT-TC\s13207_T217\s13207_T217.v,Clean,TrustHub_verified_variant,1,trusthub_constructed_documented,High,None,None,None,TrustHub TRIT Benchmark
068396b327731578396e14fe4d56ba6b7f5a87b07955afee41bb6a7dfed513cc,,TRIT-TC,TRIT-TC\TRIT-TC\s13207_T218\s13207_T218.v,Clean,TrustHub_verified_variant,1,trusthub_constructed_documented,High,None,None,None,TrustHub TRIT Benchmark
3b6067b5afe0b25b5b15bfd0f34739e8e42f2af20a13781d3159af2197eeae95,,TRIT-TC,TRIT-TC\TRIT-TC\s13207_T219\s13207_T219.v,Clean,TrustHub_verified_variant,1,trusthub_constructed_documented,High,None,None,None,TrustHub TRIT Benchmark
3afd896153952ce22f3475bed01567e4153b82d75cfab2788c4b9e738323d04b,,TRIT-TC,TRIT-TC\TRIT-TC\s1423_T000\s1423_T000.v,Clean,TrustHub_verified_variant,1,trusthub_constructed_documented,High,None,None,None,TrustHub TRIT Benchmark
0ca6644c619a80210de6fe7f62186d921331ab708b691afbcbb1431a5465f1af,,TRIT-TC,TRIT-TC\TRIT-TC\s1423_T001\s1423_T001.v,Clean,TrustHub_verified_variant,1,trusthub_constructed_documented,High,None,None,None,TrustHub TRIT Benchmark
d4c0802780199c7dfdf5e61d811669c4508eab77064499327beaba249334ec9f,,TRIT-TC,TRIT-TC\TRIT-TC\s1423_T002\s1423_T002.v,Clean,TrustHub_verified_variant,1,trusthub_constructed_documented,High,None,None,None,TrustHub TRIT Benchmark
6905713cbfe84506efbec1bf99ad5e5f065cf857a2cb0f01258ed82b371fea09,,TRIT-TC,TRIT-TC\TRIT-TC\s1423_T003\s1423_T003.v,Clean,TrustHub_verified_variant,1,trusthub_constructed_documented,High,None,None,None,TrustHub TRIT Benchmark
54c84a67ea9ea3f71db108cf00b22c0a2b7d1d94ce2645b66a391497a60f0270,,TRIT-TC,TRIT-TC\TRIT-TC\s1423_T004\s1423_T004.v,Clean,TrustHub_verified_variant,1,trusthub_constructed_documented,High,None,None,None,TrustHub TRIT Benchmark
3f1006a307ddfe7e57f3dedd68f4abee0c0adb3cd229fccf80c5ef42449e6b25,,TRIT-TC,TRIT-TC\TRIT-TC\s1423_T005\s1423_T005.v,Clean,TrustHub_verified_variant,1,trusthub_constructed_documented,High,None,None,None,TrustHub TRIT Benchmark
f54a59ce73929f045707772357e3622f248ef08a7184259744aa8f1a4641d1dd,,TRIT-TC,TRIT-TC\TRIT-TC\s1423_T006\s1423_T006.v,Clean,TrustHub_verified_variant,1,trusthub_constructed_documented,High,None,None,None,TrustHub TRIT Benchmark
e25522fdc5679fc6bf85a57f2e94dd54431697bb446ee1191f7574160eb2807f,,TRIT-TC,TRIT-TC\TRIT-TC\s1423_T007\s1423_T007.v,Clean,TrustHub_verified_variant,1,trusthub_constructed_documented,High,None,None,None,TrustHub TRIT Benchmark
e05bbeb3ff2dc00941fbed62a9ad00407c90ac658392bb62ebed730b2890e307,,TRIT-TC,TRIT-TC\TRIT-TC\s1423_T008\s1423_T008.v,Clean,TrustHub_verified_variant,1,trusthub_constructed_documented,High,None,None,None,TrustHub TRIT Benchmark
a56de4f0c24b214c65408e4da0381dd5ce57b0248af11c691a8ffeddef64c975,,TRIT-TC,TRIT-TC\TRIT-TC\s1423_T009\s1423_T009.v,Clean,TrustHub_verified_variant,1,trusthub_constructed_documented,High,None,None,None,TrustHub TRIT Benchmark
0d2543de6f47a76e48913cba02e168f287b0c6b49eaaffd23890434be0b8d13b,,TRIT-TC,TRIT-TC\TRIT-TC\s1423_T010\s1423_T010.v,Clean,TrustHub_verified_variant,1,trusthub_constructed_documented,High,None,None,None,TrustHub TRIT Benchmark
a11ef360cd0cb12ffe19a50612eda723dcc283bbf22df6ddeb215967cdcbff68,,TRIT-TC,TRIT-TC\TRIT-TC\s1423_T011\s1423_T011.v,Clean,TrustHub_verified_variant,1,trusthub_constructed_documented,High,None,None,None,TrustHub TRIT Benchmark
2054b8e5c4314903fe5b4053c5a572a00e15e1ec51d386268a2b256023e0e8ff,,TRIT-TC,TRIT-TC\TRIT-TC\s1423_T012\s1423_T012.v,Clean,TrustHub_verified_variant,1,trusthub_constructed_documented,High,None,None,None,TrustHub TRIT Benchmark
5ed31f0978dc38e86cfb9cea639e3c781dc11091bf76d31492a32aa7ce1d7034,,TRIT-TC,TRIT-TC\TRIT-TC\s1423_T013\s1423_T013.v,Clean,TrustHub_verified_variant,1,trusthub_constructed_documented,High,None,None,None,TrustHub TRIT Benchmark
8baa7befcbd70cdbfd460be12d5484d03367b7a345fceb3ff6125d39ef1b4670,,TRIT-TC,TRIT-TC\TRIT-TC\s1423_T014\s1423_T014.v,Clean,TrustHub_verified_variant,1,trusthub_constructed_documented,High,None,None,None,TrustHub TRIT Benchmark
95a54fe7268965c6933a93ccc8f4d2abc83c394ef58abb124fb20f18810754e0,,TRIT-TC,TRIT-TC\TRIT-TC\s1423_T015\s1423_T015.v,Clean,TrustHub_verified_variant,1,trusthub_constructed_documented,High,None,None,None,TrustHub TRIT Benchmark
86c782fb7a35b95193e604ae446e6f848520661ddfdff7bd814f1b7e22bf4743,,TRIT-TC,TRIT-TC\TRIT-TC\s1423_T016\s1423_T016.v,Clean,TrustHub_verified_variant,1,trusthub_constructed_documented,High,None,None,None,TrustHub TRIT Benchmark
0f4df30aab9af3feeca0a9ff26ceda60c62ac3771a60eaedcd224fc9c569a1cc,,TRIT-TC,TRIT-TC\TRIT-TC\s1423_T017\s1423_T017.v,Clean,TrustHub_verified_variant,1,trusthub_constructed_documented,High,None,None,None,TrustHub TRIT Benchmark
762f70c65a5003540aadfc3e30daa0b3547b44885254d66e571432e4ed62a102,,TRIT-TC,TRIT-TC\TRIT-TC\s1423_T018\s1423_T018.v,Clean,TrustHub_verified_variant,1,trusthub_constructed_documented,High,None,None,None,TrustHub TRIT Benchmark
9c1f2af8b7a94b4b34eb854349f10916a5f6da7c95eeb1bc993c68c0149d5df3,,TRIT-TC,TRIT-TC\TRIT-TC\s1423_T019\s1423_T019.v,Clean,TrustHub_verified_variant,1,trusthub_constructed_documented,High,None,None,None,TrustHub TRIT Benchmark
1e90810399a8771290f7ed37358eded747215bf9d2ba7d558742dc59ccd0940b,,TRIT-TC,TRIT-TC\TRIT-TC\s1423_T200\s1423_T200.v,Clean,TrustHub_verified_variant,1,trusthub_constructed_documented,High,None,None,None,TrustHub TRIT Benchmark
c41a82be4a43bdafd68717d6766310ca8a27296e00b6e21d4c2941b01bf54937,,TRIT-TC,TRIT-TC\TRIT-TC\s1423_T201\s1423_T201.v,Clean,TrustHub_verified_variant,1,trusthub_constructed_documented,High,None,None,None,TrustHub TRIT Benchmark
bf68ac46de604a411a293ad36073176a0d98e1743f50a3242c48dccce3d59f5a,,TRIT-TC,TRIT-TC\TRIT-TC\s1423_T202\s1423_T202.v,Clean,TrustHub_verified_variant,1,trusthub_constructed_documented,High,None,None,None,TrustHub TRIT Benchmark
28746834db05f8a7be1b57317492ce85acebd93056c8104c15ec9b2aede6bc99,,TRIT-TC,TRIT-TC\TRIT-TC\s1423_T203\s1423_T203.v,Clean,TrustHub_verified_variant,1,trusthub_constructed_documented,High,None,None,None,TrustHub TRIT Benchmark
b3d5e556c29db7bb004b94ac62886df5118561ed76ecc956c2e408f9dc1197c4,,TRIT-TC,TRIT-TC\TRIT-TC\s1423_T204\s1423_T204.v,Clean,TrustHub_verified_variant,1,trusthub_constructed_documented,High,None,None,None,TrustHub TRIT Benchmark
c3db50939ac8ab4afe1f6f193aacddb9217fd36b6c94046d0772b86398a42a00,,TRIT-TC,TRIT-TC\TRIT-TC\s1423_T205\s1423_T205.v,Clean,TrustHub_verified_variant,1,trusthub_constructed_documented,High,None,None,None,TrustHub TRIT Benchmark
abd490512fe7fd26f9b41e5321dd4c358d1f595599b917b4e9e40c68c6f869da,,TRIT-TC,TRIT-TC\TRIT-TC\s1423_T206\s1423_T206.v,Clean,TrustHub_verified_variant,1,trusthub_constructed_documented,High,None,None,None,TrustHub TRIT Benchmark
74528466c6daf275421d8e85c90ad041310b2c01e7ca47c40faad01050880084,,TRIT-TC,TRIT-TC\TRIT-TC\s1423_T207\s1423_T207.v,Clean,TrustHub_verified_variant,1,trusthub_constructed_documented,High,None,None,None,TrustHub TRIT Benchmark
82fc27818258cf54445c54e0c714561a84e18949a5decdeb8c38da722f31cd1d,,TRIT-TC,TRIT-TC\TRIT-TC\s1423_T208\s1423_T208.v,Clean,TrustHub_verified_variant,1,trusthub_constructed_documented,High,None,None,None,TrustHub TRIT Benchmark
d2265f44fc26823207b55277490ac0b1f93394c51dfac994b729116be27b6d78,,TRIT-TC,TRIT-TC\TRIT-TC\s1423_T209\s1423_T209.v,Clean,TrustHub_verified_variant,1,trusthub_constructed_documented,High,None,None,None,TrustHub TRIT Benchmark
fc0a58fe98e65311bce07ec27e1283ab88150ecda7fc0af7db2642d49f9f813e,,TRIT-TC,TRIT-TC\TRIT-TC\s1423_T210\s1423_T210.v,Clean,TrustHub_verified_variant,1,trusthub_constructed_documented,High,None,None,None,TrustHub TRIT Benchmark
4837661836bbcf3559e1d422cd48f3c185d969b455e9fed83af89355b96542f9,,TRIT-TC,TRIT-TC\TRIT-TC\s1423_T211\s1423_T211.v,Clean,TrustHub_verified_variant,1,trusthub_constructed_documented,High,None,None,None,TrustHub TRIT Benchmark
7cd1587100cbc102e9680bc3c8fec4762db63e8291f3f0df2003b6106e407469,,TRIT-TC,TRIT-TC\TRIT-TC\s1423_T212\s1423_T212.v,Clean,TrustHub_verified_variant,1,trusthub_constructed_documented,High,None,None,None,TrustHub TRIT Benchmark
758ee145467fec96f21d00244a3f95db5667053124c3d7c3d32a6d6b2c3466f4,,TRIT-TC,TRIT-TC\TRIT-TC\s1423_T213\s1423_T213.v,Clean,TrustHub_verified_variant,1,trusthub_constructed_documented,High,None,None,None,TrustHub TRIT Benchmark
7226871505a468d5302123bd0e0fe452d0d32b4a69ca8ab7f14b0338a15dab25,,TRIT-TC,TRIT-TC\TRIT-TC\s1423_T214\s1423_T214.v,Clean,TrustHub_verified_variant,1,trusthub_constructed_documented,High,None,None,None,TrustHub TRIT Benchmark
f3a805fb5c98b936c98b95bab4b965837f5a7113951318be0c0dea373650cdad,,TRIT-TC,TRIT-TC\TRIT-TC\s1423_T215\s1423_T215.v,Clean,TrustHub_verified_variant,1,trusthub_constructed_documented,High,None,None,None,TrustHub TRIT Benchmark
b32f02909735a46e47a78d9b96cb3c924291eecbbfb4a3911fa4349a9f51f0ae,,TRIT-TC,TRIT-TC\TRIT-TC\s1423_T216\s1423_T216.v,Clean,TrustHub_verified_variant,1,trusthub_constructed_documented,High,None,None,None,TrustHub TRIT Benchmark
a76976234af4a0fc77c42fe21dc6ec6569f0a524bc940987efa707e8de590ed8,,TRIT-TC,TRIT-TC\TRIT-TC\s1423_T217\s1423_T217.v,Clean,TrustHub_verified_variant,1,trusthub_constructed_documented,High,None,None,None,TrustHub TRIT Benchmark
a3eed6698e38db59914a454271ed033cb46d8caee888e56b34678e986f46043f,,TRIT-TC,TRIT-TC\TRIT-TC\s1423_T218\s1423_T218.v,Clean,TrustHub_verified_variant,1,trusthub_constructed_documented,High,None,None,None,TrustHub TRIT Benchmark
15e598e07691cbfbce233323a934c05b1b74682d8b31358d43ae96a5133c0fe2,,TRIT-TC,TRIT-TC\TRIT-TC\s1423_T219\s1423_T219.v,Clean,TrustHub_verified_variant,1,trusthub_constructed_documented,High,None,None,None,TrustHub TRIT Benchmark
5979bdc0d524078adae8d66429b64534472940ac19550a83c7a82da2d5269c95,,TRIT-TC,TRIT-TC\TRIT-TC\s15850_T000\s15850_T000.v,Clean,TrustHub_verified_variant,1,trusthub_constructed_documented,High,None,None,None,TrustHub TRIT Benchmark
1a33a889256350a9b265d0512025b7c6962a2132c1c44f8a2fa6c5fc1504982c,,TRIT-TC,TRIT-TC\TRIT-TC\s15850_T001\s15850_T001.v,Clean,TrustHub_verified_variant,1,trusthub_constructed_documented,High,None,None,None,TrustHub TRIT Benchmark
ff35c9bad625f19ceff0895fb8270db9786a07ee569488f86ad367debd9a981f,,TRIT-TC,TRIT-TC\TRIT-TC\s15850_T002\s15850_T002.v,Clean,TrustHub_verified_variant,1,trusthub_constructed_documented,High,None,None,None,TrustHub TRIT Benchmark
4f6ac1c2c76e5872a5b822a32718e27cfc0a5c6226914e7e0f68d9d85a3f1278,,TRIT-TC,TRIT-TC\TRIT-TC\s15850_T003\s15850_T003.v,Clean,TrustHub_verified_variant,1,trusthub_constructed_documented,High,None,None,None,TrustHub TRIT Benchmark
3f95b6499c6cb34eed19aaab66d9dec5581c97b6b5eeba9b6fb282967fadd88d,,TRIT-TC,TRIT-TC\TRIT-TC\s15850_T004\s15850_T004.v,Clean,TrustHub_verified_variant,1,trusthub_constructed_documented,High,None,None,None,TrustHub TRIT Benchmark
cd6d618378072291610a214077ea80dcea69d163308de38bc9ffad25c20b7225,,TRIT-TC,TRIT-TC\TRIT-TC\s15850_T005\s15850_T005.v,Clean,TrustHub_verified_variant,1,trusthub_constructed_documented,High,None,None,None,TrustHub TRIT Benchmark
e192672a1865d24544f2621802937962ecff0c3fe512b08ee5d6b3dd45c91882,,TRIT-TC,TRIT-TC\TRIT-TC\s15850_T006\s15850_T006.v,Clean,TrustHub_verified_variant,1,trusthub_constructed_documented,High,None,None,None,TrustHub TRIT Benchmark
7c535d5f05e2d4616e45ea7c256482b42f4c188479d249fb152ec89d3aa1edbb,,TRIT-TC,TRIT-TC\TRIT-TC\s15850_T007\s15850_T007.v,Clean,TrustHub_verified_variant,1,trusthub_constructed_documented,High,None,None,None,TrustHub TRIT Benchmark
e34be6b701feea2430c10e5829284d875f041f829018581f39f838521bc31542,,TRIT-TC,TRIT-TC\TRIT-TC\s15850_T008\s15850_T008.v,Clean,TrustHub_verified_variant,1,trusthub_constructed_documented,High,None,None,None,TrustHub TRIT Benchmark
b1df3e7c1e1225b52461e6bfe72e06c681b8f72d4068632766da5e3c3725f11a,,TRIT-TC,TRIT-TC\TRIT-TC\s15850_T009\s15850_T009.v,Clean,TrustHub_verified_variant,1,trusthub_constructed_documented,High,None,None,None,TrustHub TRIT Benchmark
3ddb9b57b82f9b0e907cb96f74ef8bd8d4d7b90175e68ad0211b67adf1c6f1a7,,TRIT-TC,TRIT-TC\TRIT-TC\s15850_T010\s15850_T010.v,Clean,TrustHub_verified_variant,1,trusthub_constructed_documented,High,None,None,None,TrustHub TRIT Benchmark
417dfceb082118ab39845a18f034f3921d2615484ae62f0f678af2633f4f5ccd,,TRIT-TC,TRIT-TC\TRIT-TC\s15850_T011\s15850_T011.v,Clean,TrustHub_verified_variant,1,trusthub_constructed_documented,High,None,None,None,TrustHub TRIT Benchmark
811d3a57f8a7395b6ce53d030bfc8b2514e29e112f35130396bd80ff5664dfce,,TRIT-TC,TRIT-TC\TRIT-TC\s15850_T012\s15850_T012.v,Clean,TrustHub_verified_variant,1,trusthub_constructed_documented,High,None,None,None,TrustHub TRIT Benchmark
c8895bf2502d12c94a0f5d4bcc8a833b525370b4bf5ec4dd5eff9e3b01f134fc,,TRIT-TC,TRIT-TC\TRIT-TC\s15850_T013\s15850_T013.v,Clean,TrustHub_verified_variant,1,trusthub_constructed_documented,High,None,None,None,TrustHub TRIT Benchmark
2246272e529d5c8c3d513ba8afb92d24c129f371a0a3ad66c462fbbdb9ab15cc,,TRIT-TC,TRIT-TC\TRIT-TC\s15850_T014\s15850_T014.v,Clean,TrustHub_verified_variant,1,trusthub_constructed_documented,High,None,None,None,TrustHub TRIT Benchmark
2db7fda4b415eeceaaba8fca736cd87b94b01f6fdc9bdcf5a46226ec9eb5ab00,,TRIT-TC,TRIT-TC\TRIT-TC\s15850_T015\s15850_T015.v,Clean,TrustHub_verified_variant,1,trusthub_constructed_documented,High,None,None,None,TrustHub TRIT Benchmark
ea4f66f3b8d441cf0c3b7e9505ad21bb048fed3f1547037499a91309a62dfddb,,TRIT-TC,TRIT-TC\TRIT-TC\s15850_T016\s15850_T016.v,Clean,TrustHub_verified_variant,1,trusthub_constructed_documented,High,None,None,None,TrustHub TRIT Benchmark
8184f5609789520516950e8b2a7adef1583c4829ad4cf7aacdf102c2ecd9356a,,TRIT-TC,TRIT-TC\TRIT-TC\s15850_T017\s15850_T017.v,Clean,TrustHub_verified_variant,1,trusthub_constructed_documented,High,None,None,None,TrustHub TRIT Benchmark
b6400a06702268d1db5cd424d27635985c12e5a21d388a9ebdf3492679f75314,,TRIT-TC,TRIT-TC\TRIT-TC\s15850_T018\s15850_T018.v,Clean,TrustHub_verified_variant,1,trusthub_constructed_documented,High,None,None,None,TrustHub TRIT Benchmark
168d9adfcdb520e48878ebe58fd6df423d118a8d72f1e9be21610b0976c5b72e,,TRIT-TC,TRIT-TC\TRIT-TC\s15850_T019\s15850_T019.v,Clean,TrustHub_verified_variant,1,trusthub_constructed_documented,High,None,None,None,TrustHub TRIT Benchmark
b41da624e5f8081059d5a868e7a6e7ee59c0323b6d10ad7ea0574a8cd7ded976,,TRIT-TC,TRIT-TC\TRIT-TC\s15850_T200\s15850_T200.v,Clean,TrustHub_verified_variant,1,trusthub_constructed_documented,High,None,None,None,TrustHub TRIT Benchmark
eca00ecae8707fd4188a0fcd6769ca01199d05ac464f1fd12f08c5454026f226,,TRIT-TC,TRIT-TC\TRIT-TC\s15850_T201\s15850_T201.v,Clean,TrustHub_verified_variant,1,trusthub_constructed_documented,High,None,None,None,TrustHub TRIT Benchmark
99175e42872697fd1f78c6c636f1509134364b58f041eea2da45495a0217f912,,TRIT-TC,TRIT-TC\TRIT-TC\s15850_T202\s15850_T202.v,Clean,TrustHub_verified_variant,1,trusthub_constructed_documented,High,None,None,None,TrustHub TRIT Benchmark
5850c4924751fb49bbe564e2ea748809f9fbdc957b70a2fc8872ca992f12cca4,,TRIT-TC,TRIT-TC\TRIT-TC\s15850_T203\s15850_T203.v,Clean,TrustHub_verified_variant,1,trusthub_constructed_documented,High,None,None,None,TrustHub TRIT Benchmark
4c9619e0a02c9f02c9a3a8b9990198150d7fed35eb9c7c9bbf3de140d537d485,,TRIT-TC,TRIT-TC\TRIT-TC\s15850_T204\s15850_T204.v,Clean,TrustHub_verified_variant,1,trusthub_constructed_documented,High,None,None,None,TrustHub TRIT Benchmark
8348be9469ad23d99a64a6217967ecc1e850237ac76d770abfa3ab72ca5a2c74,,TRIT-TC,TRIT-TC\TRIT-TC\s15850_T205\s15850_T205.v,Clean,TrustHub_verified_variant,1,trusthub_constructed_documented,High,None,None,None,TrustHub TRIT Benchmark
444ae6c3580527340cbfbffa53971cb627c62619973b0433676427290a287bd7,,TRIT-TC,TRIT-TC\TRIT-TC\s15850_T206\s15850_T206.v,Clean,TrustHub_verified_variant,1,trusthub_constructed_documented,High,None,None,None,TrustHub TRIT Benchmark
c2d5ae87fdf5bd3c9091998bcee37e22d22d213e7f6348ae57fc5e4b9a00c6e4,,TRIT-TC,TRIT-TC\TRIT-TC\s15850_T207\s15850_T207.v,Clean,TrustHub_verified_variant,1,trusthub_constructed_documented,High,None,None,None,TrustHub TRIT Benchmark
2defd9e40bb1a08f017dbc7674b7163e8542f34dd42a2610daf2586c1285126f,,TRIT-TC,TRIT-TC\TRIT-TC\s15850_T208\s15850_T208.v,Clean,TrustHub_verified_variant,1,trusthub_constructed_documented,High,None,None,None,TrustHub TRIT Benchmark
c174ba8188e35eafcdfc32a9c317afe6139377eb3381322b08751e7998487fab,,TRIT-TC,TRIT-TC\TRIT-TC\s15850_T209\s15850_T209.v,Clean,TrustHub_verified_variant,1,trusthub_constructed_documented,High,None,None,None,TrustHub TRIT Benchmark
2326a1a83379697f3b38d73b25bb234ded2598a56dee96c1e72d95a5e82884d4,,TRIT-TC,TRIT-TC\TRIT-TC\s15850_T210\s15850_T210.v,Clean,TrustHub_verified_variant,1,trusthub_constructed_documented,High,None,None,None,TrustHub TRIT Benchmark
5fb04fde5a54f9dfc5c132ae2f93ae67b00f15f11f0cd080ad4b9972d207cdeb,,TRIT-TC,TRIT-TC\TRIT-TC\s15850_T211\s15850_T211.v,Clean,TrustHub_verified_variant,1,trusthub_constructed_documented,High,None,None,None,TrustHub TRIT Benchmark
720760517e008da1c19230c5fc85b3ae733bdbd834f47085fffa1ba3a83d8b25,,TRIT-TC,TRIT-TC\TRIT-TC\s15850_T212\s15850_T212.v,Clean,TrustHub_verified_variant,1,trusthub_constructed_documented,High,None,None,None,TrustHub TRIT Benchmark
4ed434a87443230ef3dccf1c914870a3e3214e41d261019dde976543c4a50acb,,TRIT-TC,TRIT-TC\TRIT-TC\s15850_T213\s15850_T213.v,Clean,TrustHub_verified_variant,1,trusthub_constructed_documented,High,None,None,None,TrustHub TRIT Benchmark
ea039b91955ee0cc677d7d8aacf128f3479dd65a8358c0075ce062bd9b79508b,,TRIT-TC,TRIT-TC\TRIT-TC\s15850_T214\s15850_T214.v,Clean,TrustHub_verified_variant,1,trusthub_constructed_documented,High,None,None,None,TrustHub TRIT Benchmark
682c240df362d37d8406a589216a86349695bd8050a7cb07728bc8b123d3f608,,TRIT-TC,TRIT-TC\TRIT-TC\s15850_T215\s15850_T215.v,Clean,TrustHub_verified_variant,1,trusthub_constructed_documented,High,None,None,None,TrustHub TRIT Benchmark
d39cb358f2d922d37cbd9235da3f61b90fa07a3f0f99bab09460e00753d46240,,TRIT-TC,TRIT-TC\TRIT-TC\s15850_T216\s15850_T216.v,Clean,TrustHub_verified_variant,1,trusthub_constructed_documented,High,None,None,None,TrustHub TRIT Benchmark
f033f940fe3ae45ce79ad70d31dfc367d1c38b52028c01a1aee7a2bdecfc6e84,,TRIT-TC,TRIT-TC\TRIT-TC\s15850_T217\s15850_T217.v,Clean,TrustHub_verified_variant,1,trusthub_constructed_documented,High,None,None,None,TrustHub TRIT Benchmark
f04229a4a28aa05fbafe0678b2e3ae96c7ac3b06e09f3f7ca456c6a24a0182e0,,TRIT-TC,TRIT-TC\TRIT-TC\s15850_T218\s15850_T218.v,Clean,TrustHub_verified_variant,1,trusthub_constructed_documented,High,None,None,None,TrustHub TRIT Benchmark
c1de397608284787cf8786d018b7faffd5043e759bddecc3e59c229b202f451f,,TRIT-TC,TRIT-TC\TRIT-TC\s15850_T219\s15850_T219.v,Clean,TrustHub_verified_variant,1,trusthub_constructed_documented,High,None,None,None,TrustHub TRIT Benchmark
5195fcf20098c237615eea6712acb89a3b33fd117995f8a1875e9d97648e760e,,TRIT-TC,TRIT-TC\TRIT-TC\s35932_T000\s35932_T000.v,Clean,TrustHub_verified_variant,1,trusthub_constructed_documented,High,None,None,None,TrustHub TRIT Benchmark
a52e525fe8e9dbb1c8e655f78bd22068a344dc131e549d6ffe0e2b59dbaf7e01,,TRIT-TC,TRIT-TC\TRIT-TC\s35932_T001\s35932_T001.v,Clean,TrustHub_verified_variant,1,trusthub_constructed_documented,High,None,None,None,TrustHub TRIT Benchmark
1767b89caf05deef120814ff983259304c02c03016f8a60812641cadfe072bcf,,TRIT-TC,TRIT-TC\TRIT-TC\s35932_T002\s35932_T002.v,Clean,TrustHub_verified_variant,1,trusthub_constructed_documented,High,None,None,None,TrustHub TRIT Benchmark
bb6ebcecb91c03864e884b6271f624d659d6ee8f046798c7e2c6b4c3ebbbfd92,,TRIT-TC,TRIT-TC\TRIT-TC\s35932_T003\s35932_T003.v,Clean,TrustHub_verified_variant,1,trusthub_constructed_documented,High,None,None,None,TrustHub TRIT Benchmark
f0990b09eeb631c07aae36df88301c8e7709f117791e8ee4212bd3a0591c0759,,TRIT-TC,TRIT-TC\TRIT-TC\s35932_T004\s35932_T004.v,Clean,TrustHub_verified_variant,1,trusthub_constructed_documented,High,None,None,None,TrustHub TRIT Benchmark
60d9600aac9bc71d0a10f8d9a7f3413eb01da4f7b4b2a32369c42f9088638113,,TRIT-TC,TRIT-TC\TRIT-TC\s35932_T005\s35932_T005.v,Clean,TrustHub_verified_variant,1,trusthub_constructed_documented,High,None,None,None,TrustHub TRIT Benchmark
9346cb5ae843cf41c83632a0f276f2b6bcf93239d85400143d707fd79cf64b05,,TRIT-TC,TRIT-TC\TRIT-TC\s35932_T006\s35932_T006.v,Clean,TrustHub_verified_variant,1,trusthub_constructed_documented,High,None,None,None,TrustHub TRIT Benchmark
91238b46d0a5dc1618e4b126fa2c71236276e27086fc711817a6d8065383e2a0,,TRIT-TC,TRIT-TC\TRIT-TC\s35932_T007\s35932_T007.v,Clean,TrustHub_verified_variant,1,trusthub_constructed_documented,High,None,None,None,TrustHub TRIT Benchmark
c9358f37218dee701bd7163d22b445add4c4fb6048f35f0d65e26fcf26a0f8bc,,TRIT-TC,TRIT-TC\TRIT-TC\s35932_T008\s35932_T008.v,Clean,TrustHub_verified_variant,1,trusthub_constructed_documented,High,None,None,None,TrustHub TRIT Benchmark
33c4002f7c09dbcebb7911f44d5d81335af5c7ae014fe4fe680b681e0d28787d,,TRIT-TC,TRIT-TC\TRIT-TC\s35932_T009\s35932_T009.v,Clean,TrustHub_verified_variant,1,trusthub_constructed_documented,High,None,None,None,TrustHub TRIT Benchmark
58ae6cd21f80470412aebeb95d13c0145b68795fdf8a987916f8855551aa650f,,TRIT-TC,TRIT-TC\TRIT-TC\s35932_T010\s35932_T010.v,Clean,TrustHub_verified_variant,1,trusthub_constructed_documented,High,None,None,None,TrustHub TRIT Benchmark
268749b4700a9ecccb0b4231cb47928e15d83dc324be4356060a55018799b000,,TRIT-TC,TRIT-TC\TRIT-TC\s35932_T011\s35932_T011.v,Clean,TrustHub_verified_variant,1,trusthub_constructed_documented,High,None,None,None,TrustHub TRIT Benchmark
cbcc14655c71bcd4968bb60af70d3ea560ec6ca142171707fe971938f1e32cba,,TRIT-TC,TRIT-TC\TRIT-TC\s35932_T012\s35932_T012.v,Clean,TrustHub_verified_variant,1,trusthub_constructed_documented,High,None,None,None,TrustHub TRIT Benchmark
88e08130cef1f5119a19c82071ef7d7a13c24b2ce9ecdd4f325db8b43cce3406,,TRIT-TC,TRIT-TC\TRIT-TC\s35932_T013\s35932_T013.v,Clean,TrustHub_verified_variant,1,trusthub_constructed_documented,High,None,None,None,TrustHub TRIT Benchmark
f9de60d5a0bdc0904238fb1068fbce571475d95d69c41524ec525665626f09e4,,TRIT-TC,TRIT-TC\TRIT-TC\s35932_T014\s35932_T014.v,Clean,TrustHub_verified_variant,1,trusthub_constructed_documented,High,None,None,None,TrustHub TRIT Benchmark
825a17db89200a54527710ac4dd3ec9c96a4e9df135c80b02a2148130c6e80f1,,TRIT-TC,TRIT-TC\TRIT-TC\s35932_T015\s35932_T015.v,Clean,TrustHub_verified_variant,1,trusthub_constructed_documented,High,None,None,None,TrustHub TRIT Benchmark
6726c554adc49d6634cde7ffd1da7f17b75013717d944675b777544bcc662d91,,TRIT-TC,TRIT-TC\TRIT-TC\s35932_T016\s35932_T016.v,Clean,TrustHub_verified_variant,1,trusthub_constructed_documented,High,None,None,None,TrustHub TRIT Benchmark
38975fd86663f3b549d928bc3af31242c7f7c8a093ebcd66598dbaa825cff003,,TRIT-TC,TRIT-TC\TRIT-TC\s35932_T017\s35932_T017.v,Clean,TrustHub_verified_variant,1,trusthub_constructed_documented,High,None,None,None,TrustHub TRIT Benchmark
19691b7c77ade35756f58c226fa8fc1111f38815ab9d1877683434773563a6d5,,TRIT-TC,TRIT-TC\TRIT-TC\s35932_T018\s35932_T018.v,Clean,TrustHub_verified_variant,1,trusthub_constructed_documented,High,None,None,None,TrustHub TRIT Benchmark
84ba81944a17a32d4df57379ce90a26767d14a013c5036c7acaddb75ef284c97,,TRIT-TC,TRIT-TC\TRIT-TC\s35932_T019\s35932_T019.v,Clean,TrustHub_verified_variant,1,trusthub_constructed_documented,High,None,None,None,TrustHub TRIT Benchmark
6046532d33bf1e45bef2cb105634196302fc4b7568c16637127f4b6a3114013a,,TRIT-TC,TRIT-TC\TRIT-TC\s35932_T200\s35932_T200.v,Clean,TrustHub_verified_variant,1,trusthub_constructed_documented,High,None,None,None,TrustHub TRIT Benchmark
f9dbb0c7fc4af2f46094f4d83b2f38653cfd5fd18a62bd28668448ec8f15bcac,,TRIT-TC,TRIT-TC\TRIT-TC\s35932_T201\s35932_T201.v,Clean,TrustHub_verified_variant,1,trusthub_constructed_documented,High,None,None,None,TrustHub TRIT Benchmark
37ec48d03a3aef98730761a1df2ca3408977bec932c7910033fa06150f3b87ba,,TRIT-TC,TRIT-TC\TRIT-TC\s35932_T202\s35932_T202.v,Clean,TrustHub_verified_variant,1,trusthub_constructed_documented,High,None,None,None,TrustHub TRIT Benchmark
5e4984b661e4842a766c5bc905c1b99de06feb8378da9680461fb9726a7f95d0,,TRIT-TC,TRIT-TC\TRIT-TC\s35932_T203\s35932_T203.v,Clean,TrustHub_verified_variant,1,trusthub_constructed_documented,High,None,None,None,TrustHub TRIT Benchmark
4d16c5f83d7287da3fdd3840b6e90377721a9e5a380a5cc8330a2bc5d80a8ba5,,TRIT-TC,TRIT-TC\TRIT-TC\s35932_T204\s35932_T204.v,Clean,TrustHub_verified_variant,1,trusthub_constructed_documented,High,None,None,None,TrustHub TRIT Benchmark
bf40de6a8f719d3d25a4f76cf7912307e2364381392de1cce78aa853fce5964d,,TRIT-TC,TRIT-TC\TRIT-TC\s35932_T205\s35932_T205.v,Clean,TrustHub_verified_variant,1,trusthub_constructed_documented,High,None,None,None,TrustHub TRIT Benchmark
c2352c3e8118715e6bcf4dc2082c19df2d8794a52efba2fdeff1cde6e9ffcf69,,TRIT-TC,TRIT-TC\TRIT-TC\s35932_T206\s35932_T206.v,Clean,TrustHub_verified_variant,1,trusthub_constructed_documented,High,None,None,None,TrustHub TRIT Benchmark
8fa03588a6f56faaca946ec2c2ebef35a7b45ab9608f9711367f34092be8f31a,,TRIT-TC,TRIT-TC\TRIT-TC\s35932_T207\s35932_T207.v,Clean,TrustHub_verified_variant,1,trusthub_constructed_documented,High,None,None,None,TrustHub TRIT Benchmark
c7e6afe449f7357829cae559444a9268729960e874969758cea446319dd0e575,,TRIT-TC,TRIT-TC\TRIT-TC\s35932_T208\s35932_T208.v,Clean,TrustHub_verified_variant,1,trusthub_constructed_documented,High,None,None,None,TrustHub TRIT Benchmark
2aac9c8c9014d0a6a82bd104003690c831358f1c8d0447cc3fc30e5fd4f0a6a0,,TRIT-TC,TRIT-TC\TRIT-TC\s35932_T209\s35932_T209.v,Clean,TrustHub_verified_variant,1,trusthub_constructed_documented,High,None,None,None,TrustHub TRIT Benchmark
17557502341d944a7af6c1e46467a081db5b6e029e9803852fb1a64c12e25054,,TRIT-TC,TRIT-TC\TRIT-TC\s35932_T210\s35932_T210.v,Clean,TrustHub_verified_variant,1,trusthub_constructed_documented,High,None,None,None,TrustHub TRIT Benchmark
a26f1b44150b584e4f7f9ded42c255d8608e4698f615b4f9ec2869e84198ede8,,TRIT-TC,TRIT-TC\TRIT-TC\s35932_T211\s35932_T211.v,Clean,TrustHub_verified_variant,1,trusthub_constructed_documented,High,None,None,None,TrustHub TRIT Benchmark
e92ba65720704f5204f5b994497dc7986fcea44a986aac2ca92107e567563c23,,TRIT-TC,TRIT-TC\TRIT-TC\s35932_T212\s35932_T212.v,Clean,TrustHub_verified_variant,1,trusthub_constructed_documented,High,None,None,None,TrustHub TRIT Benchmark
29c57bf2c25de1101eaae5f65b9d0e7d6ce24ccef1495792f5a966833a3deb56,,TRIT-TC,TRIT-TC\TRIT-TC\s35932_T213\s35932_T213.v,Clean,TrustHub_verified_variant,1,trusthub_constructed_documented,High,None,None,None,TrustHub TRIT Benchmark
fa90b1189679457129f866d01c34276d7a11c346955a54153c3001b419a35ed2,,TRIT-TC,TRIT-TC\TRIT-TC\s35932_T214\s35932_T214.v,Clean,TrustHub_verified_variant,1,trusthub_constructed_documented,High,None,None,None,TrustHub TRIT Benchmark
ea4af3443d70d324b55d4e9bacf34b54d9efad50302274dd4c21ca0a7db35374,,TRIT-TC,TRIT-TC\TRIT-TC\s35932_T215\s35932_T215.v,Clean,TrustHub_verified_variant,1,trusthub_constructed_documented,High,None,None,None,TrustHub TRIT Benchmark
16d4920e3ab68fab1a9c636a3aaeb928f151e13d2e5cdd46cd9c7f6a97f18bec,,TRIT-TC,TRIT-TC\TRIT-TC\s35932_T216\s35932_T216.v,Clean,TrustHub_verified_variant,1,trusthub_constructed_documented,High,None,None,None,TrustHub TRIT Benchmark
f47fddfb4bf1bc1bc082e4dc2486fb3655a35797af3a32ab9d4be33211ae257b,,TRIT-TC,TRIT-TC\TRIT-TC\s35932_T217\s35932_T217.v,Clean,TrustHub_verified_variant,1,trusthub_constructed_documented,High,None,None,None,TrustHub TRIT Benchmark
99bf47ed0d9b8f9eca2aa0bbd5e7d66704379c5602e154f2ccddfa79522ccc8e,,TRIT-TC,TRIT-TC\TRIT-TC\s35932_T218\s35932_T218.v,Clean,TrustHub_verified_variant,1,trusthub_constructed_documented,High,None,None,None,TrustHub TRIT Benchmark
9f10c504d1d4a62d87cc459161de9849d57ccc8a95ff03cc9b205ab4315800b2,,TRIT-TC,TRIT-TC\TRIT-TC\s35932_T219\s35932_T219.v,Clean,TrustHub_verified_variant,1,trusthub_constructed_documented,High,None,None,None,TrustHub TRIT Benchmark
8f2d0b4726b96dbf5135582317b05341a1d670e79df38a4eb26f423c05573a0e,,TRIT-TS,TRIT-TS\TRIT-TS\s13207_T400\s13207_T400.v,Trojan,TrustHub_verified_variant,1,trusthub_constructed_documented,Medium,Functional Modification,Internal Condition,Majority Voting Corruption,TrustHub TRIT Benchmark
437bf856bfcfaa4c7dfb86e9d1e5c851963d9007f27cfa775f80a52e43132a7f,,TRIT-TS,TRIT-TS\TRIT-TS\s13207_T401\s13207_T401.v,Trojan,TrustHub_verified_variant,1,trusthub_constructed_documented,Medium,Functional Modification,Internal Condition,Majority Voting Corruption,TrustHub TRIT Benchmark
bf7479ecaa743b9ca225d36ea2c582075e0660a799561aa3c3a0dc45d7484b2b,,TRIT-TS,TRIT-TS\TRIT-TS\s13207_T402\s13207_T402.v,Trojan,TrustHub_verified_variant,1,trusthub_constructed_documented,Medium,Functional Modification,Internal Condition,Majority Voting Corruption,TrustHub TRIT Benchmark
55db26462b0f7c39de573034f4a98f89b1de18cfd9085ed7a448b25099262971,,TRIT-TS,TRIT-TS\TRIT-TS\s13207_T403\s13207_T403.v,Trojan,TrustHub_verified_variant,1,trusthub_constructed_documented,Medium,Functional Modification,Internal Condition,Majority Voting Corruption,TrustHub TRIT Benchmark
b21056306456669aac7cba02aa0355ad678a0977d5d51503d78e84bae552e38b,,TRIT-TS,TRIT-TS\TRIT-TS\s13207_T404\s13207_T404.v,Trojan,TrustHub_verified_variant,1,trusthub_constructed_documented,Medium,Functional Modification,Internal Condition,Majority Voting Corruption,TrustHub TRIT Benchmark
91c4d8771ca2338f9e3116636583b3b86c2bfc8525acfccb3f0397e866077a98,,TRIT-TS,TRIT-TS\TRIT-TS\s13207_T405\s13207_T405.v,Trojan,TrustHub_verified_variant,1,trusthub_constructed_documented,Medium,Functional Modification,Internal Condition,Majority Voting Corruption,TrustHub TRIT Benchmark
cbe0a897219939fd6fd6212e455a9b3dda01cd957bde671940ae11c97c2b851a,,TRIT-TS,TRIT-TS\TRIT-TS\s13207_T406\s13207_T406.v,Trojan,TrustHub_verified_variant,1,trusthub_constructed_documented,Medium,Functional Modification,Internal Condition,Majority Voting Corruption,TrustHub TRIT Benchmark
24353f9492f4db86707f57b37dc3533d52282137499167355a38cbf9274ac48f,,TRIT-TS,TRIT-TS\TRIT-TS\s13207_T407\s13207_T407.v,Trojan,TrustHub_verified_variant,1,trusthub_constructed_documented,Medium,Functional Modification,Internal Condition,Majority Voting Corruption,TrustHub TRIT Benchmark
76cdceada49f354151bdf57074057150afac366fe14a549fa2f8c0c474196e76,,TRIT-TS,TRIT-TS\TRIT-TS\s13207_T408\s13207_T408.v,Trojan,TrustHub_verified_variant,1,trusthub_constructed_documented,Medium,Functional Modification,Internal Condition,Majority Voting Corruption,TrustHub TRIT Benchmark
cbd179bd386d224cdf8efe49ad8e68523aae813d0029d1646c0c1ecc6ee842bb,,TRIT-TS,TRIT-TS\TRIT-TS\s13207_T409\s13207_T409.v,Trojan,TrustHub_verified_variant,1,trusthub_constructed_documented,Medium,Functional Modification,Internal Condition,Majority Voting Corruption,TrustHub TRIT Benchmark
f1fdef83d0d52dbc3d56f52d158c8ad6ee8bb969c3dccee7ee20d285442c01cd,,TRIT-TS,TRIT-TS\TRIT-TS\s13207_T410\s13207_T410.v,Trojan,TrustHub_verified_variant,1,trusthub_constructed_documented,Medium,Functional Modification,Internal Condition,Majority Voting Corruption,TrustHub TRIT Benchmark
2cfd0b4e3b416d0c4f6146d97d16fe5a11ead07429156cdb0c64eb0c9d0acf19,,TRIT-TS,TRIT-TS\TRIT-TS\s13207_T411\s13207_T411.v,Trojan,TrustHub_verified_variant,1,trusthub_constructed_documented,Medium,Functional Modification,Internal Condition,Majority Voting Corruption,TrustHub TRIT Benchmark
4dd9c6326531bf64fc0139c0910de01a301551c4f221e91fdc2cf0967a344571,,TRIT-TS,TRIT-TS\TRIT-TS\s13207_T412\s13207_T412.v,Trojan,TrustHub_verified_variant,1,trusthub_constructed_documented,Medium,Functional Modification,Internal Condition,Majority Voting Corruption,TrustHub TRIT Benchmark
e11537e89558e84e34318f3613be1c466ccc02001b015695bc7268bdef4b8434,,TRIT-TS,TRIT-TS\TRIT-TS\s13207_T413\s13207_T413.v,Trojan,TrustHub_verified_variant,1,trusthub_constructed_documented,Medium,Functional Modification,Internal Condition,Majority Voting Corruption,TrustHub TRIT Benchmark
6c93a0acffafb76545127942503b20603d19761e1dca5891e6d7a45942dac96e,,TRIT-TS,TRIT-TS\TRIT-TS\s13207_T414\s13207_T414.v,Trojan,TrustHub_verified_variant,1,trusthub_constructed_documented,Medium,Functional Modification,Internal Condition,Majority Voting Corruption,TrustHub TRIT Benchmark
076f568baa63fa69541fc069334edaed15b3f5afb7b6964c54d0b986584eb469,,TRIT-TS,TRIT-TS\TRIT-TS\s13207_T415\s13207_T415.v,Trojan,TrustHub_verified_variant,1,trusthub_constructed_documented,Medium,Functional Modification,Internal Condition,Majority Voting Corruption,TrustHub TRIT Benchmark
37dea41f5d6e1d90e5d66c98469f9b169902475b4ed6b9d9dcfad2a2289d8f6c,,TRIT-TS,TRIT-TS\TRIT-TS\s13207_T416\s13207_T416.v,Trojan,TrustHub_verified_variant,1,trusthub_constructed_documented,Medium,Functional Modification,Internal Condition,Majority Voting Corruption,TrustHub TRIT Benchmark
a5d86f8978bd3ff21fa3faab5dab7dcec187783f0c69212a4849c2907f94e484,,TRIT-TS,TRIT-TS\TRIT-TS\s13207_T417\s13207_T417.v,Trojan,TrustHub_verified_variant,1,trusthub_constructed_documented,Medium,Functional Modification,Internal Condition,Majority Voting Corruption,TrustHub TRIT Benchmark
08fbb12b022c5b453d5df4915b3d17a5e40de8c083bede88e8dec44d266c1620,,TRIT-TS,TRIT-TS\TRIT-TS\s13207_T418\s13207_T418.v,Trojan,TrustHub_verified_variant,1,trusthub_constructed_documented,Medium,Functional Modification,Internal Condition,Majority Voting Corruption,TrustHub TRIT Benchmark
4a81ccc8e60348f17d62501545b98f8459c7236f8788c2ca9cf4979ec9b9258c,,TRIT-TS,TRIT-TS\TRIT-TS\s13207_T419\s13207_T419.v,Trojan,TrustHub_verified_variant,1,trusthub_constructed_documented,Medium,Functional Modification,Internal Condition,Majority Voting Corruption,TrustHub TRIT Benchmark
706d65bbb7e6b280a4f7b7624178c94744302d5431929456ffd535c6f856e240,,TRIT-TS,TRIT-TS\TRIT-TS\s13207_T420\s13207_T420.v,Trojan,TrustHub_verified_variant,1,trusthub_constructed_documented,Medium,Functional Modification,Internal Condition,Majority Voting Corruption,TrustHub TRIT Benchmark
1b4fbf101e9e78aa9f79147e0f49ba32bd65584ee48bf53d3bc59deca652c873,,TRIT-TS,TRIT-TS\TRIT-TS\s13207_T421\s13207_T421.v,Trojan,TrustHub_verified_variant,1,trusthub_constructed_documented,Medium,Functional Modification,Internal Condition,Majority Voting Corruption,TrustHub TRIT Benchmark
c9c72ffa90e0d267ca981204b0638852de1d0ac62c3d570202b2ec75fd780abe,,TRIT-TS,TRIT-TS\TRIT-TS\s13207_T422\s13207_T422.v,Trojan,TrustHub_verified_variant,1,trusthub_constructed_documented,Medium,Functional Modification,Internal Condition,Majority Voting Corruption,TrustHub TRIT Benchmark
ce6a10919f7f65e08a001954abd21b19197b48a06487296c2a0a4fc4899b7346,,TRIT-TS,TRIT-TS\TRIT-TS\s13207_T423\s13207_T423.v,Trojan,TrustHub_verified_variant,1,trusthub_constructed_documented,Medium,Functional Modification,Internal Condition,Majority Voting Corruption,TrustHub TRIT Benchmark
fa1c4f047f1507773f4d1ba89aa1635c6602ed434423e781946f1049a96be23a,,TRIT-TS,TRIT-TS\TRIT-TS\s13207_T424\s13207_T424.v,Trojan,TrustHub_verified_variant,1,trusthub_constructed_documented,Medium,Functional Modification,Internal Condition,Majority Voting Corruption,TrustHub TRIT Benchmark
d579d9f441a51810afcf82c121b51e6c0d494c19363d28c4208866523770db0a,,TRIT-TS,TRIT-TS\TRIT-TS\s13207_T425\s13207_T425.v,Trojan,TrustHub_verified_variant,1,trusthub_constructed_documented,Medium,Functional Modification,Internal Condition,Majority Voting Corruption,TrustHub TRIT Benchmark
c6d3858a6a2c43fcf7ebed31e151ea93da897c651459799865920b2962d666b6,,TRIT-TS,TRIT-TS\TRIT-TS\s13207_T426\s13207_T426.v,Trojan,TrustHub_verified_variant,1,trusthub_constructed_documented,Medium,Functional Modification,Internal Condition,Majority Voting Corruption,TrustHub TRIT Benchmark
4cfd1f1384a097b662e3badc466d1b11024a374042970f37868a2390a612b796,,TRIT-TS,TRIT-TS\TRIT-TS\s13207_T427\s13207_T427.v,Trojan,TrustHub_verified_variant,1,trusthub_constructed_documented,Medium,Functional Modification,Internal Condition,Majority Voting Corruption,TrustHub TRIT Benchmark
96c8f2b64d2f2f0fbcdfebe85e64469168ba3fe45b3eddadf2b8ea354cd84d2f,,TRIT-TS,TRIT-TS\TRIT-TS\s13207_T428\s13207_T428.v,Trojan,TrustHub_verified_variant,1,trusthub_constructed_documented,Medium,Functional Modification,Internal Condition,Majority Voting Corruption,TrustHub TRIT Benchmark
1dce489d02299f618f2b1de54b4ca44eb66d56d383e1285ed8be1b62ace0a1cf,,TRIT-TS,TRIT-TS\TRIT-TS\s13207_T429\s13207_T429.v,Trojan,TrustHub_verified_variant,1,trusthub_constructed_documented,Medium,Functional Modification,Internal Condition,Majority Voting Corruption,TrustHub TRIT Benchmark
cd05403e65e092d2fdb8a77c0b8fec8f76de7dc139efc24ea675aed9201882f9,,TRIT-TS,TRIT-TS\TRIT-TS\s13207_T430\s13207_T430.v,Trojan,TrustHub_verified_variant,1,trusthub_constructed_documented,Medium,Functional Modification,Internal Condition,Majority Voting Corruption,TrustHub TRIT Benchmark
6f2bce8c1c4ec0c4930de829d5ee551321417a86fdf3039a1847c34154d5be35,,TRIT-TS,TRIT-TS\TRIT-TS\s13207_T431\s13207_T431.v,Trojan,TrustHub_verified_variant,1,trusthub_constructed_documented,Medium,Functional Modification,Internal Condition,Majority Voting Corruption,TrustHub TRIT Benchmark
da0a24ad4f05fda9f8fd6bb19cbd649d3a12d2d1be0289148572ea36aff4f20e,,TRIT-TS,TRIT-TS\TRIT-TS\s13207_T432\s13207_T432.v,Trojan,TrustHub_verified_variant,1,trusthub_constructed_documented,Medium,Functional Modification,Internal Condition,Majority Voting Corruption,TrustHub TRIT Benchmark
afefe96bf826c78f4cba37c899225489ac6624fb40a6cd5f0fe24baa9091de31,,TRIT-TS,TRIT-TS\TRIT-TS\s13207_T433\s13207_T433.v,Trojan,TrustHub_verified_variant,1,trusthub_constructed_documented,Medium,Functional Modification,Internal Condition,Majority Voting Corruption,TrustHub TRIT Benchmark
a8870e3f55d9e6e4f842b886d39661807dc0970d0e39dcc623936c0c20fe16a4,,TRIT-TS,TRIT-TS\TRIT-TS\s13207_T434\s13207_T434.v,Trojan,TrustHub_verified_variant,1,trusthub_constructed_documented,Medium,Functional Modification,Internal Condition,Majority Voting Corruption,TrustHub TRIT Benchmark
ac7b3ff2fb637ab148ff5511eb55c440c0e923ff8737f7d9dcda4f03956f6991,,TRIT-TS,TRIT-TS\TRIT-TS\s13207_T435\s13207_T435.v,Trojan,TrustHub_verified_variant,1,trusthub_constructed_documented,Medium,Functional Modification,Internal Condition,Majority Voting Corruption,TrustHub TRIT Benchmark
b49844a3711a343b6530044ee73ed2a492f3fc89bb62c7ac323543e2b1551c6e,,TRIT-TS,TRIT-TS\TRIT-TS\s13207_T436\s13207_T436.v,Trojan,TrustHub_verified_variant,1,trusthub_constructed_documented,Medium,Functional Modification,Internal Condition,Majority Voting Corruption,TrustHub TRIT Benchmark
cea830eeb16fb38c38af7eea641ca31589685662cfcc3c81f86bd1ac24defc35,,TRIT-TS,TRIT-TS\TRIT-TS\s13207_T437\s13207_T437.v,Trojan,TrustHub_verified_variant,1,trusthub_constructed_documented,Medium,Functional Modification,Internal Condition,Majority Voting Corruption,TrustHub TRIT Benchmark
61e7685926f7cc946970352fd516e0963ad919213acb4ebfb7b9f72ae84f7d9e,,TRIT-TS,TRIT-TS\TRIT-TS\s13207_T438\s13207_T438.v,Trojan,TrustHub_verified_variant,1,trusthub_constructed_documented,Medium,Functional Modification,Internal Condition,Majority Voting Corruption,TrustHub TRIT Benchmark
fa1a2ba85cea8f07aee22f68ee9ecf0c19efa6c38fc63f2864248d69f4965e71,,TRIT-TS,TRIT-TS\TRIT-TS\s13207_T439\s13207_T439.v,Trojan,TrustHub_verified_variant,1,trusthub_constructed_documented,Medium,Functional Modification,Internal Condition,Majority Voting Corruption,TrustHub TRIT Benchmark
6f85eea38e8a968ed6b5ae5529257ae837a684d53a8da655279e47ee375e8d53,,TRIT-TS,TRIT-TS\TRIT-TS\s13207_T440\s13207_T440.v,Trojan,TrustHub_verified_variant,1,trusthub_constructed_documented,Medium,Functional Modification,Internal Condition,Majority Voting Corruption,TrustHub TRIT Benchmark
1856d1a491c412d408acfd7d5b6c2de5af834a8a13e81ad1a46e32de3c8cd06e,,TRIT-TS,TRIT-TS\TRIT-TS\s13207_T441\s13207_T441.v,Trojan,TrustHub_verified_variant,1,trusthub_constructed_documented,Medium,Functional Modification,Internal Condition,Majority Voting Corruption,TrustHub TRIT Benchmark
5dd4e11c2c31ee4c64cdd3a8527d125753f63efa4af754b8ed5775937754cf79,,TRIT-TS,TRIT-TS\TRIT-TS\s13207_T442\s13207_T442.v,Trojan,TrustHub_verified_variant,1,trusthub_constructed_documented,Medium,Functional Modification,Internal Condition,Majority Voting Corruption,TrustHub TRIT Benchmark
fa7ff5a25ed51b627ca709fe2d1613cb58120415a5d31cd793497672965bafae,,TRIT-TS,TRIT-TS\TRIT-TS\s13207_T443\s13207_T443.v,Trojan,TrustHub_verified_variant,1,trusthub_constructed_documented,Medium,Functional Modification,Internal Condition,Majority Voting Corruption,TrustHub TRIT Benchmark
7f06c4ce41f7a6aa19d27c68e24dc9d69225fece94914d7936eba15f7b1b8d17,,TRIT-TS,TRIT-TS\TRIT-TS\s13207_T444\s13207_T444.v,Trojan,TrustHub_verified_variant,1,trusthub_constructed_documented,Medium,Functional Modification,Internal Condition,Majority Voting Corruption,TrustHub TRIT Benchmark
4017eb37573a7abef10bad26309d483256d7289219a6cf2a73794540865ee976,,TRIT-TS,TRIT-TS\TRIT-TS\s13207_T445\s13207_T445.v,Trojan,TrustHub_verified_variant,1,trusthub_constructed_documented,Medium,Functional Modification,Internal Condition,Majority Voting Corruption,TrustHub TRIT Benchmark
bdb8c07f7d14324bf013624c1d785a7abb3a55efe25f7483a1734cb80671767c,,TRIT-TS,TRIT-TS\TRIT-TS\s13207_T446\s13207_T446.v,Trojan,TrustHub_verified_variant,1,trusthub_constructed_documented,Medium,Functional Modification,Internal Condition,Majority Voting Corruption,TrustHub TRIT Benchmark
e23181c8f752c96499c3e1b1c8d41b13cb91aba63e8b3a0c4046833224ef9786,,TRIT-TS,TRIT-TS\TRIT-TS\s13207_T447\s13207_T447.v,Trojan,TrustHub_verified_variant,1,trusthub_constructed_documented,Medium,Functional Modification,Internal Condition,Majority Voting Corruption,TrustHub TRIT Benchmark
d740b122f0962ca970182e6e605cb1bf1b73d61042f29bd026b5a42dd321105c,,TRIT-TS,TRIT-TS\TRIT-TS\s13207_T448\s13207_T448.v,Trojan,TrustHub_verified_variant,1,trusthub_constructed_documented,Medium,Functional Modification,Internal Condition,Majority Voting Corruption,TrustHub TRIT Benchmark
f2149d23de1f25c136916b895fd41b1a8eb790005718137431b665ab26883434,,TRIT-TS,TRIT-TS\TRIT-TS\s13207_T449\s13207_T449.v,Trojan,TrustHub_verified_variant,1,trusthub_constructed_documented,Medium,Functional Modification,Internal Condition,Majority Voting Corruption,TrustHub TRIT Benchmark
2243d4e96c31de8496e363761a7fddbf02fa4e20971d78a522c713675ab910de,,TRIT-TS,TRIT-TS\TRIT-TS\s13207_T450\s13207_T450.v,Trojan,TrustHub_verified_variant,1,trusthub_constructed_documented,Medium,Functional Modification,Internal Condition,Majority Voting Corruption,TrustHub TRIT Benchmark
fc022b46e57fcea37fad19340318276e656926796a0a70ac48e900b1a763ec2f,,TRIT-TS,TRIT-TS\TRIT-TS\s13207_T451\s13207_T451.v,Trojan,TrustHub_verified_variant,1,trusthub_constructed_documented,Medium,Functional Modification,Internal Condition,Majority Voting Corruption,TrustHub TRIT Benchmark
f1c9c3552044acf8829fc55a55517fb95e4df17caa7564fd94d6bf3ae97f3d1b,,TRIT-TS,TRIT-TS\TRIT-TS\s13207_T452\s13207_T452.v,Trojan,TrustHub_verified_variant,1,trusthub_constructed_documented,Medium,Functional Modification,Internal Condition,Majority Voting Corruption,TrustHub TRIT Benchmark
4cede67016fba8e8e33a2f1c84660730feb9f2e606aa5676b48c3bfc6eb707ba,,TRIT-TS,TRIT-TS\TRIT-TS\s13207_T453\s13207_T453.v,Trojan,TrustHub_verified_variant,1,trusthub_constructed_documented,Medium,Functional Modification,Internal Condition,Majority Voting Corruption,TrustHub TRIT Benchmark
574ef22f98e2a878e4036ac28f5395c4fc3bdb181f72ad7d6241f8f8efeba9c7,,TRIT-TS,TRIT-TS\TRIT-TS\s13207_T454\s13207_T454.v,Trojan,TrustHub_verified_variant,1,trusthub_constructed_documented,Medium,Functional Modification,Internal Condition,Majority Voting Corruption,TrustHub TRIT Benchmark
bf7b55613668cb2eeae1f04184ef19ef644e9bad10e78e942735041ffcaebfb8,,TRIT-TS,TRIT-TS\TRIT-TS\s13207_T455\s13207_T455.v,Trojan,TrustHub_verified_variant,1,trusthub_constructed_documented,Medium,Functional Modification,Internal Condition,Majority Voting Corruption,TrustHub TRIT Benchmark
1301d6b74420765da5336939dc4f7a68a4e03e3b852696372cc122c2917d5875,,TRIT-TS,TRIT-TS\TRIT-TS\s13207_T456\s13207_T456.v,Trojan,TrustHub_verified_variant,1,trusthub_constructed_documented,Medium,Functional Modification,Internal Condition,Majority Voting Corruption,TrustHub TRIT Benchmark
44cef67d78e4e10731da7d642b4668debf5ebcffd65bebec6fa671c8d7a711c6,,TRIT-TS,TRIT-TS\TRIT-TS\s13207_T457\s13207_T457.v,Trojan,TrustHub_verified_variant,1,trusthub_constructed_documented,Medium,Functional Modification,Internal Condition,Majority Voting Corruption,TrustHub TRIT Benchmark
264088cb8205e708cf0584330450ddc07f3122f802a38958914cec87d7a28869,,TRIT-TS,TRIT-TS\TRIT-TS\s13207_T458\s13207_T458.v,Trojan,TrustHub_verified_variant,1,trusthub_constructed_documented,Medium,Functional Modification,Internal Condition,Majority Voting Corruption,TrustHub TRIT Benchmark
a057cfd735630776b00ce4d15743a117af161004a6b4444ed08790a77de778ca,,TRIT-TS,TRIT-TS\TRIT-TS\s13207_T459\s13207_T459.v,Trojan,TrustHub_verified_variant,1,trusthub_constructed_documented,Medium,Functional Modification,Internal Condition,Majority Voting Corruption,TrustHub TRIT Benchmark
5c2f36b45117486fca8e19501ade7f892d410a5149f340beb4f4df5f0c5b1235,,TRIT-TS,TRIT-TS\TRIT-TS\s13207_T460\s13207_T460.v,Trojan,TrustHub_verified_variant,1,trusthub_constructed_documented,Medium,Functional Modification,Internal Condition,Majority Voting Corruption,TrustHub TRIT Benchmark
a314d7f628535f1bf8ee75adf4f98506290b1a5e529ae6d644789e20e390df04,,TRIT-TS,TRIT-TS\TRIT-TS\s13207_T461\s13207_T461.v,Trojan,TrustHub_verified_variant,1,trusthub_constructed_documented,Medium,Functional Modification,Internal Condition,Majority Voting Corruption,TrustHub TRIT Benchmark
d18c9150e67830dbeb13e92e853a2b48c3532bf6ac0819ec88a70eeb05c22a78,,TRIT-TS,TRIT-TS\TRIT-TS\s13207_T462\s13207_T462.v,Trojan,TrustHub_verified_variant,1,trusthub_constructed_documented,Medium,Functional Modification,Internal Condition,Majority Voting Corruption,TrustHub TRIT Benchmark
386f7e1bbeaaf9bb067ddc7a4dd029507e2e7e24aed910e8b54116ae0954e291,,TRIT-TS,TRIT-TS\TRIT-TS\s13207_T463\s13207_T463.v,Trojan,TrustHub_verified_variant,1,trusthub_constructed_documented,Medium,Functional Modification,Internal Condition,Majority Voting Corruption,TrustHub TRIT Benchmark
ca8d4384647548981eb53f59b0698f45dccabc286d1fcbe08855d401773e5594,,TRIT-TS,TRIT-TS\TRIT-TS\s13207_T464\s13207_T464.v,Trojan,TrustHub_verified_variant,1,trusthub_constructed_documented,Medium,Functional Modification,Internal Condition,Majority Voting Corruption,TrustHub TRIT Benchmark
529a42a6ae05e3f6ea2b44e928d8029a054640629fb4d4d4423310c0c04030ff,,TRIT-TS,TRIT-TS\TRIT-TS\s13207_T465\s13207_T465.v,Trojan,TrustHub_verified_variant,1,trusthub_constructed_documented,Medium,Functional Modification,Internal Condition,Majority Voting Corruption,TrustHub TRIT Benchmark
57def408702b94d455d3a87fe474416a4e8b7401fd8aab909c984ecbb7b1ab6d,,TRIT-TS,TRIT-TS\TRIT-TS\s13207_T466\s13207_T466.v,Trojan,TrustHub_verified_variant,1,trusthub_constructed_documented,Medium,Functional Modification,Internal Condition,Majority Voting Corruption,TrustHub TRIT Benchmark
77aedd6aa9d716168029b8e301d937031d8f42628e861976f83c7544ab16110c,,TRIT-TS,TRIT-TS\TRIT-TS\s13207_T467\s13207_T467.v,Trojan,TrustHub_verified_variant,1,trusthub_constructed_documented,Medium,Functional Modification,Internal Condition,Majority Voting Corruption,TrustHub TRIT Benchmark
ba5346bd0d54483a57e0f9ebd55cda5258751b49dbe0d83bc038bffe6d846b86,,TRIT-TS,TRIT-TS\TRIT-TS\s13207_T468\s13207_T468.v,Trojan,TrustHub_verified_variant,1,trusthub_constructed_documented,Medium,Functional Modification,Internal Condition,Majority Voting Corruption,TrustHub TRIT Benchmark
21a841310ab68ed5796933b18586d392d98bef43aebd500fad8c8adcc3bb11e4,,TRIT-TS,TRIT-TS\TRIT-TS\s13207_T469\s13207_T469.v,Trojan,TrustHub_verified_variant,1,trusthub_constructed_documented,Medium,Functional Modification,Internal Condition,Majority Voting Corruption,TrustHub TRIT Benchmark
07a4f8f733a26b85187271c3b490246faf9b8e9c0d73be6f1bfb17b5f530475c,,TRIT-TS,TRIT-TS\TRIT-TS\s13207_T470\s13207_T470.v,Trojan,TrustHub_verified_variant,1,trusthub_constructed_documented,Medium,Functional Modification,Internal Condition,Majority Voting Corruption,TrustHub TRIT Benchmark
be40b8f64c987bc0c8681f9f9c707455484096bac55b6bcbb173d7a1abba39fc,,TRIT-TS,TRIT-TS\TRIT-TS\s13207_T471\s13207_T471.v,Trojan,TrustHub_verified_variant,1,trusthub_constructed_documented,Medium,Functional Modification,Internal Condition,Majority Voting Corruption,TrustHub TRIT Benchmark
1cdd9dbea6337a9d965079af99fb03abe9bdd24b55495a755d8e59b046179f86,,TRIT-TS,TRIT-TS\TRIT-TS\s13207_T472\s13207_T472.v,Trojan,TrustHub_verified_variant,1,trusthub_constructed_documented,Medium,Functional Modification,Internal Condition,Majority Voting Corruption,TrustHub TRIT Benchmark
92e50dbcd496f5aa570091d7407e434fc809109102e7efb75638a91f6402c0ff,,TRIT-TS,TRIT-TS\TRIT-TS\s13207_T473\s13207_T473.v,Trojan,TrustHub_verified_variant,1,trusthub_constructed_documented,Medium,Functional Modification,Internal Condition,Majority Voting Corruption,TrustHub TRIT Benchmark
9ed639a63bc29776d53abeff16d56cd1cbc7eb0ff8130f96ee02ee6e19979fcb,,TRIT-TS,TRIT-TS\TRIT-TS\s13207_T474\s13207_T474.v,Trojan,TrustHub_verified_variant,1,trusthub_constructed_documented,Medium,Functional Modification,Internal Condition,Majority Voting Corruption,TrustHub TRIT Benchmark
9279cfb047f54a30fc181a4463e07e4f584b852046348e7f8aed173399029c1e,,TRIT-TS,TRIT-TS\TRIT-TS\s13207_T475\s13207_T475.v,Trojan,TrustHub_verified_variant,1,trusthub_constructed_documented,Medium,Functional Modification,Internal Condition,Majority Voting Corruption,TrustHub TRIT Benchmark
f207f5d59cd97635877d06ef97ba45abc69b232bef545186f12af12e10258d09,,TRIT-TS,TRIT-TS\TRIT-TS\s13207_T476\s13207_T476.v,Trojan,TrustHub_verified_variant,1,trusthub_constructed_documented,Medium,Functional Modification,Internal Condition,Majority Voting Corruption,TrustHub TRIT Benchmark
c0f0e398801655fd5136a399d5d04e1bfd728d4ad722bbb90d4983f97bc894a2,,TRIT-TS,TRIT-TS\TRIT-TS\s13207_T477\s13207_T477.v,Trojan,TrustHub_verified_variant,1,trusthub_constructed_documented,Medium,Functional Modification,Internal Condition,Majority Voting Corruption,TrustHub TRIT Benchmark
f7105c0cc54a66420ab18a97f6b83e0190e9455d3e5a62acd01b449b1a2979ed,,TRIT-TS,TRIT-TS\TRIT-TS\s13207_T478\s13207_T478.v,Trojan,TrustHub_verified_variant,1,trusthub_constructed_documented,Medium,Functional Modification,Internal Condition,Majority Voting Corruption,TrustHub TRIT Benchmark
a4cafa0cdc8fca880756da603357309b564c5718aec4a1edc813c2b3355dc1d9,,TRIT-TS,TRIT-TS\TRIT-TS\s13207_T479\s13207_T479.v,Trojan,TrustHub_verified_variant,1,trusthub_constructed_documented,Medium,Functional Modification,Internal Condition,Majority Voting Corruption,TrustHub TRIT Benchmark
2e263aac25a9507d3875e01fbfbf49a904936d0003b8771547c8aac5f4ce77f0,,TRIT-TS,TRIT-TS\TRIT-TS\s13207_T480\s13207_T480.v,Trojan,TrustHub_verified_variant,1,trusthub_constructed_documented,Medium,Functional Modification,Internal Condition,Majority Voting Corruption,TrustHub TRIT Benchmark
3587713906131c41b77aec3299cab2f1750091e384cdec7b775e3b3bd39abc54,,TRIT-TS,TRIT-TS\TRIT-TS\s13207_T481\s13207_T481.v,Trojan,TrustHub_verified_variant,1,trusthub_constructed_documented,Medium,Functional Modification,Internal Condition,Majority Voting Corruption,TrustHub TRIT Benchmark
c607c1abddddb6af8a7f30847c572917d9fa52cc91d84997e2b3c30b9eead373,,TRIT-TS,TRIT-TS\TRIT-TS\s13207_T482\s13207_T482.v,Trojan,TrustHub_verified_variant,1,trusthub_constructed_documented,Medium,Functional Modification,Internal Condition,Majority Voting Corruption,TrustHub TRIT Benchmark
dfa8a5c5ad08ac345322c12601e9faad03254ce703263a66cd49b793449b8860,,TRIT-TS,TRIT-TS\TRIT-TS\s13207_T483\s13207_T483.v,Trojan,TrustHub_verified_variant,1,trusthub_constructed_documented,Medium,Functional Modification,Internal Condition,Majority Voting Corruption,TrustHub TRIT Benchmark
46fabd00a52f0113fe2a84b54a3af99c3811c855801d69a950a70fe69ebd1c6e,,TRIT-TS,TRIT-TS\TRIT-TS\s13207_T484\s13207_T484.v,Trojan,TrustHub_verified_variant,1,trusthub_constructed_documented,Medium,Functional Modification,Internal Condition,Majority Voting Corruption,TrustHub TRIT Benchmark
a368a91e6ed106085643ce7cece82f32472e50eee1386c974b09bea8122091c2,,TRIT-TS,TRIT-TS\TRIT-TS\s13207_T485\s13207_T485.v,Trojan,TrustHub_verified_variant,1,trusthub_constructed_documented,Medium,Functional Modification,Internal Condition,Majority Voting Corruption,TrustHub TRIT Benchmark
f20085aabc578f48dc9da438cec1d3660b9fa118a181548e16b5fc98f319d5c5,,TRIT-TS,TRIT-TS\TRIT-TS\s13207_T486\s13207_T486.v,Trojan,TrustHub_verified_variant,1,trusthub_constructed_documented,Medium,Functional Modification,Internal Condition,Majority Voting Corruption,TrustHub TRIT Benchmark
58f0399d443700a67215fe43a6b091b11a9e10d4b50b5d136e8a971dc3ae735f,,TRIT-TS,TRIT-TS\TRIT-TS\s13207_T487\s13207_T487.v,Trojan,TrustHub_verified_variant,1,trusthub_constructed_documented,Medium,Functional Modification,Internal Condition,Majority Voting Corruption,TrustHub TRIT Benchmark
37870be9e688d1b0d46eee8cc9d6649a79ffb0ef26fa0062b6f2eb8cdf8b242f,,TRIT-TS,TRIT-TS\TRIT-TS\s13207_T488\s13207_T488.v,Trojan,TrustHub_verified_variant,1,trusthub_constructed_documented,Medium,Functional Modification,Internal Condition,Majority Voting Corruption,TrustHub TRIT Benchmark
f840e2ba524af3f06141d5986c094a56cf098b9ee566e211e55055e6ffa0b9db,,TRIT-TS,TRIT-TS\TRIT-TS\s13207_T489\s13207_T489.v,Trojan,TrustHub_verified_variant,1,trusthub_constructed_documented,Medium,Functional Modification,Internal Condition,Majority Voting Corruption,TrustHub TRIT Benchmark
d0c672415d7b238fb315f215cf9fa6c4a9ffbd425ff39cf6fb39bdce5ad9dffd,,TRIT-TS,TRIT-TS\TRIT-TS\s13207_T600\s13207_T600.v,Trojan,TrustHub_verified_variant,1,trusthub_constructed_documented,Medium,Functional Modification,Internal Condition,Majority Voting Corruption,TrustHub TRIT Benchmark
80c9abd2d75032a4e3ed5e26434e271cabf2efd5e669236ffbe65bd28af50e6a,,TRIT-TS,TRIT-TS\TRIT-TS\s13207_T601\s13207_T601.v,Trojan,TrustHub_verified_variant,1,trusthub_constructed_documented,Medium,Functional Modification,Internal Condition,Majority Voting Corruption,TrustHub TRIT Benchmark
2fa2c13ba1221eccd2f6b0709689a0050a7038afbe0fd4eab1f21ff8bab497a7,,TRIT-TS,TRIT-TS\TRIT-TS\s13207_T602\s13207_T602.v,Trojan,TrustHub_verified_variant,1,trusthub_constructed_documented,Medium,Functional Modification,Internal Condition,Majority Voting Corruption,TrustHub TRIT Benchmark
17b9f04d4553c178ef68dd91c5a7e27050581d3aa1b96a239eda9e06dedd906e,,TRIT-TS,TRIT-TS\TRIT-TS\s13207_T603\s13207_T603.v,Trojan,TrustHub_verified_variant,1,trusthub_constructed_documented,Medium,Functional Modification,Internal Condition,Majority Voting Corruption,TrustHub TRIT Benchmark
c817bb8de801c700a4d67e6bb0b620d7e5c6de9aa29393fd260b92f124b0abdc,,TRIT-TS,TRIT-TS\TRIT-TS\s13207_T604\s13207_T604.v,Trojan,TrustHub_verified_variant,1,trusthub_constructed_documented,Medium,Functional Modification,Internal Condition,Majority Voting Corruption,TrustHub TRIT Benchmark
333ae846ff101795518f042a0045fe945d6e014dffbede807d5eea8d2e3ff9c2,,TRIT-TS,TRIT-TS\TRIT-TS\s13207_T605\s13207_T605.v,Trojan,TrustHub_verified_variant,1,trusthub_constructed_documented,Medium,Functional Modification,Internal Condition,Majority Voting Corruption,TrustHub TRIT Benchmark
c2e0e806725a470d3e1564e6146bf723ee403d79508024b064a39e7a637b2504,,TRIT-TS,TRIT-TS\TRIT-TS\s13207_T606\s13207_T606.v,Trojan,TrustHub_verified_variant,1,trusthub_constructed_documented,Medium,Functional Modification,Internal Condition,Majority Voting Corruption,TrustHub TRIT Benchmark
eab3d98fb03a20720dd1c0844582c9cbd3dc7258a0e2e26cee125283fb45dde4,,TRIT-TS,TRIT-TS\TRIT-TS\s13207_T607\s13207_T607.v,Trojan,TrustHub_verified_variant,1,trusthub_constructed_documented,Medium,Functional Modification,Internal Condition,Majority Voting Corruption,TrustHub TRIT Benchmark
71dee65abee2004c7e90bb90e91ed900557f46c6ee7f715de5ff47185ddc8984,,TRIT-TS,TRIT-TS\TRIT-TS\s13207_T608\s13207_T608.v,Trojan,TrustHub_verified_variant,1,trusthub_constructed_documented,Medium,Functional Modification,Internal Condition,Majority Voting Corruption,TrustHub TRIT Benchmark
6ea8a828760be18d04bfbb2aa17043485b7368bffde620c91553c13c3e77fae9,,TRIT-TS,TRIT-TS\TRIT-TS\s13207_T609\s13207_T609.v,Trojan,TrustHub_verified_variant,1,trusthub_constructed_documented,Medium,Functional Modification,Internal Condition,Majority Voting Corruption,TrustHub TRIT Benchmark
6a092d564a6c31b11818503f7f6b83e56cca5b30e7242abf29aad556efc0bdf5,,TRIT-TS,TRIT-TS\TRIT-TS\s13207_T610\s13207_T610.v,Trojan,TrustHub_verified_variant,1,trusthub_constructed_documented,Medium,Functional Modification,Internal Condition,Majority Voting Corruption,TrustHub TRIT Benchmark
809bf4ceaea97c90b60ac2a277acb4ddc63a3bb671e703796a0011411697c369,,TRIT-TS,TRIT-TS\TRIT-TS\s13207_T611\s13207_T611.v,Trojan,TrustHub_verified_variant,1,trusthub_constructed_documented,Medium,Functional Modification,Internal Condition,Majority Voting Corruption,TrustHub TRIT Benchmark
63a8de44329e9236bd933744ea8bd5388ba561a0b385aa06e08f57ee71a5d797,,TRIT-TS,TRIT-TS\TRIT-TS\s13207_T612\s13207_T612.v,Trojan,TrustHub_verified_variant,1,trusthub_constructed_documented,Medium,Functional Modification,Internal Condition,Majority Voting Corruption,TrustHub TRIT Benchmark
3ef7d92728a812d9ece831ea83c7e346bf69a591b1d3885a70cd48e6705694d6,,TRIT-TS,TRIT-TS\TRIT-TS\s13207_T613\s13207_T613.v,Trojan,TrustHub_verified_variant,1,trusthub_constructed_documented,Medium,Functional Modification,Internal Condition,Majority Voting Corruption,TrustHub TRIT Benchmark
7c00fc271b70cf00f7c587919c77d4e3ecfdcfb2e8703e462dcce9016646b232,,TRIT-TS,TRIT-TS\TRIT-TS\s13207_T614\s13207_T614.v,Trojan,TrustHub_verified_variant,1,trusthub_constructed_documented,Medium,Functional Modification,Internal Condition,Majority Voting Corruption,TrustHub TRIT Benchmark
001ec8b0c72f6d669f2820b8622e06fc425bd2a0f58127ebb024b95765801bca,,TRIT-TS,TRIT-TS\TRIT-TS\s13207_T615\s13207_T615.v,Trojan,TrustHub_verified_variant,1,trusthub_constructed_documented,Medium,Functional Modification,Internal Condition,Majority Voting Corruption,TrustHub TRIT Benchmark
70a49ee63d8464d8ae9bc38187e2101cffdcf739747a66ad9dcbb83c061b8d1d,,TRIT-TS,TRIT-TS\TRIT-TS\s13207_T616\s13207_T616.v,Trojan,TrustHub_verified_variant,1,trusthub_constructed_documented,Medium,Functional Modification,Internal Condition,Majority Voting Corruption,TrustHub TRIT Benchmark
a6c9c21c780028429cd6ae7f9017db1b4b35bdf52e113e366fb217427d7cf3d3,,TRIT-TS,TRIT-TS\TRIT-TS\s13207_T617\s13207_T617.v,Trojan,TrustHub_verified_variant,1,trusthub_constructed_documented,Medium,Functional Modification,Internal Condition,Majority Voting Corruption,TrustHub TRIT Benchmark
5488e01a63284f5f86703a45e3f1104a91780d174128d0da97bb205d1fc63c38,,TRIT-TS,TRIT-TS\TRIT-TS\s13207_T618\s13207_T618.v,Trojan,TrustHub_verified_variant,1,trusthub_constructed_documented,Medium,Functional Modification,Internal Condition,Majority Voting Corruption,TrustHub TRIT Benchmark
928eafe7f5449daaf8ec06231e590fc1100796457e8278dcf88470aed2cde0d9,,TRIT-TS,TRIT-TS\TRIT-TS\s13207_T619\s13207_T619.v,Trojan,TrustHub_verified_variant,1,trusthub_constructed_documented,Medium,Functional Modification,Internal Condition,Majority Voting Corruption,TrustHub TRIT Benchmark
a71137cc4b43f6c067420bbb3aac001f0467542a8bdf9bcbee2107269ac16129,,TRIT-TS,TRIT-TS\TRIT-TS\s1423_T400\s1423_T400.v,Trojan,TrustHub_verified_variant,1,trusthub_constructed_documented,Medium,Functional Modification,Internal Condition,Majority Voting Corruption,TrustHub TRIT Benchmark
9f269fd5375f56de4f2e3f928449d584d38e2aea8589275039e5e04944a2dec7,,TRIT-TS,TRIT-TS\TRIT-TS\s1423_T401\s1423_T401.v,Trojan,TrustHub_verified_variant,1,trusthub_constructed_documented,Medium,Functional Modification,Internal Condition,Majority Voting Corruption,TrustHub TRIT Benchmark
8814cafdd4eb9996a5047b56c9403d7561f16c973951426190ecd32343ab24d3,,TRIT-TS,TRIT-TS\TRIT-TS\s1423_T402\s1423_T402.v,Trojan,TrustHub_verified_variant,1,trusthub_constructed_documented,Medium,Functional Modification,Internal Condition,Majority Voting Corruption,TrustHub TRIT Benchmark
b14f354b24ef610ae0a31b8f775424f2b73eb14ed3ec9a46962db678379034c5,,TRIT-TS,TRIT-TS\TRIT-TS\s1423_T403\s1423_T403.v,Trojan,TrustHub_verified_variant,1,trusthub_constructed_documented,Medium,Functional Modification,Internal Condition,Majority Voting Corruption,TrustHub TRIT Benchmark
1ebfd84353bcbb87bb00900fa8a8412c6ce083db7e1966bb5fd8efe197d2e724,,TRIT-TS,TRIT-TS\TRIT-TS\s1423_T404\s1423_T404.v,Trojan,TrustHub_verified_variant,1,trusthub_constructed_documented,Medium,Functional Modification,Internal Condition,Majority Voting Corruption,TrustHub TRIT Benchmark
5de1e0d1b9455b11e97df56778e3f13627ddbab7baddf58ea545770ce6157134,,TRIT-TS,TRIT-TS\TRIT-TS\s1423_T405\s1423_T405.v,Trojan,TrustHub_verified_variant,1,trusthub_constructed_documented,Medium,Functional Modification,Internal Condition,Majority Voting Corruption,TrustHub TRIT Benchmark
be7eb8be4999dbee8ce3e646862139228aa8e8853c6c9c86039b9dea525cd172,,TRIT-TS,TRIT-TS\TRIT-TS\s1423_T406\s1423_T406.v,Trojan,TrustHub_verified_variant,1,trusthub_constructed_documented,Medium,Functional Modification,Internal Condition,Majority Voting Corruption,TrustHub TRIT Benchmark
d68faa3c037e0d1113a22bfe01e028867ee358153c4b04bec349f2582ba2a398,,TRIT-TS,TRIT-TS\TRIT-TS\s1423_T407\s1423_T407.v,Trojan,TrustHub_verified_variant,1,trusthub_constructed_documented,Medium,Functional Modification,Internal Condition,Majority Voting Corruption,TrustHub TRIT Benchmark
f8a263c6ce599fe26b9fde50e8dc9b9a1f7a7a16990256bdf7309b84036a222e,,TRIT-TS,TRIT-TS\TRIT-TS\s1423_T408\s1423_T408.v,Trojan,TrustHub_verified_variant,1,trusthub_constructed_documented,Medium,Functional Modification,Internal Condition,Majority Voting Corruption,TrustHub TRIT Benchmark
fa05304f827fa66e5f94cd08c71de7c4bd80d0f8e69931393a12fac01fdc3db1,,TRIT-TS,TRIT-TS\TRIT-TS\s1423_T409\s1423_T409.v,Trojan,TrustHub_verified_variant,1,trusthub_constructed_documented,Medium,Functional Modification,Internal Condition,Majority Voting Corruption,TrustHub TRIT Benchmark
8f6b95758c555ae7d0d4a609490546e2babd5a9d61ec8d98bbe744b18d45cd43,,TRIT-TS,TRIT-TS\TRIT-TS\s1423_T410\s1423_T410.v,Trojan,TrustHub_verified_variant,1,trusthub_constructed_documented,Medium,Functional Modification,Internal Condition,Majority Voting Corruption,TrustHub TRIT Benchmark
c7517d32456a1c4f886ea49731faa373b565ff73d79230b7ed9675c23abdcd2d,,TRIT-TS,TRIT-TS\TRIT-TS\s1423_T411\s1423_T411.v,Trojan,TrustHub_verified_variant,1,trusthub_constructed_documented,Medium,Functional Modification,Internal Condition,Majority Voting Corruption,TrustHub TRIT Benchmark
ff16d85c172528cd367d68afe3240edcf2f93988a073aec6f70b0e72379fc9a8,,TRIT-TS,TRIT-TS\TRIT-TS\s1423_T412\s1423_T412.v,Trojan,TrustHub_verified_variant,1,trusthub_constructed_documented,Medium,Functional Modification,Internal Condition,Majority Voting Corruption,TrustHub TRIT Benchmark
773bdb8c0343e24d99ae2814f210d1673929a415cb03b91b12755f2dedf0dbcc,,TRIT-TS,TRIT-TS\TRIT-TS\s1423_T413\s1423_T413.v,Trojan,TrustHub_verified_variant,1,trusthub_constructed_documented,Medium,Functional Modification,Internal Condition,Majority Voting Corruption,TrustHub TRIT Benchmark
f1868eb7172b96ff937a89c8aa1d308af3d5b4ba01acc6ffaced23b8ebf30e7f,,TRIT-TS,TRIT-TS\TRIT-TS\s1423_T414\s1423_T414.v,Trojan,TrustHub_verified_variant,1,trusthub_constructed_documented,Medium,Functional Modification,Internal Condition,Majority Voting Corruption,TrustHub TRIT Benchmark
ed356248152f653ded4a1d0196f1853b7a4eda7cfbc22a4c8469d51d5ccb3897,,TRIT-TS,TRIT-TS\TRIT-TS\s1423_T415\s1423_T415.v,Trojan,TrustHub_verified_variant,1,trusthub_constructed_documented,Medium,Functional Modification,Internal Condition,Majority Voting Corruption,TrustHub TRIT Benchmark
e1ab3d8cb17267c20068f14383ac382ac0996abc9c19122aa09a0d7c3c81271e,,TRIT-TS,TRIT-TS\TRIT-TS\s1423_T416\s1423_T416.v,Trojan,TrustHub_verified_variant,1,trusthub_constructed_documented,Medium,Functional Modification,Internal Condition,Majority Voting Corruption,TrustHub TRIT Benchmark
ba3a45743cc2dbb67611e9ee52df6397c6c568536e89546a02bc37d7bc372254,,TRIT-TS,TRIT-TS\TRIT-TS\s1423_T417\s1423_T417.v,Trojan,TrustHub_verified_variant,1,trusthub_constructed_documented,Medium,Functional Modification,Internal Condition,Majority Voting Corruption,TrustHub TRIT Benchmark
c56817796ab975b347b299f9639da83cbdbdfe0d66eb4fa644487bb97aa4821c,,TRIT-TS,TRIT-TS\TRIT-TS\s1423_T418\s1423_T418.v,Trojan,TrustHub_verified_variant,1,trusthub_constructed_documented,Medium,Functional Modification,Internal Condition,Majority Voting Corruption,TrustHub TRIT Benchmark
4ac1a8d9c255290ae5803e401dbdabe3bde042828166c6ee458f60cb818c3258,,TRIT-TS,TRIT-TS\TRIT-TS\s1423_T419\s1423_T419.v,Trojan,TrustHub_verified_variant,1,trusthub_constructed_documented,Medium,Functional Modification,Internal Condition,Majority Voting Corruption,TrustHub TRIT Benchmark
9e3665c6fd889ef23bfe60bf1299f311e843e423d57c895bdcc8d458306ded97,,TRIT-TS,TRIT-TS\TRIT-TS\s1423_T420\s1423_T420.v,Trojan,TrustHub_verified_variant,1,trusthub_constructed_documented,Medium,Functional Modification,Internal Condition,Majority Voting Corruption,TrustHub TRIT Benchmark
f0dac44458badaab95b138e44242b7027279f66c12e42c499ee0433a3551e7e5,,TRIT-TS,TRIT-TS\TRIT-TS\s1423_T421\s1423_T421.v,Trojan,TrustHub_verified_variant,1,trusthub_constructed_documented,Medium,Functional Modification,Internal Condition,Majority Voting Corruption,TrustHub TRIT Benchmark
c6ed8e0e7b270913d7c8e0696033308fb20bcccb14b811affdbf0ceb4342f88c,,TRIT-TS,TRIT-TS\TRIT-TS\s1423_T422\s1423_T422.v,Trojan,TrustHub_verified_variant,1,trusthub_constructed_documented,Medium,Functional Modification,Internal Condition,Majority Voting Corruption,TrustHub TRIT Benchmark
2bfa769bebf3864a03f5ee85d39e36737ab28c2dd4cdba8f2560f11ec67240c0,,TRIT-TS,TRIT-TS\TRIT-TS\s1423_T423\s1423_T423.v,Trojan,TrustHub_verified_variant,1,trusthub_constructed_documented,Medium,Functional Modification,Internal Condition,Majority Voting Corruption,TrustHub TRIT Benchmark
8302691ae2c9861642c0d068682651fc9e02de1cf2de903abf3bb77fc37035fb,,TRIT-TS,TRIT-TS\TRIT-TS\s1423_T424\s1423_T424.v,Trojan,TrustHub_verified_variant,1,trusthub_constructed_documented,Medium,Functional Modification,Internal Condition,Majority Voting Corruption,TrustHub TRIT Benchmark
2600a82cdc02e2a2f5dc68d77e189a7e9fd92c5277168db447edbb9576a28618,,TRIT-TS,TRIT-TS\TRIT-TS\s1423_T425\s1423_T425.v,Trojan,TrustHub_verified_variant,1,trusthub_constructed_documented,Medium,Functional Modification,Internal Condition,Majority Voting Corruption,TrustHub TRIT Benchmark
d00ad51b6bae8def9b6e848b15ff981eded19d7a052c8d72d2b5979f4d3d77c6,,TRIT-TS,TRIT-TS\TRIT-TS\s1423_T426\s1423_T426.v,Trojan,TrustHub_verified_variant,1,trusthub_constructed_documented,Medium,Functional Modification,Internal Condition,Majority Voting Corruption,TrustHub TRIT Benchmark
09bcd9233784dd6e9b0d8d40d8c980925b55238a809daf62bbe2e238dae25afc,,TRIT-TS,TRIT-TS\TRIT-TS\s1423_T427\s1423_T427.v,Trojan,TrustHub_verified_variant,1,trusthub_constructed_documented,Medium,Functional Modification,Internal Condition,Majority Voting Corruption,TrustHub TRIT Benchmark
fe3b2e9d301fc7517bcf0e28d0768e790420f68adc2748ec4ce7b7ac8f61b4ec,,TRIT-TS,TRIT-TS\TRIT-TS\s1423_T428\s1423_T428.v,Trojan,TrustHub_verified_variant,1,trusthub_constructed_documented,Medium,Functional Modification,Internal Condition,Majority Voting Corruption,TrustHub TRIT Benchmark
46b5ef7e3d243672f8a641181da0a77ad2107367c79a3650b419a03cefd8ae4f,,TRIT-TS,TRIT-TS\TRIT-TS\s1423_T429\s1423_T429.v,Trojan,TrustHub_verified_variant,1,trusthub_constructed_documented,Medium,Functional Modification,Internal Condition,Majority Voting Corruption,TrustHub TRIT Benchmark
a0f4cc83206e84d63efd0d7cc8368d0e354bbb95e77f117a6c611fd7bb2e02da,,TRIT-TS,TRIT-TS\TRIT-TS\s1423_T430\s1423_T430.v,Trojan,TrustHub_verified_variant,1,trusthub_constructed_documented,Medium,Functional Modification,Internal Condition,Majority Voting Corruption,TrustHub TRIT Benchmark
9a9659bcc601ad1f026646731f5839b644d7b56263a32c2f5ba3b6ddbe6d4b46,,TRIT-TS,TRIT-TS\TRIT-TS\s1423_T600\s1423_T600.v,Trojan,TrustHub_verified_variant,1,trusthub_constructed_documented,Medium,Functional Modification,Internal Condition,Majority Voting Corruption,TrustHub TRIT Benchmark
92e8091f553048aadf566343ce39de515309a538ef580b38cb42e41547bea6e3,,TRIT-TS,TRIT-TS\TRIT-TS\s1423_T601\s1423_T601.v,Trojan,TrustHub_verified_variant,1,trusthub_constructed_documented,Medium,Functional Modification,Internal Condition,Majority Voting Corruption,TrustHub TRIT Benchmark
56c4983e8995fd7fd6b0ee18ed1f20f1920eda869c795391b805f8c6c8d174d3,,TRIT-TS,TRIT-TS\TRIT-TS\s1423_T602\s1423_T602.v,Trojan,TrustHub_verified_variant,1,trusthub_constructed_documented,Medium,Functional Modification,Internal Condition,Majority Voting Corruption,TrustHub TRIT Benchmark
ba6b4edce79f8cb319e87009f8eb84ee7576c55e80612adffb0d8850f638f716,,TRIT-TS,TRIT-TS\TRIT-TS\s1423_T603\s1423_T603.v,Trojan,TrustHub_verified_variant,1,trusthub_constructed_documented,Medium,Functional Modification,Internal Condition,Majority Voting Corruption,TrustHub TRIT Benchmark
bc5a04479468add1fe891d3c681a1df0652f9b29a6972fad6f48df3c66a2631d,,TRIT-TS,TRIT-TS\TRIT-TS\s1423_T604\s1423_T604.v,Trojan,TrustHub_verified_variant,1,trusthub_constructed_documented,Medium,Functional Modification,Internal Condition,Majority Voting Corruption,TrustHub TRIT Benchmark
3ce181aecda4423af24c08250941986c5993d66a0becea6e9829809abf6c056e,,TRIT-TS,TRIT-TS\TRIT-TS\s1423_T605\s1423_T605.v,Trojan,TrustHub_verified_variant,1,trusthub_constructed_documented,Medium,Functional Modification,Internal Condition,Majority Voting Corruption,TrustHub TRIT Benchmark
0547928b4839bb4eb2a5acfe5e6549bb373f57f89969fc6c562fe4f2d8c8acb5,,TRIT-TS,TRIT-TS\TRIT-TS\s1423_T606\s1423_T606.v,Trojan,TrustHub_verified_variant,1,trusthub_constructed_documented,Medium,Functional Modification,Internal Condition,Majority Voting Corruption,TrustHub TRIT Benchmark
38e8a2c8ecd65fb98873264d5cceba4c52fedea95cd4b682e462287ba2a73392,,TRIT-TS,TRIT-TS\TRIT-TS\s1423_T607\s1423_T607.v,Trojan,TrustHub_verified_variant,1,trusthub_constructed_documented,Medium,Functional Modification,Internal Condition,Majority Voting Corruption,TrustHub TRIT Benchmark
7d1ea1cb9a04ab60e3aeead6acd0454b0cb7606f671c005bc1ed41e829d20b36,,TRIT-TS,TRIT-TS\TRIT-TS\s1423_T608\s1423_T608.v,Trojan,TrustHub_verified_variant,1,trusthub_constructed_documented,Medium,Functional Modification,Internal Condition,Majority Voting Corruption,TrustHub TRIT Benchmark
19806de1f794d20db6864211ced008d3e49a2aa447c317ac87a44506838303c0,,TRIT-TS,TRIT-TS\TRIT-TS\s1423_T609\s1423_T609.v,Trojan,TrustHub_verified_variant,1,trusthub_constructed_documented,Medium,Functional Modification,Internal Condition,Majority Voting Corruption,TrustHub TRIT Benchmark
02f0a60d6412206c933e5b4ce0b123873e7cb4736340fe4383c105a51a2bb504,,TRIT-TS,TRIT-TS\TRIT-TS\s1423_T610\s1423_T610.v,Trojan,TrustHub_verified_variant,1,trusthub_constructed_documented,Medium,Functional Modification,Internal Condition,Majority Voting Corruption,TrustHub TRIT Benchmark
f7328591ac89f7ab05f2407ba6532faf2c9644914d991866a93da88e5059eec8,,TRIT-TS,TRIT-TS\TRIT-TS\s1423_T611\s1423_T611.v,Trojan,TrustHub_verified_variant,1,trusthub_constructed_documented,Medium,Functional Modification,Internal Condition,Majority Voting Corruption,TrustHub TRIT Benchmark
22328f91901fc996e9647ba593150db61cec281d5147d21bbd58711d285d4d3d,,TRIT-TS,TRIT-TS\TRIT-TS\s1423_T612\s1423_T612.v,Trojan,TrustHub_verified_variant,1,trusthub_constructed_documented,Medium,Functional Modification,Internal Condition,Majority Voting Corruption,TrustHub TRIT Benchmark
aa10fbb4f3a6285169836f9f41e7f4aa0ab5cf082f7c26f9cae4da5e84b9193f,,TRIT-TS,TRIT-TS\TRIT-TS\s1423_T613\s1423_T613.v,Trojan,TrustHub_verified_variant,1,trusthub_constructed_documented,Medium,Functional Modification,Internal Condition,Majority Voting Corruption,TrustHub TRIT Benchmark
0f6a5c229bc23ce73c69f0fbf269a633477098c92ebc071dbb11a105d8804578,,TRIT-TS,TRIT-TS\TRIT-TS\s1423_T614\s1423_T614.v,Trojan,TrustHub_verified_variant,1,trusthub_constructed_documented,Medium,Functional Modification,Internal Condition,Majority Voting Corruption,TrustHub TRIT Benchmark
2f7ba7f298e1b752bf6ad9aa3b322324ad3c43dce11309d117695e8342b1f690,,TRIT-TS,TRIT-TS\TRIT-TS\s1423_T615\s1423_T615.v,Trojan,TrustHub_verified_variant,1,trusthub_constructed_documented,Medium,Functional Modification,Internal Condition,Majority Voting Corruption,TrustHub TRIT Benchmark
3e6c57e194b17ae9b731c9a7f9e5ba2e88467d20b4462c2a7cd7d4c96089a39e,,TRIT-TS,TRIT-TS\TRIT-TS\s1423_T616\s1423_T616.v,Trojan,TrustHub_verified_variant,1,trusthub_constructed_documented,Medium,Functional Modification,Internal Condition,Majority Voting Corruption,TrustHub TRIT Benchmark
ade0549f08b8abbb2b42e035e07482d9cb7d503cd980c70d1277954d4fc33cba,,TRIT-TS,TRIT-TS\TRIT-TS\s1423_T617\s1423_T617.v,Trojan,TrustHub_verified_variant,1,trusthub_constructed_documented,Medium,Functional Modification,Internal Condition,Majority Voting Corruption,TrustHub TRIT Benchmark
1f5ea244b1ad997c65bd5a40a2b799239ce019c2828d33280b23e457c71513aa,,TRIT-TS,TRIT-TS\TRIT-TS\s1423_T618\s1423_T618.v,Trojan,TrustHub_verified_variant,1,trusthub_constructed_documented,Medium,Functional Modification,Internal Condition,Majority Voting Corruption,TrustHub TRIT Benchmark
ecacdd45d18e15af880b2e71d75f6cbb0293e658f3ffc863b065156de879fd0c,,TRIT-TS,TRIT-TS\TRIT-TS\s1423_T619\s1423_T619.v,Trojan,TrustHub_verified_variant,1,trusthub_constructed_documented,Medium,Functional Modification,Internal Condition,Majority Voting Corruption,TrustHub TRIT Benchmark
a5d43b1c0329e87075ca1f5293e11ee0ea59b4cdde86de025faa7d7cab6a7bd2,,TRIT-TS,TRIT-TS\TRIT-TS\s15850_T400\s15850_T400.v,Trojan,TrustHub_verified_variant,1,trusthub_constructed_documented,Medium,Functional Modification,Internal Condition,Majority Voting Corruption,TrustHub TRIT Benchmark
f26b71ddf3afb6dfa06346675e326da0668777e68a9e580fa7235cbbcc1459f9,,TRIT-TS,TRIT-TS\TRIT-TS\s15850_T401\s15850_T401.v,Trojan,TrustHub_verified_variant,1,trusthub_constructed_documented,Medium,Functional Modification,Internal Condition,Majority Voting Corruption,TrustHub TRIT Benchmark
09ae648c9fd99678ab24ba873df5e63eb9a674aeeaabd11169266d0c0d2cd11a,,TRIT-TS,TRIT-TS\TRIT-TS\s15850_T402\s15850_T402.v,Trojan,TrustHub_verified_variant,1,trusthub_constructed_documented,Medium,Functional Modification,Internal Condition,Majority Voting Corruption,TrustHub TRIT Benchmark
725a1e1a68d14f821207b0164b8ec0a038c4817a70f5af4ccaea17f5cd3106b2,,TRIT-TS,TRIT-TS\TRIT-TS\s15850_T403\s15850_T403.v,Trojan,TrustHub_verified_variant,1,trusthub_constructed_documented,Medium,Functional Modification,Internal Condition,Majority Voting Corruption,TrustHub TRIT Benchmark
71439915ddbfb678d74c55ca707c50f9229aed02a7085661a9a7b182c5adec3b,,TRIT-TS,TRIT-TS\TRIT-TS\s15850_T404\s15850_T404.v,Trojan,TrustHub_verified_variant,1,trusthub_constructed_documented,Medium,Functional Modification,Internal Condition,Majority Voting Corruption,TrustHub TRIT Benchmark
fdef4a3a2076fd0dfc011430fc8de6cc52f327456a430dbd08b4194314081ea4,,TRIT-TS,TRIT-TS\TRIT-TS\s15850_T405\s15850_T405.v,Trojan,TrustHub_verified_variant,1,trusthub_constructed_documented,Medium,Functional Modification,Internal Condition,Majority Voting Corruption,TrustHub TRIT Benchmark
6b3d4d935515b4553073bba4107534fa72e47887bf75789cd019abbde39cb67c,,TRIT-TS,TRIT-TS\TRIT-TS\s15850_T406\s15850_T406.v,Trojan,TrustHub_verified_variant,1,trusthub_constructed_documented,Medium,Functional Modification,Internal Condition,Majority Voting Corruption,TrustHub TRIT Benchmark
d1875b00f27dc8a140a11df31501cf9ca3938b88bfecc870321d688e7c79f018,,TRIT-TS,TRIT-TS\TRIT-TS\s15850_T407\s15850_T407.v,Trojan,TrustHub_verified_variant,1,trusthub_constructed_documented,Medium,Functional Modification,Internal Condition,Majority Voting Corruption,TrustHub TRIT Benchmark
443881e247509b17f320e34cd964dc98bd1195fe830e9b6b4a0eb13017b67f91,,TRIT-TS,TRIT-TS\TRIT-TS\s15850_T408\s15850_T408.v,Trojan,TrustHub_verified_variant,1,trusthub_constructed_documented,Medium,Functional Modification,Internal Condition,Majority Voting Corruption,TrustHub TRIT Benchmark
2424ad0277e7d507c89cec988ed786142b77035e1aca93f7cdc1011d5313d45a,,TRIT-TS,TRIT-TS\TRIT-TS\s15850_T409\s15850_T409.v,Trojan,TrustHub_verified_variant,1,trusthub_constructed_documented,Medium,Functional Modification,Internal Condition,Majority Voting Corruption,TrustHub TRIT Benchmark
1d75cecd5d0733e3e6a58a40fa3f4c7ee8ee55a8a78dbefc839c1c7dc99d6468,,TRIT-TS,TRIT-TS\TRIT-TS\s15850_T410\s15850_T410.v,Trojan,TrustHub_verified_variant,1,trusthub_constructed_documented,Medium,Functional Modification,Internal Condition,Majority Voting Corruption,TrustHub TRIT Benchmark
2942280b3cd94132d83f686c77b376c28a26d18be36100a2f603da5c989a73d2,,TRIT-TS,TRIT-TS\TRIT-TS\s15850_T411\s15850_T411.v,Trojan,TrustHub_verified_variant,1,trusthub_constructed_documented,Medium,Functional Modification,Internal Condition,Majority Voting Corruption,TrustHub TRIT Benchmark
aa0e1c6d181124d64980da1a336663d27f61faadba09b44335ce261a9930774a,,TRIT-TS,TRIT-TS\TRIT-TS\s15850_T412\s15850_T412.v,Trojan,TrustHub_verified_variant,1,trusthub_constructed_documented,Medium,Functional Modification,Internal Condition,Majority Voting Corruption,TrustHub TRIT Benchmark
2839d70dd8a7dc0316654765cd919a5c8e5aaef4ca64c7d2dc888042e2bb5fdc,,TRIT-TS,TRIT-TS\TRIT-TS\s15850_T413\s15850_T413.v,Trojan,TrustHub_verified_variant,1,trusthub_constructed_documented,Medium,Functional Modification,Internal Condition,Majority Voting Corruption,TrustHub TRIT Benchmark
0b7c454dec7c7b3854b5fac1f62dbeaf7977951abf77cf6fa96dd2f17c19895c,,TRIT-TS,TRIT-TS\TRIT-TS\s15850_T414\s15850_T414.v,Trojan,TrustHub_verified_variant,1,trusthub_constructed_documented,Medium,Functional Modification,Internal Condition,Majority Voting Corruption,TrustHub TRIT Benchmark
ce771c5da3a51f97c68313d41a8673319d1b311c532a616c7f7984b1a2f7bea0,,TRIT-TS,TRIT-TS\TRIT-TS\s15850_T415\s15850_T415.v,Trojan,TrustHub_verified_variant,1,trusthub_constructed_documented,Medium,Functional Modification,Internal Condition,Majority Voting Corruption,TrustHub TRIT Benchmark
056b43ab49057d45042b018ca39f1d66bb08d324125daa63bd73174ae5c82394,,TRIT-TS,TRIT-TS\TRIT-TS\s15850_T416\s15850_T416.v,Trojan,TrustHub_verified_variant,1,trusthub_constructed_documented,Medium,Functional Modification,Internal Condition,Majority Voting Corruption,TrustHub TRIT Benchmark
830dd673ce504de111eb2fc29c8727d8145a03478692fb4b0921dc2a51a32da3,,TRIT-TS,TRIT-TS\TRIT-TS\s15850_T417\s15850_T417.v,Trojan,TrustHub_verified_variant,1,trusthub_constructed_documented,Medium,Functional Modification,Internal Condition,Majority Voting Corruption,TrustHub TRIT Benchmark
d23b7dc43c7bd55ef5191d57c51d2e1b7e427a3ce244dcf68b347e255e89511f,,TRIT-TS,TRIT-TS\TRIT-TS\s15850_T418\s15850_T418.v,Trojan,TrustHub_verified_variant,1,trusthub_constructed_documented,Medium,Functional Modification,Internal Condition,Majority Voting Corruption,TrustHub TRIT Benchmark
9cc445e99af68f49871ff8a373634e9ca0068c13dc9fe9a29e830bb45412e06d,,TRIT-TS,TRIT-TS\TRIT-TS\s15850_T419\s15850_T419.v,Trojan,TrustHub_verified_variant,1,trusthub_constructed_documented,Medium,Functional Modification,Internal Condition,Majority Voting Corruption,TrustHub TRIT Benchmark
64deacff9fba986d7f94c57b07cba804a72cd11b31a89d93e3d6a91e6229991a,,TRIT-TS,TRIT-TS\TRIT-TS\s15850_T420\s15850_T420.v,Trojan,TrustHub_verified_variant,1,trusthub_constructed_documented,Medium,Functional Modification,Internal Condition,Majority Voting Corruption,TrustHub TRIT Benchmark
aa474bc0e642ad96da24d3e868bb1512dd4339d9b6ea11525a9554848c0a4c83,,TRIT-TS,TRIT-TS\TRIT-TS\s15850_T421\s15850_T421.v,Trojan,TrustHub_verified_variant,1,trusthub_constructed_documented,Medium,Functional Modification,Internal Condition,Majority Voting Corruption,TrustHub TRIT Benchmark
b6faf70293cfe8904fc898417dfe2f7cd9cf7fe0059bf655a54eda314a0935da,,TRIT-TS,TRIT-TS\TRIT-TS\s15850_T422\s15850_T422.v,Trojan,TrustHub_verified_variant,1,trusthub_constructed_documented,Medium,Functional Modification,Internal Condition,Majority Voting Corruption,TrustHub TRIT Benchmark
09ce2b60d057b0bb843a698e62fe9372a623c7d4d76020992448580a07069c2a,,TRIT-TS,TRIT-TS\TRIT-TS\s15850_T423\s15850_T423.v,Trojan,TrustHub_verified_variant,1,trusthub_constructed_documented,Medium,Functional Modification,Internal Condition,Majority Voting Corruption,TrustHub TRIT Benchmark
2838f33008368d3a341fb90d1b1cc3657041bad9b6731a053b9500a7ac3f0020,,TRIT-TS,TRIT-TS\TRIT-TS\s15850_T424\s15850_T424.v,Trojan,TrustHub_verified_variant,1,trusthub_constructed_documented,Medium,Functional Modification,Internal Condition,Majority Voting Corruption,TrustHub TRIT Benchmark
29aa9485d184ae450db44df96c0eee5822f6a68228bec9cccdd02a8cec2ea39d,,TRIT-TS,TRIT-TS\TRIT-TS\s15850_T425\s15850_T425.v,Trojan,TrustHub_verified_variant,1,trusthub_constructed_documented,Medium,Functional Modification,Internal Condition,Majority Voting Corruption,TrustHub TRIT Benchmark
689509c32e11a5908e053d3e6516005f239d83dcd52d1034724b66362b1b8d9d,,TRIT-TS,TRIT-TS\TRIT-TS\s15850_T426\s15850_T426.v,Trojan,TrustHub_verified_variant,1,trusthub_constructed_documented,Medium,Functional Modification,Internal Condition,Majority Voting Corruption,TrustHub TRIT Benchmark
1cf670f389b6b2f7da67a755c7dd0e49eebbca9161a570d11a18f955e7dbdbf8,,TRIT-TS,TRIT-TS\TRIT-TS\s15850_T427\s15850_T427.v,Trojan,TrustHub_verified_variant,1,trusthub_constructed_documented,Medium,Functional Modification,Internal Condition,Majority Voting Corruption,TrustHub TRIT Benchmark
5039538f9de76bff3bc0e149d130161f8b712fe5d8ad9d171fb6bd02037394af,,TRIT-TS,TRIT-TS\TRIT-TS\s15850_T428\s15850_T428.v,Trojan,TrustHub_verified_variant,1,trusthub_constructed_documented,Medium,Functional Modification,Internal Condition,Majority Voting Corruption,TrustHub TRIT Benchmark
227bb35942a63dd46b50d27d74364624bce92796068010b9690d8cf1b84aaaf9,,TRIT-TS,TRIT-TS\TRIT-TS\s15850_T429\s15850_T429.v,Trojan,TrustHub_verified_variant,1,trusthub_constructed_documented,Medium,Functional Modification,Internal Condition,Majority Voting Corruption,TrustHub TRIT Benchmark
05937a63809d45000e95dde7e512686cce9be160e8b3cfcc5ad12933edbef7e0,,TRIT-TS,TRIT-TS\TRIT-TS\s15850_T430\s15850_T430.v,Trojan,TrustHub_verified_variant,1,trusthub_constructed_documented,Medium,Functional Modification,Internal Condition,Majority Voting Corruption,TrustHub TRIT Benchmark
01b91784f6a4d6552f625adc3b452ed05e8c110f6f744300e8b4cbb837d150e4,,TRIT-TS,TRIT-TS\TRIT-TS\s15850_T431\s15850_T431.v,Trojan,TrustHub_verified_variant,1,trusthub_constructed_documented,Medium,Functional Modification,Internal Condition,Majority Voting Corruption,TrustHub TRIT Benchmark
db08e238c41caa9c1bc9546a4fb2ba9c826fa267563cc9438bd6d99d496bdf72,,TRIT-TS,TRIT-TS\TRIT-TS\s15850_T432\s15850_T432.v,Trojan,TrustHub_verified_variant,1,trusthub_constructed_documented,Medium,Functional Modification,Internal Condition,Majority Voting Corruption,TrustHub TRIT Benchmark
26bb36d660fd6a9b874aba2ba00c0eb8b5eec4a636edb33c142f7ac52fdc396a,,TRIT-TS,TRIT-TS\TRIT-TS\s15850_T433\s15850_T433.v,Trojan,TrustHub_verified_variant,1,trusthub_constructed_documented,Medium,Functional Modification,Internal Condition,Majority Voting Corruption,TrustHub TRIT Benchmark
cdced20656d343e493278533f36d9fe4ea4f1a1152618dc453bb25cc3b466dea,,TRIT-TS,TRIT-TS\TRIT-TS\s15850_T434\s15850_T434.v,Trojan,TrustHub_verified_variant,1,trusthub_constructed_documented,Medium,Functional Modification,Internal Condition,Majority Voting Corruption,TrustHub TRIT Benchmark
0791ef2d5c60e5bd09822d3c9c2ea36ae914e135f81db95ca1ecab1b54bbca87,,TRIT-TS,TRIT-TS\TRIT-TS\s15850_T435\s15850_T435.v,Trojan,TrustHub_verified_variant,1,trusthub_constructed_documented,Medium,Functional Modification,Internal Condition,Majority Voting Corruption,TrustHub TRIT Benchmark
36f13065dfa2b11e0d469ea9be5e46955517e199305d539a302ac7337398d80e,,TRIT-TS,TRIT-TS\TRIT-TS\s15850_T436\s15850_T436.v,Trojan,TrustHub_verified_variant,1,trusthub_constructed_documented,Medium,Functional Modification,Internal Condition,Majority Voting Corruption,TrustHub TRIT Benchmark
d1d931c4c2ef63a2a607a6442aecfc5dc7775d8734b4691cbfc1ae22357485ae,,TRIT-TS,TRIT-TS\TRIT-TS\s15850_T437\s15850_T437.v,Trojan,TrustHub_verified_variant,1,trusthub_constructed_documented,Medium,Functional Modification,Internal Condition,Majority Voting Corruption,TrustHub TRIT Benchmark
f5501b91df9340f0abf85eac925d18a7395c80d6d7affcc34c777c9226461649,,TRIT-TS,TRIT-TS\TRIT-TS\s15850_T438\s15850_T438.v,Trojan,TrustHub_verified_variant,1,trusthub_constructed_documented,Medium,Functional Modification,Internal Condition,Majority Voting Corruption,TrustHub TRIT Benchmark
3217520f7de7502560d912df181dee0664afd781f00598a801a061ce487b1066,,TRIT-TS,TRIT-TS\TRIT-TS\s15850_T439\s15850_T439.v,Trojan,TrustHub_verified_variant,1,trusthub_constructed_documented,Medium,Functional Modification,Internal Condition,Majority Voting Corruption,TrustHub TRIT Benchmark
fcd50bd141d2f04e710dc186822ff69180923091b9e83f5f5a3ec0afc1b789b1,,TRIT-TS,TRIT-TS\TRIT-TS\s15850_T440\s15850_T440.v,Trojan,TrustHub_verified_variant,1,trusthub_constructed_documented,Medium,Functional Modification,Internal Condition,Majority Voting Corruption,TrustHub TRIT Benchmark
d672877018e4c3002e739e3ddb95877f5549921e526ae19812bdd8f68eb8caff,,TRIT-TS,TRIT-TS\TRIT-TS\s15850_T441\s15850_T441.v,Trojan,TrustHub_verified_variant,1,trusthub_constructed_documented,Medium,Functional Modification,Internal Condition,Majority Voting Corruption,TrustHub TRIT Benchmark
5c7a1283f27a82a372839cef9def4981f8665107cc6acd34c0087d9d73b4f02f,,TRIT-TS,TRIT-TS\TRIT-TS\s15850_T442\s15850_T442.v,Trojan,TrustHub_verified_variant,1,trusthub_constructed_documented,Medium,Functional Modification,Internal Condition,Majority Voting Corruption,TrustHub TRIT Benchmark
96a4a60dc8623ad08ce9b86877c2335c45f766099230a0fd2f4e9deb9c23ce5e,,TRIT-TS,TRIT-TS\TRIT-TS\s15850_T443\s15850_T443.v,Trojan,TrustHub_verified_variant,1,trusthub_constructed_documented,Medium,Functional Modification,Internal Condition,Majority Voting Corruption,TrustHub TRIT Benchmark
47328574e37ed594ff98d3ebaf576a5514fbed5869b0bdc29e5ec4521e849e39,,TRIT-TS,TRIT-TS\TRIT-TS\s15850_T444\s15850_T444.v,Trojan,TrustHub_verified_variant,1,trusthub_constructed_documented,Medium,Functional Modification,Internal Condition,Majority Voting Corruption,TrustHub TRIT Benchmark
8963e514250776db652276dddf4e063784652b8c305cc478a07771bc8efc96ad,,TRIT-TS,TRIT-TS\TRIT-TS\s15850_T445\s15850_T445.v,Trojan,TrustHub_verified_variant,1,trusthub_constructed_documented,Medium,Functional Modification,Internal Condition,Majority Voting Corruption,TrustHub TRIT Benchmark
3b470b2bac96e94eba75ba0e3da657b9c69c304ae62e0f883412a45a569bcc9e,,TRIT-TS,TRIT-TS\TRIT-TS\s15850_T446\s15850_T446.v,Trojan,TrustHub_verified_variant,1,trusthub_constructed_documented,Medium,Functional Modification,Internal Condition,Majority Voting Corruption,TrustHub TRIT Benchmark
f49d6c2358dd2f865bf4d015aa52df425183778fc3b84b60ac2386e4785f82e0,,TRIT-TS,TRIT-TS\TRIT-TS\s15850_T447\s15850_T447.v,Trojan,TrustHub_verified_variant,1,trusthub_constructed_documented,Medium,Functional Modification,Internal Condition,Majority Voting Corruption,TrustHub TRIT Benchmark
0194325047c0085bddaa4f98c034607ed6e8313df438b6e6ea75be82e3ce2602,,TRIT-TS,TRIT-TS\TRIT-TS\s15850_T448\s15850_T448.v,Trojan,TrustHub_verified_variant,1,trusthub_constructed_documented,Medium,Functional Modification,Internal Condition,Majority Voting Corruption,TrustHub TRIT Benchmark
36597bbc67b519ef8eabf4ee0c2f2e447c428c190e1744b8e06b4668543fca95,,TRIT-TS,TRIT-TS\TRIT-TS\s15850_T449\s15850_T449.v,Trojan,TrustHub_verified_variant,1,trusthub_constructed_documented,Medium,Functional Modification,Internal Condition,Majority Voting Corruption,TrustHub TRIT Benchmark
5dfefe3288d5aeb567e99b068b331989e6882d2d75ea9500eac9649367821c8a,,TRIT-TS,TRIT-TS\TRIT-TS\s15850_T450\s15850_T450.v,Trojan,TrustHub_verified_variant,1,trusthub_constructed_documented,Medium,Functional Modification,Internal Condition,Majority Voting Corruption,TrustHub TRIT Benchmark
3d7d1fb83598749892d38a2b54989f4b7ae812099cbbec2aaadc7ba338535e52,,TRIT-TS,TRIT-TS\TRIT-TS\s15850_T451\s15850_T451.v,Trojan,TrustHub_verified_variant,1,trusthub_constructed_documented,Medium,Functional Modification,Internal Condition,Majority Voting Corruption,TrustHub TRIT Benchmark
8b706f5930ed8d8cdefaad21d2b2a22d88e93da8240ed31153feb056fc1a1709,,TRIT-TS,TRIT-TS\TRIT-TS\s15850_T452\s15850_T452.v,Trojan,TrustHub_verified_variant,1,trusthub_constructed_documented,Medium,Functional Modification,Internal Condition,Majority Voting Corruption,TrustHub TRIT Benchmark
56f74a71afc5526008b7f71884c802442ad3fee68a4e8cc47910c48f19b8d39d,,TRIT-TS,TRIT-TS\TRIT-TS\s15850_T453\s15850_T453.v,Trojan,TrustHub_verified_variant,1,trusthub_constructed_documented,Medium,Functional Modification,Internal Condition,Majority Voting Corruption,TrustHub TRIT Benchmark
a458acf5fccc6be3dcadac83a89b1f77d8a220b492e88a5bcfb8f640167eef6d,,TRIT-TS,TRIT-TS\TRIT-TS\s15850_T454\s15850_T454.v,Trojan,TrustHub_verified_variant,1,trusthub_constructed_documented,Medium,Functional Modification,Internal Condition,Majority Voting Corruption,TrustHub TRIT Benchmark
d0b667484a4548310d088a0408a7da2b6d587ce55c8cd2cd41b878e3310dcc50,,TRIT-TS,TRIT-TS\TRIT-TS\s15850_T455\s15850_T455.v,Trojan,TrustHub_verified_variant,1,trusthub_constructed_documented,Medium,Functional Modification,Internal Condition,Majority Voting Corruption,TrustHub TRIT Benchmark
cc22ad6cb9b87204f53632cc9f1bde16d43327b513f33b0f0c8162f3bf545ddd,,TRIT-TS,TRIT-TS\TRIT-TS\s15850_T456\s15850_T456.v,Trojan,TrustHub_verified_variant,1,trusthub_constructed_documented,Medium,Functional Modification,Internal Condition,Majority Voting Corruption,TrustHub TRIT Benchmark
d872d87f6b016d0628360634f295bc97f1e7c173aa2b42eb3b83aebf2aaacf7d,,TRIT-TS,TRIT-TS\TRIT-TS\s15850_T457\s15850_T457.v,Trojan,TrustHub_verified_variant,1,trusthub_constructed_documented,Medium,Functional Modification,Internal Condition,Majority Voting Corruption,TrustHub TRIT Benchmark
94ac2512e5082441f5a7fd96dd098a31b4cf8602841f8eb02980c52c8ff017b0,,TRIT-TS,TRIT-TS\TRIT-TS\s15850_T458\s15850_T458.v,Trojan,TrustHub_verified_variant,1,trusthub_constructed_documented,Medium,Functional Modification,Internal Condition,Majority Voting Corruption,TrustHub TRIT Benchmark
215a01604e324f4c04b45398a5d7f376b87bfff9b390da976c68b547386615a5,,TRIT-TS,TRIT-TS\TRIT-TS\s15850_T459\s15850_T459.v,Trojan,TrustHub_verified_variant,1,trusthub_constructed_documented,Medium,Functional Modification,Internal Condition,Majority Voting Corruption,TrustHub TRIT Benchmark
c787926dc7e93bb807dea4b621aa4ecadf3edf5855aba9852589f2961f18ec22,,TRIT-TS,TRIT-TS\TRIT-TS\s15850_T460\s15850_T460.v,Trojan,TrustHub_verified_variant,1,trusthub_constructed_documented,Medium,Functional Modification,Internal Condition,Majority Voting Corruption,TrustHub TRIT Benchmark
fce1530ce3b8393f39bcfd9833fea8e58eb35e9e5a08c2582e786234c5dc339e,,TRIT-TS,TRIT-TS\TRIT-TS\s15850_T461\s15850_T461.v,Trojan,TrustHub_verified_variant,1,trusthub_constructed_documented,Medium,Functional Modification,Internal Condition,Majority Voting Corruption,TrustHub TRIT Benchmark
831ed9f3ef5ab6f214a81554ed0ab4ccf5ac93f725df9e84c8dc2b2877e8875f,,TRIT-TS,TRIT-TS\TRIT-TS\s15850_T462\s15850_T462.v,Trojan,TrustHub_verified_variant,1,trusthub_constructed_documented,Medium,Functional Modification,Internal Condition,Majority Voting Corruption,TrustHub TRIT Benchmark
d6b75e6f5c767ecab330482dd6da7baf07403a644f350600c98c3712d5a63271,,TRIT-TS,TRIT-TS\TRIT-TS\s15850_T463\s15850_T463.v,Trojan,TrustHub_verified_variant,1,trusthub_constructed_documented,Medium,Functional Modification,Internal Condition,Majority Voting Corruption,TrustHub TRIT Benchmark
75dc67f3a0ed6ad72ed8beeaf3031accb8dcff6392b3faf417c341dfdf6e8165,,TRIT-TS,TRIT-TS\TRIT-TS\s15850_T464\s15850_T464.v,Trojan,TrustHub_verified_variant,1,trusthub_constructed_documented,Medium,Functional Modification,Internal Condition,Majority Voting Corruption,TrustHub TRIT Benchmark
3bcf5726ab6578a16279716d93ebac157ac4e96e43b40e9f58d3e464a21b212e,,TRIT-TS,TRIT-TS\TRIT-TS\s15850_T465\s15850_T465.v,Trojan,TrustHub_verified_variant,1,trusthub_constructed_documented,Medium,Functional Modification,Internal Condition,Majority Voting Corruption,TrustHub TRIT Benchmark
5b54294fe74912b279622d154e1b521d927e146ad56cb7c5b9799db288506b15,,TRIT-TS,TRIT-TS\TRIT-TS\s15850_T466\s15850_T466.v,Trojan,TrustHub_verified_variant,1,trusthub_constructed_documented,Medium,Functional Modification,Internal Condition,Majority Voting Corruption,TrustHub TRIT Benchmark
e034bacde7148382a0c10621d5fb5e85bd54ca0ac165a4db8ee8d00b86272c50,,TRIT-TS,TRIT-TS\TRIT-TS\s15850_T467\s15850_T467.v,Trojan,TrustHub_verified_variant,1,trusthub_constructed_documented,Medium,Functional Modification,Internal Condition,Majority Voting Corruption,TrustHub TRIT Benchmark
ee148424d6731ce3bd9d85339efce63e33375a123bbbc0196ea22a060a4ea697,,TRIT-TS,TRIT-TS\TRIT-TS\s15850_T468\s15850_T468.v,Trojan,TrustHub_verified_variant,1,trusthub_constructed_documented,Medium,Functional Modification,Internal Condition,Majority Voting Corruption,TrustHub TRIT Benchmark
c4570cf4b6e9e2c35daf9110e2a96a59e2373e6d556f9948a5770e3db4ffc552,,TRIT-TS,TRIT-TS\TRIT-TS\s15850_T469\s15850_T469.v,Trojan,TrustHub_verified_variant,1,trusthub_constructed_documented,Medium,Functional Modification,Internal Condition,Majority Voting Corruption,TrustHub TRIT Benchmark
3740d6a0c657f4ae929c563205d281d254a96b1b93d011d7f49c302a96cac8d3,,TRIT-TS,TRIT-TS\TRIT-TS\s15850_T470\s15850_T470.v,Trojan,TrustHub_verified_variant,1,trusthub_constructed_documented,Medium,Functional Modification,Internal Condition,Majority Voting Corruption,TrustHub TRIT Benchmark
56e17167fdd33fc73b26681d79e3165dfcbfe2964e8bb0170e0a2cd13f58e4dd,,TRIT-TS,TRIT-TS\TRIT-TS\s15850_T471\s15850_T471.v,Trojan,TrustHub_verified_variant,1,trusthub_constructed_documented,Medium,Functional Modification,Internal Condition,Majority Voting Corruption,TrustHub TRIT Benchmark
0bc3ed122d36e0d8ba30d71459b63a07982ed01f98991b502fd91fd734223ecd,,TRIT-TS,TRIT-TS\TRIT-TS\s15850_T472\s15850_T472.v,Trojan,TrustHub_verified_variant,1,trusthub_constructed_documented,Medium,Functional Modification,Internal Condition,Majority Voting Corruption,TrustHub TRIT Benchmark
f21080500f844b764e9b7833bb33020b1a47a7026d3cbf89b7884f87d7b7154d,,TRIT-TS,TRIT-TS\TRIT-TS\s15850_T473\s15850_T473.v,Trojan,TrustHub_verified_variant,1,trusthub_constructed_documented,Medium,Functional Modification,Internal Condition,Majority Voting Corruption,TrustHub TRIT Benchmark
e7c298c25aeada389dd7ec0ff638b385787eabc5c61e4411ac6c0e936f198af9,,TRIT-TS,TRIT-TS\TRIT-TS\s15850_T474\s15850_T474.v,Trojan,TrustHub_verified_variant,1,trusthub_constructed_documented,Medium,Functional Modification,Internal Condition,Majority Voting Corruption,TrustHub TRIT Benchmark
468d7f6de66720d0f4a077b7f14978417cddade8abdb9cebc91e717a9551e858,,TRIT-TS,TRIT-TS\TRIT-TS\s15850_T475\s15850_T475.v,Trojan,TrustHub_verified_variant,1,trusthub_constructed_documented,Medium,Functional Modification,Internal Condition,Majority Voting Corruption,TrustHub TRIT Benchmark
0878ca48c994e145392e2ce57e7039ae39828eb8ba3f4f1e4d05bed2a05bb719,,TRIT-TS,TRIT-TS\TRIT-TS\s15850_T476\s15850_T476.v,Trojan,TrustHub_verified_variant,1,trusthub_constructed_documented,Medium,Functional Modification,Internal Condition,Majority Voting Corruption,TrustHub TRIT Benchmark
639bf722a04d6caaae704a657224d9aa7c2a393f788dd12330e9456de0c2c2c5,,TRIT-TS,TRIT-TS\TRIT-TS\s15850_T477\s15850_T477.v,Trojan,TrustHub_verified_variant,1,trusthub_constructed_documented,Medium,Functional Modification,Internal Condition,Majority Voting Corruption,TrustHub TRIT Benchmark
b8ca7c75885d06205d157a0915155f91745fc188cf947dfc1f3881a50ff69fa5,,TRIT-TS,TRIT-TS\TRIT-TS\s15850_T478\s15850_T478.v,Trojan,TrustHub_verified_variant,1,trusthub_constructed_documented,Medium,Functional Modification,Internal Condition,Majority Voting Corruption,TrustHub TRIT Benchmark
a7e8a8355181ba636e5da9f2612eb791428299f708a83183e1ff2177420f81cf,,TRIT-TS,TRIT-TS\TRIT-TS\s15850_T479\s15850_T479.v,Trojan,TrustHub_verified_variant,1,trusthub_constructed_documented,Medium,Functional Modification,Internal Condition,Majority Voting Corruption,TrustHub TRIT Benchmark
57691ee6b3ada6e450398f36d700a302178fbc1b97298c4f365f80ac0f47e443,,TRIT-TS,TRIT-TS\TRIT-TS\s15850_T480\s15850_T480.v,Trojan,TrustHub_verified_variant,1,trusthub_constructed_documented,Medium,Functional Modification,Internal Condition,Majority Voting Corruption,TrustHub TRIT Benchmark
c46004ad4b1e294b4791e5b2f88542a5625f43525ba016da979cb2b5ceeab10f,,TRIT-TS,TRIT-TS\TRIT-TS\s15850_T481\s15850_T481.v,Trojan,TrustHub_verified_variant,1,trusthub_constructed_documented,Medium,Functional Modification,Internal Condition,Majority Voting Corruption,TrustHub TRIT Benchmark
fa10f70d34b7839a4cf765337b0d95a54dada45018e4651b29f4e9686d9d0c24,,TRIT-TS,TRIT-TS\TRIT-TS\s15850_T482\s15850_T482.v,Trojan,TrustHub_verified_variant,1,trusthub_constructed_documented,Medium,Functional Modification,Internal Condition,Majority Voting Corruption,TrustHub TRIT Benchmark
9b73f30825b2dca16038fdaa4acfa8e8d7550855d8d520f73257e01c559aeec1,,TRIT-TS,TRIT-TS\TRIT-TS\s15850_T483\s15850_T483.v,Trojan,TrustHub_verified_variant,1,trusthub_constructed_documented,Medium,Functional Modification,Internal Condition,Majority Voting Corruption,TrustHub TRIT Benchmark
8d987477608e237f306d35ca5bfba4623ab58fc862bb5293ea56b722e525deca,,TRIT-TS,TRIT-TS\TRIT-TS\s15850_T484\s15850_T484.v,Trojan,TrustHub_verified_variant,1,trusthub_constructed_documented,Medium,Functional Modification,Internal Condition,Majority Voting Corruption,TrustHub TRIT Benchmark
86e1d59f3ca253376645a9219078d130e961cad96ba8b79bed9f7e3f149b8d42,,TRIT-TS,TRIT-TS\TRIT-TS\s15850_T485\s15850_T485.v,Trojan,TrustHub_verified_variant,1,trusthub_constructed_documented,Medium,Functional Modification,Internal Condition,Majority Voting Corruption,TrustHub TRIT Benchmark
446dd23a23b3b5ecfbc614d3af490b11fb9159226a526b5d5d454789708e7888,,TRIT-TS,TRIT-TS\TRIT-TS\s15850_T486\s15850_T486.v,Trojan,TrustHub_verified_variant,1,trusthub_constructed_documented,Medium,Functional Modification,Internal Condition,Majority Voting Corruption,TrustHub TRIT Benchmark
408a112f09e6022dbfc1c7725208201286301ca0e4f4eddc31659d1426b3ba36,,TRIT-TS,TRIT-TS\TRIT-TS\s15850_T487\s15850_T487.v,Trojan,TrustHub_verified_variant,1,trusthub_constructed_documented,Medium,Functional Modification,Internal Condition,Majority Voting Corruption,TrustHub TRIT Benchmark
b4e267033f32dec4379a8d9e2a033a5814e2da73940eba3c95b29f1b6a455e70,,TRIT-TS,TRIT-TS\TRIT-TS\s15850_T488\s15850_T488.v,Trojan,TrustHub_verified_variant,1,trusthub_constructed_documented,Medium,Functional Modification,Internal Condition,Majority Voting Corruption,TrustHub TRIT Benchmark
1e64ecb8cf4125dba8f6a2bdcef4a239ae2459f39037ada153fde93445008957,,TRIT-TS,TRIT-TS\TRIT-TS\s15850_T489\s15850_T489.v,Trojan,TrustHub_verified_variant,1,trusthub_constructed_documented,Medium,Functional Modification,Internal Condition,Majority Voting Corruption,TrustHub TRIT Benchmark
c7176e6f47748e8e0525f74d2ebc999a614132eecf286d74d7068ffa78e0608d,,TRIT-TS,TRIT-TS\TRIT-TS\s15850_T600\s15850_T600.v,Trojan,TrustHub_verified_variant,1,trusthub_constructed_documented,Medium,Functional Modification,Internal Condition,Majority Voting Corruption,TrustHub TRIT Benchmark
4c391164f81a7691f0f5b455dc43d369f9800d0f6420c1acfb5a861146050b20,,TRIT-TS,TRIT-TS\TRIT-TS\s15850_T601\s15850_T601.v,Trojan,TrustHub_verified_variant,1,trusthub_constructed_documented,Medium,Functional Modification,Internal Condition,Majority Voting Corruption,TrustHub TRIT Benchmark
57fe1f43b2705e801b1413178bd9952adab40b20e529cac7f572ddeb52b0a0ac,,TRIT-TS,TRIT-TS\TRIT-TS\s15850_T602\s15850_T602.v,Trojan,TrustHub_verified_variant,1,trusthub_constructed_documented,Medium,Functional Modification,Internal Condition,Majority Voting Corruption,TrustHub TRIT Benchmark
f06d79189137290ae4a24e981f0682201a2613a3702614583d89280f0adda46e,,TRIT-TS,TRIT-TS\TRIT-TS\s15850_T603\s15850_T603.v,Trojan,TrustHub_verified_variant,1,trusthub_constructed_documented,Medium,Functional Modification,Internal Condition,Majority Voting Corruption,TrustHub TRIT Benchmark
181fe47e6e374b6b30af8ad474f2b681d4d424c66c82d562a95f33626bad3dc9,,TRIT-TS,TRIT-TS\TRIT-TS\s15850_T604\s15850_T604.v,Trojan,TrustHub_verified_variant,1,trusthub_constructed_documented,Medium,Functional Modification,Internal Condition,Majority Voting Corruption,TrustHub TRIT Benchmark
cb686700edce25f1fdc7488adc8ec416802c5db19c66d97e0785bff622b8c0eb,,TRIT-TS,TRIT-TS\TRIT-TS\s15850_T605\s15850_T605.v,Trojan,TrustHub_verified_variant,1,trusthub_constructed_documented,Medium,Functional Modification,Internal Condition,Majority Voting Corruption,TrustHub TRIT Benchmark
e8100af2cb5bba55e7c701ad5e96124463f8db8b275a925d32b2113320a52cc3,,TRIT-TS,TRIT-TS\TRIT-TS\s15850_T606\s15850_T606.v,Trojan,TrustHub_verified_variant,1,trusthub_constructed_documented,Medium,Functional Modification,Internal Condition,Majority Voting Corruption,TrustHub TRIT Benchmark
7aa8016b183ab4e3bb1bb91c6fa257bcd51126b73984ba29a6a0f7f0326159b5,,TRIT-TS,TRIT-TS\TRIT-TS\s15850_T607\s15850_T607.v,Trojan,TrustHub_verified_variant,1,trusthub_constructed_documented,Medium,Functional Modification,Internal Condition,Majority Voting Corruption,TrustHub TRIT Benchmark
328c935e2c0c36975fccb1da02fb39154ce9cf0f9f88f7b2a9b48f1da15cea6e,,TRIT-TS,TRIT-TS\TRIT-TS\s15850_T608\s15850_T608.v,Trojan,TrustHub_verified_variant,1,trusthub_constructed_documented,Medium,Functional Modification,Internal Condition,Majority Voting Corruption,TrustHub TRIT Benchmark
0451fc9b026d1a0e491f40068fe48afefd53823e3a864d5aa774e98d314e11fe,,TRIT-TS,TRIT-TS\TRIT-TS\s15850_T609\s15850_T609.v,Trojan,TrustHub_verified_variant,1,trusthub_constructed_documented,Medium,Functional Modification,Internal Condition,Majority Voting Corruption,TrustHub TRIT Benchmark
c16579ea37bf4c01e4b2556a70dec96d42bd8b205481a51b692d12292850823a,,TRIT-TS,TRIT-TS\TRIT-TS\s15850_T610\s15850_T610.v,Trojan,TrustHub_verified_variant,1,trusthub_constructed_documented,Medium,Functional Modification,Internal Condition,Majority Voting Corruption,TrustHub TRIT Benchmark
c9f741dde1c6ad2972aabe81abc32a405669622924a5693cae1186abad9a62ce,,TRIT-TS,TRIT-TS\TRIT-TS\s15850_T611\s15850_T611.v,Trojan,TrustHub_verified_variant,1,trusthub_constructed_documented,Medium,Functional Modification,Internal Condition,Majority Voting Corruption,TrustHub TRIT Benchmark
abbc119ae7578411419c7ff7eb2284d0d635101e65f8afd4b1eb99176d2ed118,,TRIT-TS,TRIT-TS\TRIT-TS\s15850_T612\s15850_T612.v,Trojan,TrustHub_verified_variant,1,trusthub_constructed_documented,Medium,Functional Modification,Internal Condition,Majority Voting Corruption,TrustHub TRIT Benchmark
f85b584f728eb02a25c509e1733e73bd719c6e574e590b705f679818cf63f48c,,TRIT-TS,TRIT-TS\TRIT-TS\s15850_T613\s15850_T613.v,Trojan,TrustHub_verified_variant,1,trusthub_constructed_documented,Medium,Functional Modification,Internal Condition,Majority Voting Corruption,TrustHub TRIT Benchmark
96fb1df7ff5205ccc919abf7b0238ca2031cadaf72782b0487b0cdb1604cbb18,,TRIT-TS,TRIT-TS\TRIT-TS\s15850_T614\s15850_T614.v,Trojan,TrustHub_verified_variant,1,trusthub_constructed_documented,Medium,Functional Modification,Internal Condition,Majority Voting Corruption,TrustHub TRIT Benchmark
56f92c1b7643a1bff4084aee889c6224e58928c4292b758a31be1b32c4277598,,TRIT-TS,TRIT-TS\TRIT-TS\s15850_T615\s15850_T615.v,Trojan,TrustHub_verified_variant,1,trusthub_constructed_documented,Medium,Functional Modification,Internal Condition,Majority Voting Corruption,TrustHub TRIT Benchmark
5b7d5a06666a4d020923fe886fa9aa591ee4e453a59c9bbc4283781f9acd6c0b,,TRIT-TS,TRIT-TS\TRIT-TS\s15850_T616\s15850_T616.v,Trojan,TrustHub_verified_variant,1,trusthub_constructed_documented,Medium,Functional Modification,Internal Condition,Majority Voting Corruption,TrustHub TRIT Benchmark
0db86a318a98e5155ad091d7192bcecfdbfe55b8f1424b9f16944a6ce0a8600b,,TRIT-TS,TRIT-TS\TRIT-TS\s15850_T617\s15850_T617.v,Trojan,TrustHub_verified_variant,1,trusthub_constructed_documented,Medium,Functional Modification,Internal Condition,Majority Voting Corruption,TrustHub TRIT Benchmark
8a28afb0429c4ba0ebbec86c8c8ace06344b825b96ec9bf01dd2abfa41e4de4c,,TRIT-TS,TRIT-TS\TRIT-TS\s15850_T618\s15850_T618.v,Trojan,TrustHub_verified_variant,1,trusthub_constructed_documented,Medium,Functional Modification,Internal Condition,Majority Voting Corruption,TrustHub TRIT Benchmark
299c0ab72e656aefa15a03fa460dfdce1a3e577e340b30bb78cefa050733d907,,TRIT-TS,TRIT-TS\TRIT-TS\s15850_T619\s15850_T619.v,Trojan,TrustHub_verified_variant,1,trusthub_constructed_documented,Medium,Functional Modification,Internal Condition,Majority Voting Corruption,TrustHub TRIT Benchmark
e2202ce9778cb139cc3831587768965568c899ee613e10bacef7e135c3941912,,TRIT-TS,TRIT-TS\TRIT-TS\s35932_T400\s35932_T400.v,Trojan,TrustHub_verified_variant,1,trusthub_constructed_documented,Medium,Functional Modification,Internal Condition,Majority Voting Corruption,TrustHub TRIT Benchmark
065da21b75dd9e1d0f094afa32c4d1fffcd46794d77cbbf9e9f1e5ea5e164e42,,TRIT-TS,TRIT-TS\TRIT-TS\s35932_T401\s35932_T401.v,Trojan,TrustHub_verified_variant,1,trusthub_constructed_documented,Medium,Functional Modification,Internal Condition,Majority Voting Corruption,TrustHub TRIT Benchmark
b6f1cde3f8fb6ae99897b41087325650e8ef3d51b9c76e67207ee80f16dad844,,TRIT-TS,TRIT-TS\TRIT-TS\s35932_T402\s35932_T402.v,Trojan,TrustHub_verified_variant,1,trusthub_constructed_documented,Medium,Functional Modification,Internal Condition,Majority Voting Corruption,TrustHub TRIT Benchmark
8526966a33526832696d0a963915ae54e9555a527c84e11f4da82977c0210c8f,,TRIT-TS,TRIT-TS\TRIT-TS\s35932_T403\s35932_T403.v,Trojan,TrustHub_verified_variant,1,trusthub_constructed_documented,Medium,Functional Modification,Internal Condition,Majority Voting Corruption,TrustHub TRIT Benchmark
fe03bfb63cc0a75295f1fdbd07cf24ac001436cbc66ad7b6c74618ce664233a6,,TRIT-TS,TRIT-TS\TRIT-TS\s35932_T404\s35932_T404.v,Trojan,TrustHub_verified_variant,1,trusthub_constructed_documented,Medium,Functional Modification,Internal Condition,Majority Voting Corruption,TrustHub TRIT Benchmark
f3a4465c72f468dedea98afe4de994915181206981952f1ff6b612864243121a,,TRIT-TS,TRIT-TS\TRIT-TS\s35932_T405\s35932_T405.v,Trojan,TrustHub_verified_variant,1,trusthub_constructed_documented,Medium,Functional Modification,Internal Condition,Majority Voting Corruption,TrustHub TRIT Benchmark
65e216d3c6fae4b40c4ea3b28ed091edbc862d90e701abfa49588e9fc1b4279d,,TRIT-TS,TRIT-TS\TRIT-TS\s35932_T406\s35932_T406.v,Trojan,TrustHub_verified_variant,1,trusthub_constructed_documented,Medium,Functional Modification,Internal Condition,Majority Voting Corruption,TrustHub TRIT Benchmark
2bd4fd6404ba89b70540b78c2ea42b55b838c043eb18553a0f649848c1dc7ff5,,TRIT-TS,TRIT-TS\TRIT-TS\s35932_T407\s35932_T407.v,Trojan,TrustHub_verified_variant,1,trusthub_constructed_documented,Medium,Functional Modification,Internal Condition,Majority Voting Corruption,TrustHub TRIT Benchmark
63efa42438a69d0413b8feca785a085f6e75fe7e61eb4e5428d88d3234c6f145,,TRIT-TS,TRIT-TS\TRIT-TS\s35932_T408\s35932_T408.v,Trojan,TrustHub_verified_variant,1,trusthub_constructed_documented,Medium,Functional Modification,Internal Condition,Majority Voting Corruption,TrustHub TRIT Benchmark
47d54c21d2c7e5797fcdb266ae5161439826596be522dbf5e04464e5cf9f602e,,TRIT-TS,TRIT-TS\TRIT-TS\s35932_T409\s35932_T409.v,Trojan,TrustHub_verified_variant,1,trusthub_constructed_documented,Medium,Functional Modification,Internal Condition,Majority Voting Corruption,TrustHub TRIT Benchmark
98d83143c91d2e6f1bc3f4bc1c2ec0166f283bc3bdd49822aeac77f60994e4d1,,TRIT-TS,TRIT-TS\TRIT-TS\s35932_T410\s35932_T410.v,Trojan,TrustHub_verified_variant,1,trusthub_constructed_documented,Medium,Functional Modification,Internal Condition,Majority Voting Corruption,TrustHub TRIT Benchmark
d5a9d5bea257d57ed79f035d3e4440aa6a5158742483184ca05f8e417592d724,,TRIT-TS,TRIT-TS\TRIT-TS\s35932_T411\s35932_T411.v,Trojan,TrustHub_verified_variant,1,trusthub_constructed_documented,Medium,Functional Modification,Internal Condition,Majority Voting Corruption,TrustHub TRIT Benchmark
4b6a221d3b0d8222c6497f043651109dfe63d0ee0d275a0ee42ee270aea5e7cd,,TRIT-TS,TRIT-TS\TRIT-TS\s35932_T412\s35932_T412.v,Trojan,TrustHub_verified_variant,1,trusthub_constructed_documented,Medium,Functional Modification,Internal Condition,Majority Voting Corruption,TrustHub TRIT Benchmark
92d5089e289ea97cc2934d535797afde4fe79415faf04758c107b2abac57dee4,,TRIT-TS,TRIT-TS\TRIT-TS\s35932_T413\s35932_T413.v,Trojan,TrustHub_verified_variant,1,trusthub_constructed_documented,Medium,Functional Modification,Internal Condition,Majority Voting Corruption,TrustHub TRIT Benchmark
ba649d7d05c74afb9f25211f015bde9505e8a0adb60d221c730e5cec3b710fcc,,TRIT-TS,TRIT-TS\TRIT-TS\s35932_T414\s35932_T414.v,Trojan,TrustHub_verified_variant,1,trusthub_constructed_documented,Medium,Functional Modification,Internal Condition,Majority Voting Corruption,TrustHub TRIT Benchmark
0a5da9989e7db76d307fd2693d6f105c21e7999619d9be8126c768ee1da189c7,,TRIT-TS,TRIT-TS\TRIT-TS\s35932_T415\s35932_T415.v,Trojan,TrustHub_verified_variant,1,trusthub_constructed_documented,Medium,Functional Modification,Internal Condition,Majority Voting Corruption,TrustHub TRIT Benchmark
a091949b1a65d8548ca91f27988e28ab138b33fb7cc921f347f1fc3f146c012e,,TRIT-TS,TRIT-TS\TRIT-TS\s35932_T416\s35932_T416.v,Trojan,TrustHub_verified_variant,1,trusthub_constructed_documented,Medium,Functional Modification,Internal Condition,Majority Voting Corruption,TrustHub TRIT Benchmark
1f7ecbf1240392325e5fdaa472f22fad00878b05a3c916745da131a4d0f40ec5,,TRIT-TS,TRIT-TS\TRIT-TS\s35932_T417\s35932_T417.v,Trojan,TrustHub_verified_variant,1,trusthub_constructed_documented,Medium,Functional Modification,Internal Condition,Majority Voting Corruption,TrustHub TRIT Benchmark
b8712b660747f0d1601bd14ab79944bc3e5b9a82969bad8e6825838c0428e74d,,TRIT-TS,TRIT-TS\TRIT-TS\s35932_T418\s35932_T418.v,Trojan,TrustHub_verified_variant,1,trusthub_constructed_documented,Medium,Functional Modification,Internal Condition,Majority Voting Corruption,TrustHub TRIT Benchmark
18a4a8818713723ee3a226e3f02bf203e311f0247e20d3261b0fdde7698e0c97,,TRIT-TS,TRIT-TS\TRIT-TS\s35932_T419\s35932_T419.v,Trojan,TrustHub_verified_variant,1,trusthub_constructed_documented,Medium,Functional Modification,Internal Condition,Majority Voting Corruption,TrustHub TRIT Benchmark
7de74c4e29f4a1d2fe5d6e09f40f24966519628b54a1f3a81859112eb26e72ff,,TRIT-TS,TRIT-TS\TRIT-TS\s35932_T420\s35932_T420.v,Trojan,TrustHub_verified_variant,1,trusthub_constructed_documented,Medium,Functional Modification,Internal Condition,Majority Voting Corruption,TrustHub TRIT Benchmark
760ceffa2c0bf6dc47037a22cee4310fa1941813bddaea67090963a12916b01d,,TRIT-TS,TRIT-TS\TRIT-TS\s35932_T421\s35932_T421.v,Trojan,TrustHub_verified_variant,1,trusthub_constructed_documented,Medium,Functional Modification,Internal Condition,Majority Voting Corruption,TrustHub TRIT Benchmark
574f2088138042b3288e9dd4db070a4b7f7fabd92019c2cfc476fd71ed6f4dab,,TRIT-TS,TRIT-TS\TRIT-TS\s35932_T422\s35932_T422.v,Trojan,TrustHub_verified_variant,1,trusthub_constructed_documented,Medium,Functional Modification,Internal Condition,Majority Voting Corruption,TrustHub TRIT Benchmark
cb8e847115aaffeba0c6f71cc69bb5802451742052854c7dc6ac386546dcc9fa,,TRIT-TS,TRIT-TS\TRIT-TS\s35932_T423\s35932_T423.v,Trojan,TrustHub_verified_variant,1,trusthub_constructed_documented,Medium,Functional Modification,Internal Condition,Majority Voting Corruption,TrustHub TRIT Benchmark
10b9d82280be7df2434b563c49517c8af879d25bc143c0ecdd371c3d6dce328c,,TRIT-TS,TRIT-TS\TRIT-TS\s35932_T424\s35932_T424.v,Trojan,TrustHub_verified_variant,1,trusthub_constructed_documented,Medium,Functional Modification,Internal Condition,Majority Voting Corruption,TrustHub TRIT Benchmark
d734d9a75fae40d572e628660578711d0c032e62c516133ecd1d41cd64ac1c94,,TRIT-TS,TRIT-TS\TRIT-TS\s35932_T425\s35932_T425.v,Trojan,TrustHub_verified_variant,1,trusthub_constructed_documented,Medium,Functional Modification,Internal Condition,Majority Voting Corruption,TrustHub TRIT Benchmark
073e9c1646f6f79efa6a64dd58e875895b48c123a89ed0ef02c4b88b984e6437,,TRIT-TS,TRIT-TS\TRIT-TS\s35932_T426\s35932_T426.v,Trojan,TrustHub_verified_variant,1,trusthub_constructed_documented,Medium,Functional Modification,Internal Condition,Majority Voting Corruption,TrustHub TRIT Benchmark
80372c98d828fdb8ab0d9b8b1c6d8d45fc8be33eafd225026eb06a5ef91dc4ea,,TRIT-TS,TRIT-TS\TRIT-TS\s35932_T427\s35932_T427.v,Trojan,TrustHub_verified_variant,1,trusthub_constructed_documented,Medium,Functional Modification,Internal Condition,Majority Voting Corruption,TrustHub TRIT Benchmark
959c4d40e1ce25adb849f6734f6636c2bdcd7cec7de3947385bd92d7bde333ca,,TRIT-TS,TRIT-TS\TRIT-TS\s35932_T428\s35932_T428.v,Trojan,TrustHub_verified_variant,1,trusthub_constructed_documented,Medium,Functional Modification,Internal Condition,Majority Voting Corruption,TrustHub TRIT Benchmark
7c01f0c3a8236ff3e66f297be4c2eb6d3012dfc08d755d81e6f75430f1dd9229,,TRIT-TS,TRIT-TS\TRIT-TS\s35932_T429\s35932_T429.v,Trojan,TrustHub_verified_variant,1,trusthub_constructed_documented,Medium,Functional Modification,Internal Condition,Majority Voting Corruption,TrustHub TRIT Benchmark
7186643b1e288cecad32aa20af28cb6ee676287ae13a25d245b02c553db6f1f8,,TRIT-TS,TRIT-TS\TRIT-TS\s35932_T430\s35932_T430.v,Trojan,TrustHub_verified_variant,1,trusthub_constructed_documented,Medium,Functional Modification,Internal Condition,Majority Voting Corruption,TrustHub TRIT Benchmark
c359e794ff629afa74a285293426fe5ce462e764170f032581d981eed32ac2c0,,TRIT-TS,TRIT-TS\TRIT-TS\s35932_T431\s35932_T431.v,Trojan,TrustHub_verified_variant,1,trusthub_constructed_documented,Medium,Functional Modification,Internal Condition,Majority Voting Corruption,TrustHub TRIT Benchmark
8f33ec0cf76999fc0a3a44cf24a894be14a77cdda08b4cbce2f0415d6cf5d849,,TRIT-TS,TRIT-TS\TRIT-TS\s35932_T432\s35932_T432.v,Trojan,TrustHub_verified_variant,1,trusthub_constructed_documented,Medium,Functional Modification,Internal Condition,Majority Voting Corruption,TrustHub TRIT Benchmark
143ce53c5564deb44738490c7a7dff4b498d5fa7495e6cdbe6df125317966460,,TRIT-TS,TRIT-TS\TRIT-TS\s35932_T433\s35932_T433.v,Trojan,TrustHub_verified_variant,1,trusthub_constructed_documented,Medium,Functional Modification,Internal Condition,Majority Voting Corruption,TrustHub TRIT Benchmark
6bbd05e8c123c44271dab664e642a619404e4bea80f8f5b80792b45a2f746d7f,,TRIT-TS,TRIT-TS\TRIT-TS\s35932_T434\s35932_T434.v,Trojan,TrustHub_verified_variant,1,trusthub_constructed_documented,Medium,Functional Modification,Internal Condition,Majority Voting Corruption,TrustHub TRIT Benchmark
5e90efe407020d3ec4bbbdbc59c467823eb778635c6f594f77a0ed0f155eeb73,,TRIT-TS,TRIT-TS\TRIT-TS\s35932_T435\s35932_T435.v,Trojan,TrustHub_verified_variant,1,trusthub_constructed_documented,Medium,Functional Modification,Internal Condition,Majority Voting Corruption,TrustHub TRIT Benchmark
b46a4337c8990adaa94b4eb84b0307833a2e39312ce036894d42f906928d33bb,,TRIT-TS,TRIT-TS\TRIT-TS\s35932_T436\s35932_T436.v,Trojan,TrustHub_verified_variant,1,trusthub_constructed_documented,Medium,Functional Modification,Internal Condition,Majority Voting Corruption,TrustHub TRIT Benchmark
b018b619f793d1bc8aed3afb7769b3479c609fe0ae8fe7d404dc82aea04bd3d8,,TRIT-TS,TRIT-TS\TRIT-TS\s35932_T437\s35932_T437.v,Trojan,TrustHub_verified_variant,1,trusthub_constructed_documented,Medium,Functional Modification,Internal Condition,Majority Voting Corruption,TrustHub TRIT Benchmark
a26f66599702fc98b2178d0156e497657b804900d4abdeeedc7276c4ffeb3976,,TRIT-TS,TRIT-TS\TRIT-TS\s35932_T438\s35932_T438.v,Trojan,TrustHub_verified_variant,1,trusthub_constructed_documented,Medium,Functional Modification,Internal Condition,Majority Voting Corruption,TrustHub TRIT Benchmark
2c5385c8269486ed714d7965cc29ff0554141615b6b49d33cb96fc371f3bccf4,,TRIT-TS,TRIT-TS\TRIT-TS\s35932_T439\s35932_T439.v,Trojan,TrustHub_verified_variant,1,trusthub_constructed_documented,Medium,Functional Modification,Internal Condition,Majority Voting Corruption,TrustHub TRIT Benchmark
2d71854eae035e3401771ce62b6717f326a6a99c0f349922f9081c2dd1b9e443,,TRIT-TS,TRIT-TS\TRIT-TS\s35932_T440\s35932_T440.v,Trojan,TrustHub_verified_variant,1,trusthub_constructed_documented,Medium,Functional Modification,Internal Condition,Majority Voting Corruption,TrustHub TRIT Benchmark
45a32e66c3a78c911fa5d3ccdeebec243a8c044b2f3463f8492f56796f2b718a,,TRIT-TS,TRIT-TS\TRIT-TS\s35932_T441\s35932_T441.v,Trojan,TrustHub_verified_variant,1,trusthub_constructed_documented,Medium,Functional Modification,Internal Condition,Majority Voting Corruption,TrustHub TRIT Benchmark
768d80ad56b3f8dbb75352f0a35356d6d1051d6238777e5e4a64ca5e2945dd6f,,TRIT-TS,TRIT-TS\TRIT-TS\s35932_T442\s35932_T442.v,Trojan,TrustHub_verified_variant,1,trusthub_constructed_documented,Medium,Functional Modification,Internal Condition,Majority Voting Corruption,TrustHub TRIT Benchmark
c34a6acebb4bb8b84a687fc2da8788d87e47cc19f9c0d9883c72326c7cfc408f,,TRIT-TS,TRIT-TS\TRIT-TS\s35932_T600\s35932_T600.v,Trojan,TrustHub_verified_variant,1,trusthub_constructed_documented,Medium,Functional Modification,Internal Condition,Majority Voting Corruption,TrustHub TRIT Benchmark
8a0b3e3d1b36f232678333e572d4b242753e72166f6c040ed1e2469f91c1fe88,,TRIT-TS,TRIT-TS\TRIT-TS\s35932_T601\s35932_T601.v,Trojan,TrustHub_verified_variant,1,trusthub_constructed_documented,Medium,Functional Modification,Internal Condition,Majority Voting Corruption,TrustHub TRIT Benchmark
662790efd65898d356b42ebc5f136c3a46ae2d73ade737639bf0d4ed31ea8908,,TRIT-TS,TRIT-TS\TRIT-TS\s35932_T602\s35932_T602.v,Trojan,TrustHub_verified_variant,1,trusthub_constructed_documented,Medium,Functional Modification,Internal Condition,Majority Voting Corruption,TrustHub TRIT Benchmark
419f88e3b99983a7fe845432cc3826100236ffed93bb4773a125950a91b63a3d,,TRIT-TS,TRIT-TS\TRIT-TS\s35932_T603\s35932_T603.v,Trojan,TrustHub_verified_variant,1,trusthub_constructed_documented,Medium,Functional Modification,Internal Condition,Majority Voting Corruption,TrustHub TRIT Benchmark
384f9b6598d9ee5cd8449f46132bff36742537689a2e0615791d251e209eb25f,,TRIT-TS,TRIT-TS\TRIT-TS\s35932_T604\s35932_T604.v,Trojan,TrustHub_verified_variant,1,trusthub_constructed_documented,Medium,Functional Modification,Internal Condition,Majority Voting Corruption,TrustHub TRIT Benchmark
b6b630f50350de0defa36809a1157c08b13f8194d247ffeb8d705567cd926201,,TRIT-TS,TRIT-TS\TRIT-TS\s35932_T605\s35932_T605.v,Trojan,TrustHub_verified_variant,1,trusthub_constructed_documented,Medium,Functional Modification,Internal Condition,Majority Voting Corruption,TrustHub TRIT Benchmark
ec8474308ef733120955da43c001e17fc4c01d797dd9657ec866457b06cecc47,,TRIT-TS,TRIT-TS\TRIT-TS\s35932_T606\s35932_T606.v,Trojan,TrustHub_verified_variant,1,trusthub_constructed_documented,Medium,Functional Modification,Internal Condition,Majority Voting Corruption,TrustHub TRIT Benchmark
cf9f3aa2c4abb961d8049be5210e0e2f69663ccca5d3c40cace4ad8330850b45,,TRIT-TS,TRIT-TS\TRIT-TS\s35932_T607\s35932_T607.v,Trojan,TrustHub_verified_variant,1,trusthub_constructed_documented,Medium,Functional Modification,Internal Condition,Majority Voting Corruption,TrustHub TRIT Benchmark
3c209b0ad741089d32d5c7784cf04d40a340183b37d3641535c5c210dfc68181,,TRIT-TS,TRIT-TS\TRIT-TS\s35932_T608\s35932_T608.v,Trojan,TrustHub_verified_variant,1,trusthub_constructed_documented,Medium,Functional Modification,Internal Condition,Majority Voting Corruption,TrustHub TRIT Benchmark
7aaa3fc40bd5701f1d46499aacd368e70c6467982545d4aed814386bdd72c16c,,TRIT-TS,TRIT-TS\TRIT-TS\s35932_T609\s35932_T609.v,Trojan,TrustHub_verified_variant,1,trusthub_constructed_documented,Medium,Functional Modification,Internal Condition,Majority Voting Corruption,TrustHub TRIT Benchmark
f0874fa919c4b6c217399ec2384a13956423f858117244b381a98e762943472f,,TRIT-TS,TRIT-TS\TRIT-TS\s35932_T610\s35932_T610.v,Trojan,TrustHub_verified_variant,1,trusthub_constructed_documented,Medium,Functional Modification,Internal Condition,Majority Voting Corruption,TrustHub TRIT Benchmark
b3308c7092638d0a6eca1b4c843b27bd85d588cc8f3dcdc9d2fe5b9911ca425d,,TRIT-TS,TRIT-TS\TRIT-TS\s35932_T611\s35932_T611.v,Trojan,TrustHub_verified_variant,1,trusthub_constructed_documented,Medium,Functional Modification,Internal Condition,Majority Voting Corruption,TrustHub TRIT Benchmark
c30429d9eb8d12a17dc3365f77607cd60f082c4d9cd7d6f5bd994ed83b32f7d1,,TRIT-TS,TRIT-TS\TRIT-TS\s35932_T612\s35932_T612.v,Trojan,TrustHub_verified_variant,1,trusthub_constructed_documented,Medium,Functional Modification,Internal Condition,Majority Voting Corruption,TrustHub TRIT Benchmark
4a043c6172a6a7bc5dbf92932a0e8eb0f1a9d9f77550ae81ba01fc2fc82e1f7c,,TRIT-TS,TRIT-TS\TRIT-TS\s35932_T613\s35932_T613.v,Trojan,TrustHub_verified_variant,1,trusthub_constructed_documented,Medium,Functional Modification,Internal Condition,Majority Voting Corruption,TrustHub TRIT Benchmark
ff61283f06538e578c765a40810fa5cbf1a37cda1574be8f39ba7ed4254ceb99,,TRIT-TS,TRIT-TS\TRIT-TS\s35932_T614\s35932_T614.v,Trojan,TrustHub_verified_variant,1,trusthub_constructed_documented,Medium,Functional Modification,Internal Condition,Majority Voting Corruption,TrustHub TRIT Benchmark
653d079d0f9e58582c3254490aa5c423cfc17a31fbed9317700a993c9795eeb7,,TRIT-TS,TRIT-TS\TRIT-TS\s35932_T615\s35932_T615.v,Trojan,TrustHub_verified_variant,1,trusthub_constructed_documented,Medium,Functional Modification,Internal Condition,Majority Voting Corruption,TrustHub TRIT Benchmark
afce15c609ec7bf5459c742b3660598ca675bb4a68f39f3c728263b3ca449d1b,,TRIT-TS,TRIT-TS\TRIT-TS\s35932_T616\s35932_T616.v,Trojan,TrustHub_verified_variant,1,trusthub_constructed_documented,Medium,Functional Modification,Internal Condition,Majority Voting Corruption,TrustHub TRIT Benchmark
96dfc502dabdfcdfb15a2a692a9d2f1e26eddca83b0af37f8be1edb2b9dccaa8,,TRIT-TS,TRIT-TS\TRIT-TS\s35932_T617\s35932_T617.v,Trojan,TrustHub_verified_variant,1,trusthub_constructed_documented,Medium,Functional Modification,Internal Condition,Majority Voting Corruption,TrustHub TRIT Benchmark
5383c61bfc49ebae3c519543d8d55f0733143f0a62ab2f74f3186cb153191d00,,TRIT-TS,TRIT-TS\TRIT-TS\s35932_T618\s35932_T618.v,Trojan,TrustHub_verified_variant,1,trusthub_constructed_documented,Medium,Functional Modification,Internal Condition,Majority Voting Corruption,TrustHub TRIT Benchmark
234e340c0cebb069891bcfe57cb2ee60a98d80729ab0fd2948504f35ff7d4ded,,TRIT-TS,TRIT-TS\TRIT-TS\s35932_T619\s35932_T619.v,Trojan,TrustHub_verified_variant,1,trusthub_constructed_documented,Medium,Functional Modification,Internal Condition,Majority Voting Corruption,TrustHub TRIT Benchmark
