file_id,sha256,qwen_label,qwen_confidence,qwen_reasoning
RTL000001,a514be778d1f6eaacd5f8885f9e6d64ef0b24971f20d123ff9468c3a9c494657,Clean,1.0,"The Verilog code provided does not contain any malicious hardware trojan triggers (like timebombs, specific sequence counters, or cheat codes) or payloads (like leaking secrets, disabling security, or denial of service). The code is a simple half-adder module that performs bitwise addition and carries. It does not have any conditional statements, loops, or other constructs that could be used to trigger malicious behavior."
RTL000002,c48385e748407ff3c5d587029079eff82e628cc97b826367234234e1010cd31f,Clean,1.0,The provided Verilog code does not contain any malicious hardware trojan triggers or payloads. It is a simple half-adder module that performs basic arithmetic operations without any security vulnerabilities.
RTL000003,ab5d72f17e19f78571326246922a6f27767fdc641c1180078e93523a7b521dde,Clean,1.0,The Verilog code provided does not contain any malicious hardware trojan triggers or payloads. It is a simple half-adder module with basic functionality and no suspicious patterns.
RTL000004,956e1cda466f1b7c81d161ea057a9b6962c442cde901df79df0d33689958c969,Clean,1.0,The provided Verilog code does not contain any malicious hardware trojan triggers or payloads. It is a simple half-adder module that performs basic arithmetic operations without any security vulnerabilities.
RTL000005,fd3d80aee516baa6666abeeaf487cb1bba818ce0649d32fab357d886025613ff,Clean,1.0,"The provided Verilog code does not contain any malicious hardware trojan triggers or payloads. It is a simple clock divider module that toggles Q0 and Q1 based on the state of Q2, which is derived from the value of b. There are no timebombs, specific sequence counters, cheat codes, or other malicious activities present in this code."
RTL000006,d2394974b3861da26bb6924ee355324b584fa0400ab382172153c37168966663,Clean,1.0,The provided Verilog code does not contain any malicious hardware trojan triggers or payloads. It is a simple clock divider module that toggles the output `by3` every 50 ns when the clock `clk` changes from low to high.
RTL000007,aa9ff53d997c88ebd5d335f15c95a34bdb8a7d455fb69f85fc412e48d4b4f1c5,Clean,1.0,The provided Verilog code does not contain any malicious hardware trojan triggers or payloads.
RTL000008,1e53b7caa4e64ae13eb58a6ded82610d414061b5ebb1c0415f3bfad29041c476,Clean,1.0,The provided Verilog code does not contain any malicious hardware trojan triggers or payloads. It is a simple ripple adder module with basic functionality and no suspicious patterns.
RTL000009,d4d086ea27d9650d19b5f24c2d22334e4fa1926f1532605a55a5debcfd93c812,Clean,1.0,The provided Verilog code does not contain any malicious hardware trojan triggers or payloads. It is a simple ripple carry adder module that performs basic arithmetic operations without any vulnerabilities.
RTL000010,3bdd114568b82821fb829a8bb398d33a7d0eabae69f510741deca6accf27904e,Clean,1.0,The provided Verilog code does not contain any malicious hardware trojan triggers or payloads. It is a simple ripple carry adder module with basic functionality and no suspicious patterns.
RTL000011,50ef74e971ba77b1ccc23089715562b5df12b5198d69508da35ccf37a453f9ca,Clean,1.0,The Verilog code provided does not contain any malicious hardware trojan triggers or payloads.
RTL000012,93fc25adf599c55f13e34de31f9233cd780e2e2e9ceaf25c6f23b7592cf2ab7a,Clean,1.0,"The provided Verilog code does not contain any malicious hardware trojan triggers or payloads. It is a simple arithmetic and logical unit test fixture that initializes inputs, waits for a reset, and then performs basic operations on two operands based on the opcode."
RTL000013,0e6c7c1e2c7d0aa66a5e450acea11438b165f4d50cd1513190b9ab72f289e7ea,Clean,1.0,The Verilog code provided does not contain any malicious hardware trojan triggers or payloads. It is a simple module that converts a 4-bit binary number to a 7-segment display using a case statement.
RTL000014,baa09e47357d9e1eafb97a45a8ddfd83de6350cb45212d06f3a6991a4ea0dcc3,Clean,1.0,The provided Verilog code does not contain any malicious hardware trojan triggers or payloads. It is a simple module that converts a 4-bit binary number to a 7-segment display using a BCD-to-7-segment converter.
RTL000015,36f4031cadeb097399603aecb4eee83c1ebd8ee3bbd553c5a2be5d7433517586,Clean,1.0,The provided Verilog code does not contain any malicious hardware trojan triggers or payloads.
RTL000016,a179a2ff33ab1882b36d93bc613c16aae249e72a9176bf14ce035fde5bcc716a,Clean,1.0,The provided Verilog code does not contain any malicious hardware trojan triggers or payloads. It is a simple module that converts binary inputs to Gray code outputs without any potential vulnerabilities.
RTL000017,2b828e73a9b03689b29c55740d91bd0290c5200f612c3063fece9019cb33ecd0,Clean,1.0,The provided Verilog code does not contain any malicious hardware trojan triggers or payloads. It is a simple module that takes a 4-bit binary input and outputs the corresponding 4-bit Gray code.
RTL000018,cdf920870ef1dfab17339835574f85bc0d75d9afdc1cb2205cd2108f123c6ba0,Clean,1.0,The provided Verilog code does not contain any malicious hardware trojan triggers or payloads.
RTL000019,eac65c49a3695c9e94e6d1b0632816ee1ee89d3294fda8ea13dcc319ee11652c,Clean,1.0,The provided Verilog code does not contain any malicious hardware trojan triggers or payloads. It is a simple gray-to-binary converter module that performs a straightforward mapping of input bits to output bits without any complex logic or timing hazards.
RTL000020,d4985289effb24e1cced3d7cc4c2257996f1ccf47b25c356cb1ad6e575199cea,Clean,1.0,The provided Verilog code does not contain any malicious hardware trojan triggers or payloads. It is a simple module that takes an input and outputs the binary representation of the input.
RTL000021,829b849e798fc49c4cc69d2d1e2cef6eca25921c030daacb29843b318e8d1255,Clean,1.0,The Verilog code does not contain any malicious hardware trojan triggers or payloads.
RTL000022,181171f6808a3a9b84b0c7aa27d1c280c7fe8b84f7eb28508192114d50d9656e,Clean,1.0,"The provided Verilog code does not contain any malicious hardware trojan triggers or payloads. It is a simple test fixture for the Mag_Comp_4bit module, which compares two 4-bit inputs and outputs three 4-bit results. The code is clean and follows best practices for Verilog design."
RTL000023,e10878825f045c03de5f37063192fe282c7f1993e59e9c27a62246226fc42ffc,Clean,1.0,The provided Verilog code does not contain any malicious hardware trojan triggers or payloads. It is a simple module that generates even parity for a given input.
RTL000024,e102ce3038909f10caf74a58d2b23e9583530ca5be51a44808eb08d97bea0096,Clean,1.0,The provided Verilog code does not contain any malicious hardware trojan triggers or payloads. It is a simple module that generates even parity for a given input and outputs the result.
RTL000025,5f7d45e7a2fb20cef172990bb011cb9b88254d62feaeab651e9dfa9d68a23ea9,Clean,1.0,The provided Verilog code does not contain any malicious hardware trojan triggers or payloads. It is a simple module that generates the parity of an input binary number.
RTL000026,87f52e4bc282963989d36eb333564670f21671b3445e47854c04d037bc1962c0,Clean,1.0,The provided Verilog code does not contain any malicious hardware trojan triggers or payloads. It is a simple module that generates an odd parity for a given input and outputs the result.
RTL000027,e2127a4dbb33f1b7032a95a8e81ded63f063e986ba24f9f9fdd7782410e5bedd,Clean,1.0,The Verilog code provided does not contain any malicious hardware trojan triggers or payloads. It is a simple parity checker module that calculates the even parity of three inputs and outputs the result.
RTL000028,032dad5205b438577126783e3079e34c0472f0e10d8f921e8ee4875d3ef0a0c7,Clean,1.0,"The provided Verilog code does not contain any malicious hardware trojan triggers or payloads. It is a simple parity checker module that takes three inputs (A, B, C) and outputs the even parity of the sum of these inputs."
RTL000029,aca407ba831ff69967c29766e705dadb7a074e7368ef44d2ad2ccb0a9e50320b,Clean,1.0,The provided Verilog code does not contain any malicious hardware trojan triggers or payloads. It is a simple parity checker module that calculates the parity of four inputs and outputs the result.
RTL000030,1737127128fc40b9275b6cd3bdf41e024b27b7d9d4fb2d2d92d1a40a5e8db536,Clean,1.0,"The provided Verilog code does not contain any malicious hardware trojan triggers or payloads. It is a simple parity checker module that takes three inputs (A, B, C) and outputs the parity of the sum of these inputs."
RTL000031,cda0933bbfc0c3adb47ba89db162a0362a1dce43169d2f020a8dd5ebbe437464,Clean,1.0,The Verilog code provided does not contain any malicious hardware trojan triggers or payloads. It is a simple priority encoder module that maps the input binary digits to their corresponding decimal values.
RTL000032,5d0002cf33d7f3c53af0449b1d817483b13dce8b303453355d121be56cb3eaaf,Clean,1.0,The provided Verilog code does not contain any malicious hardware trojan triggers or payloads. It is a simple priority encoder module that takes an 8-bit input and outputs the highest bit as the result.
RTL000033,a9404617cfa177da12011d0ad8f8b3bc8e5f8960daef3814559f3838d97fe77b,Clean,1.0,The Verilog code provided does not contain any malicious hardware trojan triggers or payloads. It is a simple full adder module that performs basic arithmetic operations without any vulnerabilities.
RTL000034,445864325ff2f08133f600ce7b08331eb4c2e08e491126448e1440bd8eae3253,Clean,1.0,The provided Verilog code does not contain any malicious hardware trojan triggers or payloads. It is a simple full adder module that performs basic arithmetic operations without any vulnerabilities.
RTL000035,0237912e37ef4de44ae7b734db41727ea3bceaf49200008997a363e815eeeb02,Clean,1.0,The provided Verilog code does not contain any malicious hardware trojan triggers or payloads. It is a simple full adder module with basic functionality and no suspicious patterns.
RTL000036,c6cb2fe1e84e57461ce7cfe40a6eaeb6590ce6e8302959dad3a0d75e2acb9710,Clean,1.0,The provided Verilog code does not contain any malicious hardware trojan triggers or payloads. It is a simple full adder module that performs basic arithmetic operations without any vulnerabilities.
RTL000037,13ed3e9a88b8df8529a69ce283149d062ed5fa047c3a3ff8448f69f73320c031,Clean,1.0,The Verilog code provided does not contain any malicious hardware trojan triggers or payloads. It is a simple D flip-flop module that toggles its output based on the input clock and data signals.
RTL000038,b84c1c83a3df9913a937dcd20ca2a4e0606d6162763944b1d90f46d3e325636d,Clean,1.0,The Verilog code provided does not contain any malicious hardware trojan triggers or payloads. It is a simple D flip-flop module with basic functionality and no suspicious constructs.
RTL000039,b944b9b6a53f48e3070b21b5b175a0a2a83107a2cd46046efb2645368f02d4dd,Clean,1.0,"The Verilog code provided does not contain any malicious hardware trojan triggers or payloads. It is a simple JK flip-flop module that toggles the output based on the inputs j and k, with no timebomb, specific sequence counters, cheat codes, leaking secrets, disabling security, or denial of service."
RTL000040,1ce8535dbb10471fa76d7c1d8ae068a307c49e8ae54e98e7360b9960320268a1,Clean,1.0,"The Verilog code provided does not contain any malicious hardware trojan triggers or payloads. It is a simple test fixture for the JKff module, which is used to verify the functionality of the JK flip-flop."
RTL000041,bb42dc900c3b79eddb9bd41940c4bd88ccce8f4487ca7bda2d3f784ceaf71de5,Clean,1.0,"The Verilog code provided does not contain any malicious hardware trojan triggers or payloads. It is a simple SR flip-flop module that toggles the output based on the inputs s and r, with no time-based conditions or specific sequence counters."
RTL000042,4da6282d15a31e304528275a57932b2639300b6fad5c36156b1ad2e03bb199b6,Clean,1.0,"The Verilog code provided does not contain any malicious hardware trojan triggers or payloads. It is a simple test fixture for the SRff module, which includes basic stimulus and clock generation to verify its functionality."
RTL000043,c88a369b913ada5f2d0579ec69f771cec30f6e22042b6b77f8e416bcbfd3a07b,Clean,1.0,"The Verilog code provided does not contain any malicious hardware trojan triggers or payloads. It is a simple flip-flop module that toggles the output based on the input signal 't'. There are no timebombs, specific sequence counters, cheat codes, or other malicious activities present in this code."
RTL000044,def60da656cd97c857e76feb6293c2f7f837a8beaa0b25b302ebd0a9067b9859,Clean,1.0,The provided Verilog code does not contain any malicious hardware trojan triggers or payloads. It is a simple D flip-flop module with basic functionality and no suspicious patterns.
RTL000045,9f4dc008f45419ee9cac975f6d1e928718628fbd3f358c42d029cac8b214fcab,Clean,1.0,"The Verilog code provided does not contain any malicious hardware trojan triggers or payloads. It is a simple shift register module that shifts the input signal `si` through four stages and outputs the last stage's value on the output port `so`. There are no timebombs, specific sequence counters, cheat codes, or other malicious activities present in this code."
RTL000046,714ff5640058fedc134893cfcae8235933e8e34185babaab2f000317848b70af,Clean,1.0,"The provided Verilog code does not contain any malicious hardware trojan triggers or payloads. It is a simple test fixture for the SISOb module, which initializes inputs and outputs and performs basic operations without any suspicious behavior."
RTL000047,889d9ccdadaae7a954cbd4366f18b8496bd117d335cf7d566d504a35bb0c5c33,Clean,1.0,"The Verilog code provided does not contain any malicious hardware trojan triggers or payloads. It is a simple serial-in, parallel-out (SIP) module that shifts the input signal `si` into the output register `q`. There are no timebombs, specific sequence counters, cheat codes, or other malicious activities present in this code."
RTL000048,be3510c437c2cba20d70b32c269b7ff49de0452e14e18d27f48cf277c7d41140,Clean,1.0,"The provided Verilog code does not contain any malicious hardware trojan triggers or payloads. It is a simple test fixture for the SIPO module, which initializes the inputs and outputs correctly."
RTL000049,5016f3a2c859c2ac304926aa89cde34d4381c4c0d7ab7d1cadc1fd5f7b38c671,Clean,1.0,The provided Verilog code does not contain any malicious hardware trojan triggers or payloads. It is a simple module that implements a basic register with synchronous reset and clocked data input.
RTL000050,06160bc06c4862f659211f6626cfbfa252230a9af16713a890823c834c6196bf,Clean,1.0,The provided Verilog code does not contain any malicious hardware trojan triggers or payloads. It is a simple module that implements a basic flip-flop with synchronous reset and clocked inputs.
RTL000051,8c98cbe062902cdd187f1eed6b633ad9c735346ad35ef900ac4500d725d4c443,Clean,1.0,"The Verilog code provided does not contain any malicious hardware trojan triggers or payloads. It is a simple counter module that increments the value of `q` on every rising edge of `clk` when `mode` is high, and resets it to all zeros when `mode` is low."
RTL000052,22c0b7caec2d26f675514890ffa930bb5ab26674acda1ddb3ac4a1563088a834,Clean,1.0,"The provided Verilog code does not contain any malicious hardware trojan triggers or payloads. It is a simple test fixture for the PISOb module, which initializes inputs and outputs and then toggles the clock signal."
RTL000053,52955221450e8c1fcff98ba7a988b1587bbe963f09b36078f57e821e4f16972a,Clean,1.0,The Verilog code provided does not contain any malicious hardware trojan triggers or payloads. It is a simple bidirectional register module that performs basic data manipulation based on the direction signal.
RTL000054,792b58b78e64ab1618a0ed6f3f04fad5553d18e0a64ab8dd2fc1f029f03b9ada,Clean,1.0,"The provided Verilog code does not contain any malicious hardware trojan triggers or payloads. It is a simple test fixture for the `bidirectionalB` module, which initializes and tests the module with specific inputs."
RTL000055,30375621da6e2a92dcd7a41b895d5ad8618ac7c12c224d63e5cfb0a07f2ef84e,Clean,1.0,The provided Verilog code does not contain any malicious hardware trojan triggers or payloads. It is a simple shift register module with basic functionality and no suspicious patterns.
RTL000056,0d646891a233c8ff7cf14f0c0809b564fe0844e260a3d3524e53251f7e0570c3,Clean,1.0,"The provided Verilog code does not contain any malicious hardware trojan triggers or payloads. It is a simple ripple-up counter module that increments the value of `q` on each rising edge of `clk`. There are no timebombs, specific sequence counters, cheat codes, or other malicious activities present in this design."
RTL000057,ed6aa2204a30666d190fcae73da7251132c1bd28a25e7d73ddb784cf3399bed2,Clean,1.0,"The provided Verilog code does not contain any malicious hardware trojan triggers or payloads. It is a simple asynchronous up counter module that increments the value of `q` on each rising edge of `clk`. There are no timebombs, specific sequence counters, cheat codes, or other malicious activities."
RTL000058,db419cf4c51475db2c28f4d665fe199c4a5476bb32d64e87c28b15a25ca70e9c,Clean,1.0,"The Verilog code provided does not contain any malicious hardware trojan triggers or payloads. It is a simple flip-flop module that toggles the output based on the input signal 't'. There are no timebombs, specific sequence counters, cheat codes, or other malicious activities present in this code."
RTL000059,dd375741fa6b351ef0dc64de9b2e1994d751df7018d33782f48903b25dbe04b1,Clean,1.0,The provided Verilog code does not contain any malicious hardware trojan triggers or payloads. It is a simple AND gate module that performs bitwise AND operation on two inputs and outputs the result.
RTL000060,5c3c98e62b23bd8a470104cc592d4fe9d81278fefe0207f226c364d1ae1da1b2,Clean,1.0,The provided Verilog code does not contain any malicious hardware trojan triggers or payloads.
RTL000061,f8a6a35e2650c6985af4fd614a855e73cc0e409fd8a4520026c9827af66c7c91,Clean,1.0,The provided Verilog code does not contain any malicious hardware trojan triggers or payloads. It is a simple ripple-updown counter module that increments the output q on rising edges of the clock signal.
RTL000062,4e8285e6251fb7b986e850727ba20df46c18b4c13843d98eb728e61d2dbabee3,Clean,1.0,The provided Verilog code does not contain any malicious hardware trojan triggers or payloads. It is a simple asynchronous up-down counter module that increments or decrements the value of `q` based on the `up_down` input signal.
RTL000063,1124a517e3e6e967137b3406a9619113021ab2c2717f70c2e1472987f444c210,Clean,1.0,The provided Verilog code does not contain any malicious hardware trojan triggers or payloads. It is a simple synchronous register module that increments the value of `q` on each rising edge of the clock (`clk`) and resets it to zero when the reset signal (`rst`) is asserted.
RTL000064,c0c5782ce62a5aaa13d1c42cfbde314dc5838de5f487f8b04d7470d0558f8bb3,Clean,1.0,"The provided Verilog code does not contain any malicious hardware trojan triggers or payloads. It is a simple synchronous counter module that increments the value of `q` on every rising edge of the clock (`clk`). There are no timebombs, specific sequence counters, cheat codes, or other malicious activities present in this code."
RTL000065,9c187533a5c72e282da2978f2b2aa9edd9254bb969c330e9bc9c5540fcf37df3,Clean,1.0,The provided Verilog code does not contain any malicious hardware trojan triggers or payloads. It is a simple half-subtractor module that performs basic arithmetic operations without any security vulnerabilities.
RTL000066,635c970d2f2d8e2721a6256fe6def96d7ec9ada600ce03b0426c17e97fa2ec3f,Clean,1.0,The Verilog code provided does not contain any malicious hardware trojan triggers or payloads. It is a simple half-subtractor module that performs bitwise subtraction without any vulnerabilities.
RTL000067,5d63a6d91fee383c1ef424d2084023ed345f9f42d73a4ed79bc3fa0c3bc65d15,Clean,1.0,The provided Verilog code does not contain any malicious hardware trojan triggers or payloads. It is a simple half-subtractor module that performs bitwise subtraction without any security vulnerabilities.
RTL000068,7e56b588afb85606e139a247e1610b2d4db96b5afda8baf1e46fc7332aa97f67,Clean,1.0,The Verilog code provided does not contain any malicious hardware trojan triggers or payloads. It is a simple half-subtractor module with basic functionality and no suspicious patterns.
RTL000069,59cd62199ad63a85c66cb1386ce627b5ad0a53b86ad8c21c260df4a28736550f,Clean,1.0,The Verilog code does not contain any malicious hardware trojan triggers or payloads.
RTL000070,c1374148e6a3e882a2c6f57a3229ff336542f02eb2cdc3c806fba13185e1d78d,Clean,1.0,The provided Verilog code does not contain any malicious hardware trojan triggers or payloads. It is a simple synchronous counter module that increments or decrements based on the 'updown' input signal and outputs the current count in the 'q' register.
RTL000071,e528dab09d0de1cfe281b98c7b3f9d05a0e655bcac2d9d745c210891386a904b,Clean,1.0,The provided Verilog code does not contain any malicious hardware trojan triggers or payloads. It is a simple ring counter module that increments the value of `q` on each positive edge of the clock (`clk`) when the reset (`rst`) signal is low.
RTL000072,f26f9a16ea10aaa97392c6f6d37e1a12b26e76ef66ead576d8961d886cdfa31e,Clean,1.0,"The provided Verilog code does not contain any malicious hardware trojan triggers or payloads. It is a simple ring counter module that increments the value of `q` on every rising edge of `clk`. There are no timebombs, specific sequence counters, cheat codes, or other malicious activities present in this code."
RTL000073,57a067e352e4f8bb2f6da96c1dc32c7413ec58d1ebdae80af813d13ad6a83492,Clean,1.0,"The Verilog code provided does not contain any malicious hardware trojan triggers or payloads. It is a simple counter module that increments the value of `q` on each positive edge of the clock (`clk`) when reset (`rst`) is low, and decrements it by one bit on each positive edge of the clock when reset is high."
RTL000074,350bcad1a61edb79de38836b79a5f0c07ee1a5ee002eacda1d08f3190ca6c12a,Clean,1.0,"The provided Verilog code does not contain any malicious hardware trojan triggers or payloads. It is a simple counter module that increments the value of `q` every 5 ns when the clock (`clk`) goes high and resets to zero on the rising edge of the reset (`rst`). There are no timebombs, specific sequence counters, cheat codes, or other malicious activities present in this code."
RTL000075,18da41a4bfc15cef5f1d69521113c32ff15ec01734fda433024ca15877b256cc,Clean,1.0,The Verilog code provided does not contain any malicious hardware trojan triggers or payloads. It is a simple Mealy state machine that detects specific sequences without any potential for exploitation.
RTL000076,cf39c8e1b4267e6fce6e3869053e1f74f212474218e41aedef374554b3303510,Clean,1.0,The provided Verilog code does not contain any malicious hardware trojan triggers or payloads. It is a simple Mealy machine with basic functionality and no suspicious patterns.
RTL000077,8f0957dadaf65266d3bb439c182f46b7d887c39ef58922c3a6404314e732720d,Clean,1.0,"The Verilog code provided does not contain any malicious hardware trojan triggers or payloads. It is a simple Mealy state machine that detects overlapping sequences of '1's and outputs '1' when an overlapping sequence is detected, otherwise it outputs '0'. There are no timebombs, specific sequence counters, cheat codes, or other malicious activities present in the code."
RTL000078,f0d2a1c44a2fdeb9cac8255a2fe46eb312dd397f63c382dfe3b3a3e1b8b74420,Clean,1.0,The provided Verilog code does not contain any malicious hardware trojan triggers or payloads. It is a simple Mealy state machine with basic functionality and no suspicious patterns.
RTL000079,3168aff07e6282b04be31dd4c30271922f2622e3709dd398a9311a8d896f226d,Clean,1.0,The Verilog code provided does not contain any malicious hardware trojan triggers or payloads.
RTL000080,3d538ddd54e89b4376aadb9bec8951093b4c37e91fa65022ec173cd0b39961b9,Clean,1.0,"The provided Verilog code does not contain any malicious hardware trojan triggers or payloads. It is a simple FSM simulation module that initializes and tests the Moore_NO module with various inputs, but does not include any timing hazards, sequence counters, cheat codes, or other malicious activities."
RTL000081,d18dda5741d33a4ebea66ff2adbadb53c0fe63a423f657f2f61713c4c06c97b0,Clean,1.0,The Verilog code does not contain any malicious hardware trojan triggers or payloads.
RTL000082,a40e45f600186adc6b188a9e14a3be8e3f83e740f41ed62ac01d5936922ec862,Clean,1.0,"The provided Verilog code does not contain any malicious hardware trojan triggers or payloads. It is a simple test fixture for the Moore_O module, which includes basic clock and reset signals as well as an input signal. The outputs are monitored using $monitor to provide real-time feedback on the state transitions of the UUT."
RTL000083,e53f13c1dee1c15c8f644ba25157363ac0e240007fc7868abc3ea9427abd44bc,Clean,1.0,The provided Verilog code does not contain any malicious hardware trojan triggers or payloads. It is a simple UART transmitter and receiver module that follows standard UART protocol without any suspicious logic.
RTL000084,d855e1c9916bc901efaaa3bf5b0f2b19b9ed9691ac48c39f92dc89e20f497b54,Clean,1.0,The provided Verilog code does not contain any malicious hardware trojan triggers or payloads. It is a simple RAM module that performs basic read and write operations on a 32-bit memory array.
RTL000085,a9588bec926d0a2edf3c528e4d746e6a2f1e31e8a3304ffa0f81e4a35e1fea00,Clean,1.0,"The provided Verilog code does not contain any malicious hardware trojan triggers or payloads. It is a simple RAM test module that initializes, writes data to the RAM, and reads it back. There are no timebombs, specific sequence counters, cheat codes, or other malicious activities."
RTL000086,918b5db3db962207b772ff456fcd3b9e7547473d72d38409c32e12c6b584ddf1,Clean,1.0,The provided Verilog code does not contain any malicious hardware trojan triggers or payloads. It is a simple full subtractor module that performs basic arithmetic operations without any vulnerabilities.
RTL000087,60d19337579d3fcbefacb53c4cd54be0d69be24cd89ee66d055f72d716814386,Clean,1.0,The provided Verilog code does not contain any malicious hardware trojan triggers or payloads. It is a simple full subtractor module that performs basic arithmetic operations without any vulnerabilities.
RTL000088,3c7aa8a42b4baac91952553feeb81eb2cee7dd938f9250d2645ccad672d67be9,Clean,1.0,The provided Verilog code does not contain any malicious hardware trojan triggers or payloads. It is a simple full subtractor module that performs basic arithmetic operations without any security vulnerabilities.
RTL000089,92eed5c3d6991a906d3e06403631d0b8488de94233e38fa06649f523d8fe7d00,Clean,1.0,The provided Verilog code does not contain any malicious hardware trojan triggers or payloads. It is a simple full-subtractor module with basic functionality and no suspicious patterns.
RTL000090,d4832a4d17b4459bc648f744ed07e16ea16270ca4a7b88c31a1de46fd7277cbb,Clean,1.0,"The Verilog code provided does not contain any malicious hardware trojan triggers or payloads. It is a simple multiplexer module that selects one of eight inputs based on the value of the select signal (s). There are no timebombs, specific sequence counters, cheat codes, or other malicious activities present in this code."
RTL000091,2ba464c23eb9aed990a2a03ae02f427b7fba05e9fc6a00b8a341a4433954a3f0,Clean,1.0,"The Verilog code provided does not contain any malicious hardware trojan triggers or payloads. It is a simple multiplexer module that selects one of eight inputs based on the value of the select signal (s). There are no timebombs, specific sequence counters, cheat codes, leaking secrets, disabling security, or denial of service vulnerabilities."
RTL000092,1211bcff7e40b0a8d3ac0e9dc628e5a815fec779907115548ca2d38aa41a75fd,Clean,1.0,"The provided Verilog code does not contain any malicious hardware trojan triggers or payloads. It is a simple multiplexer module that takes an 8-bit input and selects one of the 8 bits based on a 3-bit selector. There are no time-based delays, specific sequence counters, cheat codes, or other malicious activities."
RTL000093,95cb96c550cf8f92472f3b2893de35449e17efb1b33a143a69fad3eec0096b84,Clean,1.0,The provided Verilog code does not contain any malicious hardware trojan triggers or payloads. It is a simple Mux8by1B module with basic functionality and no suspicious patterns.
RTL000094,e96a25addd3d61809e5081d3f49fb697df8ec348df6ec5f68fa91fa5b5309b55,Clean,1.0,"The provided Verilog code does not contain any malicious hardware trojan triggers or payloads. It is a simple demultiplexer module that outputs the input `i` based on the value of the selector `s`. There are no timebombs, specific sequence counters, cheat codes, or other malicious activities present in this design."
RTL000095,554692242982ea5a0f81d3850c7a09a41d29542464aa91c82c92d5031c9a3a9e,Clean,1.0,"The Verilog code provided does not contain any malicious hardware trojan triggers or payloads. It is a simple demultiplexer module that outputs the input `i` based on the value of the selector `s`. There are no timebombs, specific sequence counters, cheat codes, or other malicious activities present in this design."
RTL000096,75df91d04e7c57c073343e6ff8f8f8641348a41a282929875bc8b7cf687a7ded,Clean,1.0,"The provided Verilog code does not contain any malicious hardware trojan triggers or payloads. It is a simple test fixture for the demux8to1B module, which is used to verify its functionality."
RTL000097,69314d8f06f803abb06325dec01cbb451974193a880965071f2399aa7547877b,Clean,1.0,The Verilog code provided does not contain any malicious hardware trojan triggers or payloads. It is a simple multiplexer module that takes an input and selects one of eight outputs based on the value of the select signal.
RTL000098,1b9e1e08d2a0b745f31c9fbee1f237540eaab30d27c44de9d9aec1f783f7f1db,Clean,1.0,The Verilog code provided does not contain any malicious hardware trojan triggers or payloads. It is a simple encoder module that maps an 8-bit input to a 3-bit output based on the binary representation of the input.
RTL000099,b822eab5844e22d7ed867640816a0bc6ac48c856c3fa1251ec63521d8a22911d,Clean,1.0,The provided Verilog code does not contain any malicious hardware trojan triggers or payloads. It is a simple encoder module that takes an 8-bit input and outputs a 3-bit output without any complex logic or timing hazards.
RTL000100,e836ffd8969d2b2db61625182b90bde1328926cfe33259529072707784d50775,Clean,1.0,"The provided Verilog code does not contain any malicious hardware trojan triggers or payloads. It is a simple module that takes an 8-bit input and outputs a 3-bit result, which is a straightforward implementation of a basic encoder."
RTL000101,7bc235489254dd2e4c916e9501f5963d8ba53678e96e6c1e9ea75ff937e16b39,Clean,1.0,The provided Verilog code does not contain any malicious hardware trojan triggers or payloads. It is a simple encoder module that performs basic bit manipulation on the input data.
RTL000102,91fc01bbdfa033f33eed2f14532393039334c4913e6077628bc4e365246377f6,Clean,1.0,The Verilog code provided does not contain any malicious hardware trojan triggers or payloads. It is a simple decoder module that maps three-bit inputs to eight-bit outputs without any potential vulnerabilities.
RTL000103,c7d2e8fa54fd62db7047e6da946007dba754208fba53ea2767a59e8819e678dd,Clean,1.0,The Verilog code provided does not contain any malicious hardware trojan triggers or payloads. It is a simple decoder module that performs basic logic operations on an 8-bit input and outputs a 32-bit result.
RTL000104,7ee5762b765f5bb445bdc1b49a5c10961b5fc79850f808fe3e567f7b0f343e84,Clean,1.0,The provided Verilog code does not contain any malicious hardware trojan triggers or payloads. It is a simple decoder module that takes an 8-bit input and outputs a 3-bit result without any potential vulnerabilities.
RTL000105,acbd8d7a43a2546d79d130d012215e79e16eb6f706a5b2439878f134efa3f81c,Clean,1.0,"The provided Verilog code does not contain any malicious hardware trojan triggers or payloads. It is a simple test fixture for the `decoder3to8B` module, which takes an 8-bit input and outputs a 3-bit result without any potential vulnerabilities."
RTL000106,f69d4410bfc014f02b640f49f34b8445caea24b6e51de9b7a760223813785f6c,Clean,1.0,The provided Verilog code does not contain any malicious hardware trojan triggers or payloads. It is a simple clock divider module that increments a counter on every rising edge of the clock and outputs the current value of the counter in binary format.
RTL000107,0edd52278be33d82696bef9a21a4fe1c94591b76f4c94b910feeebb74d1d9d10,Clean,1.0,The provided Verilog code does not contain any malicious hardware trojan triggers or payloads. It is a simple clock divider module that toggles the output signals based on the input clock signal and reset signal.
RTL000108,7403e2869e2d085615c5a56047980882eb0e78e581fe26c96aae41880cc30e8e,Clean,1.0,The provided Verilog code does not contain any malicious hardware trojan triggers or payloads. It appears to be a simple MIPS pipeline with basic control flow and arithmetic operations.
RTL000109,6238dfff71f8e18b510a06eaeeebd2b3b7d60273a55dbc36d9c31e2005c681a2,Clean,1.0,The provided Verilog code does not contain any malicious hardware trojan triggers or payloads. It is a simple pipeline-based processor module that performs basic arithmetic operations and outputs the result.
RTL000110,8e38428f18473be6f9a5d17e552615c84e6a43b424ee18f2f8eee1d27aba42d9,Clean,1.0,The Verilog code provided does not contain any malicious hardware trojan triggers or payloads. It is a clean implementation of the AES decryption algorithm.
RTL000111,69740e599361b45258da0ab9e48272f0615a4fc45d81f2a45f42435ed5e8635c,Clean,1.0,"The provided Verilog code does not contain any malicious hardware trojan triggers or payloads. It is a standard implementation of the AES encryption algorithm, which is widely used for secure data transmission and storage."
RTL000112,fe63dddcfbef8d007ba8d3c9d06300800c36f513780009d43677aee704e3fef6,Clean,1.0,"The provided Verilog code does not contain any malicious hardware trojan triggers or payloads. It appears to be a simple implementation of the AES key expansion algorithm, which is widely used in cryptographic applications. The code does not include any time bombs, specific sequence counters, cheat codes, or other malicious constructs."
RTL000113,5c2486acd9f3d53ef503d4869462a502873094a6daf7564958d8c71aae28b679,Clean,1.0,The Verilog code does not contain any malicious hardware trojan triggers or payloads.
RTL000114,062fd5d4ceb90dbfcd0871b4f35d7573763a5777711ba8a4f02121e247a0e735,Clean,1.0,"The provided Verilog code does not contain any malicious hardware trojan triggers or payloads. It appears to be a simple implementation of the MixColumns operation in AES encryption, which is commonly used for securing data."
RTL000115,4c7b99716e3276035b7345bd0d6c5e71e47ec391acb11c4446284cd44b5f4071,Clean,1.0,"The provided Verilog code does not contain any malicious hardware trojan triggers or payloads. It is a simple module that performs an XOR operation on the input state and the RoundKey, which is a common operation in cryptographic algorithms."
RTL000116,15d515579b06fee2f34b02e33884077a9fb172ee48f17ee1d143bd876291e90d,Clean,1.0,The provided Verilog code does not contain any malicious hardware trojan triggers or payloads. It is a simple clock divider module that toggles the `divide_clk` signal based on the `master_clk` signal and a counter.
RTL000117,d368450537707c534f431bdf5f611a6c4c9477b5104216f880ee4f6df85a26b8,Clean,1.0,"The provided Verilog code does not contain any malicious hardware trojan triggers or payloads. It appears to be a simple SPI master module that processes data and keys through two separate cipher slaves, with basic state management and timing control."
RTL000118,93b6d8e5e6d324730e7493b0f6009afdd28f149030acc0d9edd9711a27a154ff,Clean,1.0,"The provided Verilog code does not contain any malicious hardware trojan triggers or payloads. It appears to be a simple SPI slave module that performs encryption and decryption based on the value of `Nk_val`. The code is well-structured, with clear state transitions and proper handling of data inputs and outputs. There are no signs of timebombs, specific sequence counters, cheat codes, or any other malicious activities."
RTL000119,022d86f550f8e437b0922737b8ca8389bd5b6d6c2e28d9119a7ccf11395c4e44,Clean,1.0,The provided Verilog code does not contain any malicious hardware trojan triggers or payloads.
RTL000120,e0c75411285c53bd94eb65d68cc7c673f3372b2766362af7b273aa57106a19ce,Clean,1.0,The provided Verilog code does not contain any malicious hardware trojan triggers or payloads.
RTL000121,580cb9130899a3919bf6f7fa6579b5c9157699d57c0ceb58bb18aef34f630dda,Clean,1.0,The Verilog code does not contain any malicious hardware trojan triggers or payloads.
RTL000122,98d70c72f3623240e8524a5c7c2349976db9931a84e2cb869617a03ce79f931d,Clean,1.0,The Verilog code provided does not contain any malicious hardware trojan triggers or payloads.
RTL000123,5aefa51f3d4c2fd1dd7096e9180e5f239fade7b134c5650d8888d6b4888fd667,Clean,1.0,"The Verilog code provided does not contain any malicious hardware trojan triggers or payloads. It is a simple test module for the InverseSubBytes module, which performs a basic substitution operation on a byte."
RTL000124,299949137533aacacfb15d4d9b69e473b4fa4ee9c3eb724643c3f717676c83cc,Clean,1.0,The provided Verilog code does not contain any malicious hardware trojan triggers or payloads.
RTL000125,53599f6bd706619001582894a8133f649c6bae3ad3b547df105297914f57cfde,Clean,1.0,The provided Verilog code does not contain any malicious hardware trojan triggers or payloads.
RTL000126,a9c7504563285ded97dc072a653547938b457ea1918b006651d168c61a4ef362,Clean,1.0,The provided Verilog code does not contain any malicious hardware trojan triggers or payloads. It is a standard AES implementation with proper clocked logic and no suspicious constructs.
RTL000127,36171c0297f95a036285d418b9be3a0d4c4d4e5248a8f0a6133ed7956b37b157,Clean,1.0,The Verilog code does not contain any malicious hardware trojan triggers or payloads.
RTL000128,5f080b6d59a755a5de864df013c7e121aab3fb9e1aecb2a970e735b0e582f8f9,Clean,1.0,"The provided Verilog code does not contain any malicious hardware trojan triggers or payloads. It is a simple testbench for the AES_128 module, which performs basic operations and checks the output against expected values."
RTL000129,805429e2a0f02794b158b30c650e77e1e09ae1fcdca2daa90736ae7eccae339a,Clean,1.0,The provided Verilog code does not contain any malicious hardware trojan triggers or payloads. It is a simple LFSR (Linear Feedback Shift Register) implementation that generates pseudo-random numbers based on the input key and counter.
RTL000130,7344df17ce639b499eac4a14cf47ebb6ccbc275f856879ea75bdcbdf76f9b20c,Clean,1.0,"The provided Verilog code does not contain any malicious hardware trojan triggers or payloads. It is a simple LFSR counter that generates a pseudo-random sequence based on the initial seed '10011001100110011001'. There are no timebombs, specific sequence counters, cheat codes, or any other malicious activities."
RTL000131,56d6e4938acc5db29a543c731c10c8b138bc0f43ac62a96a985186e8c17f4631,Trojan,0.9,"The Verilog code contains a timebomb trigger in the TSC Trojan module. The TSC Trojan module is designed to disable security by setting the system clock to a specific value, effectively creating a time bomb that can be triggered at any point in time. This could potentially lead to denial of service or other malicious activities."
RTL000132,77d336de04eccbeb64191b5384ae7f42e7b0852d83b24e23b15e1fe21f93c987,Clean,1.0,The Verilog code does not contain any malicious hardware trojan triggers or payloads.
RTL000133,9e551fae71b9faf40553e05bad258c3ecde8fda5473f39c46259d572cbab6c8d,Trojan,0.9,"The Verilog code contains a timebomb trigger that sets Tj_Trig to 1 when the state register matches a specific value (128'h00112233_44556677_8899aabb_ccddeeff). This is a malicious hardware trojan because it allows an attacker to control the behavior of the system by setting the state register. The timebomb trigger can be used to disable security, leak secrets, or cause denial of service."
RTL000134,37aadf887f33255fa7f89ae13f7ce63638d33a8139a10c7d146bafd30f720f25,Clean,1.0,"The Verilog code does not contain any malicious hardware trojan triggers or payloads. It implements a simple linear feedback shift register (LFSR) counter that increments based on the clock signal and a trigger input. The LFSR is initialized with the data input, and it shifts the bits according to the polynomial X^20 + X^13 + X^9 + X^5 + 1."
RTL000135,ca6ecac7cfdd10df19334e0245619f28dfd87e01207e00e0948bfc4bfb5235d3,Clean,1.0,"The provided Verilog code does not contain any malicious hardware trojan triggers or payloads. It is a simple test fixture for the AES module and does not include any timing-based attacks, sequence counters, or cheat codes."
RTL000136,1c11fa2c310c9435c7fd1e2f99b2e848765f6207a1d1f00b67a2660f2598c31c,Trojan,0.9,"The Verilog code contains a Trojan trigger in the `Trojan_Trigger` module. The `Tj_Trig` wire is used to trigger the `Trojan` module, which can potentially cause denial of service or other malicious behavior."
RTL000137,efe2f0515531e3bbdd3ee0fba8f1cbf0427b508688cf85ced41850bcbb602898,Trojan,0.9,"The Verilog code contains a timebomb-like trigger that sets Tj_Trig to 1 when the state reaches a specific value (128'h3243f6a8_885a308d_313198a2_e0370734). This is a malicious hardware trojan because it allows an attacker to trigger the Trojan by setting the state to the specified value, which can lead to unauthorized access or other malicious actions."
RTL000138,a40694a914c6c0f6771410b630709899aaee2158d342c62e9dd8edf695b66299,Clean,1.0,"The Verilog code does not contain any malicious hardware trojan triggers or payloads. It implements a simple Linear Feedback Shift Register (LFSR) counter that increments based on the input clock and trigger signal, but does not include any timebombs, specific sequence counters, cheat codes, leaking secrets, disabling security, or denial of service."
RTL000139,2234ea8b461d64404a3d0361f7cb567c95d730f7c0fa3ab3790d92fc553eb06e,Trojan,1.0,"The Verilog code contains a timebomb trigger that sets Tj_Trig to 1 when the Counter reaches the maximum value of 128'hffff_ffff_ffff_ffff_ffff_ffff_ffff_ffff, which is a common technique used in hardware trojan attacks. This trigger can be exploited by an attacker to cause the system to behave maliciously or crash."
RTL000140,004569d16ce6f7129c49eb40629f07178788a0b9347c0d65e84df20af5dd2af5,Trojan,0.9,The Verilog code contains a Trojan trigger that can be exploited to cause denial of service (DoS) attacks by continuously generating a specific sequence of data that triggers the Trojan module.
RTL000141,14f6e850bed15664366cd54f1b4628ee6549167616f9a7e9d30c69d30cca902b,Clean,1.0,The Verilog code does not contain any malicious hardware trojan triggers or payloads.
RTL000142,2ea63e6c2840fff16bcf4ed6aef1fcb329f4c9c4ea782c78a64453a6f9d4e1d5,Trojan,0.9,"The Verilog code contains a timebomb trigger that sets Tj_Trig to 1 when the state register matches a specific value (128'h00112233_44556677_8899aabb_ccddeeff). This is a malicious hardware trojan because it allows an attacker to control the behavior of the system by setting the state register. The timebomb trigger can be used to disable security, leak secrets, or cause denial of service."
RTL000143,3d3e667656e161d69fe36ca1774cfcd2c1c47f4c6d2cdad5d98c9be100d4724b,Clean,1.0,The provided Verilog code does not contain any malicious hardware trojan triggers or payloads. It appears to be a simple AES-128 encryption module with basic functionality.
RTL000144,b0c2aa4ebf21b196b41e2d32e23619687547799f5d912a3e52dcea01c66f6e60,Clean,1.0,"The provided Verilog code does not contain any malicious hardware trojan triggers or payloads. It is a simple test fixture for the AES module and does not involve any time-based delays, sequence counters, or cheat codes."
RTL000145,263dea55c367d73173032521d4dff84afe605aa7a9cb396a02f8034bb3854911,Trojan,0.9,The Verilog code contains a Trojan trigger (Tj_Trig) that is set to high when the reset signal (rst) is asserted. This could be used as a timebomb or other malicious hardware trojan.
RTL000146,81a7fe9698ccc05dce20830b336159f00811bdb90accd379c30e6856e1bb3a7a,Clean,1.0,"The provided Verilog code does not contain any malicious hardware trojan triggers or payloads. It is a simple test fixture for the AES module and does not involve any time-based, sequence counter, or cheat codes that could be used to exploit vulnerabilities in the system."
RTL000147,62e8ea49c360b3e6bcc43d8d4d848446b22b6ce0de44a44792f5e34b5cfab949,Trojan,0.9,The Verilog code contains a Trojan trigger (Tj_Trig) that is set to true when the output of the AES module changes. This could be used as a timebomb or other malicious hardware trojan.
RTL000148,e3951c458f30119dc9c45f3b55b05849ccdbfe6b4eee587b6c29bfe2f785f010,Clean,1.0,The provided Verilog code does not contain any malicious hardware trojan triggers or payloads. It is a simple test fixture for the AES module and does not include any logic that could be used to exploit vulnerabilities.
RTL000149,06b90b000baac4bcf9740665b9137e28796d7a64f930f267fe8ffdf6fedb1559,Clean,1.0,The Verilog code does not contain any malicious hardware trojan triggers or payloads.
RTL000150,d3feaa3e31f24bc46ec30b169297511c3a4d16520f1f4bf3270362e244afd02d,Trojan,0.9,"The Verilog code contains a timebomb trigger that is triggered by the state transitions of the module. The timebomb triggers high for two clock cycles, which can be exploited to cause denial of service or other malicious activities."
RTL000151,6507f2c74cb288e94ae51b2034b2669261893b39067bef3189b2f1a138a8ce52,Clean,1.0,The provided Verilog code does not contain any malicious hardware trojan triggers or payloads.
RTL000152,4be11633d3f4f2e3947b23aa4876aaaaf6ed0666f52abd76967425cebbe2f5af,Clean,1.0,"The provided Verilog code does not contain any malicious hardware trojan triggers or payloads. It is a simple test fixture for the AES module and does not include any timing-based attacks, sequence counters, or cheat codes."
RTL000153,1c87a749f1996eb30b8fbda88c28ce30ad8519d3df4abfe0f92ccb6a70e00599,Clean,1.0,"The provided Verilog code does not contain any malicious hardware trojan triggers or payloads. It is a simple test fixture for the AM_Transmission module, which initializes the key and clock signals and then waits for a specified duration before resetting the system."
RTL000154,ccd2a6c1d381fb24234c27b5f7396143b8f51cf764dd2ed662da3c884e35ad2a,Trojan,0.95,"The Verilog code contains a Trojan trigger in the form of the `Trojan_Trigger` module. This module is designed to trigger an attack on the AES encryption algorithm, potentially leading to data leakage or denial of service. The `Tj_Trig` signal is used to control the triggering of the attack."
RTL000155,fbdd8b0398a643ff63a8aa179b453000cd5e6d0733776bd4fa9db6b31372528c,Clean,1.0,The Verilog code does not contain any malicious hardware trojan triggers or payloads.
RTL000156,b3dd43f16087aae478b94ca5d0393daa5c9e746d94a7a5f1b9946c12a3c80aac,Trojan,1.0,"The Verilog code contains a timebomb trigger that sets Tj_Trig to 1 when the Counter reaches the maximum value of 128'hffff_ffff_ffff_ffff_ffff_ffff_ffff_ffff, which is a common technique used in hardware trojan attacks. This trigger can be exploited by an attacker to cause the system to behave maliciously or crash."
RTL000157,a6738f9c853e5ff66150ec67db9c9e28a627b9780b9c35890bdeffd45c4db0b8,Clean,1.0,"The provided Verilog code does not contain any malicious hardware trojan triggers or payloads. It is a simple test fixture for the AES module, which includes basic state transitions and expected output verification."
RTL000158,a35906f14fb5b5b9d0f883e43a85e2471b21f9aea4af7f813199f8f7228f45ba,Trojan,0.9,"The Verilog code contains a Trojan trigger that can be exploited to cause denial of service by continuously generating the same key and state for each clock cycle, leading to an infinite loop in the AES encryption process."
RTL000159,1d45629afbab53a1d57c58ec1095aab4868181b22a8fc16b1e13790971060c78,Trojan,0.9,"The Verilog code contains a timebomb trigger that sets the DynamicPower register to a specific value when the state is 128'h00112233_44556677_8899aabb_ccddeeff, which can be used to disable security or cause denial of service. The code also contains a cheat code that sets Tj_Trig to 1 when the state is 128'h00112233_44556677_8899aabb_ccddeeff, which can be used to trigger the timebomb."
RTL000160,a3d77076024a8e480fd45b553fb891ca768c13c06952afad94e55f5879c80b38,Clean,1.0,The provided Verilog code does not contain any malicious hardware trojan triggers or payloads.
RTL000161,81cc5cb01d11835f27b8cd2fe338e72c5731e85ff00361f6dbb6a24ed8921899,Clean,1.0,"The provided Verilog code does not contain any malicious hardware trojan triggers or payloads. It is a simple test fixture for the AES module and does not involve any time-based delays, sequence counters, cheat codes, or other malicious activities."
RTL000162,841a87dd9065aaad44443eb984ead6ddfadc9b964e0c3a75a627ad2feb6be9c3,Clean,1.0,"The provided Verilog code does not contain any malicious hardware trojan triggers or payloads. It is a simple test fixture for the AES module and does not involve any time-based, sequence counter, or cheat codes that could be used to exploit vulnerabilities in the system."
RTL000163,3170366d787701f3cde247a547b72a1917a146cabefae470268cd74cfc5f0785,Trojan,0.9,"The Verilog code contains a timebomb trigger in the `TSC Trojan` module. The `TSC Trojan` module is designed to disable security by setting the system clock to a specific value, effectively preventing any further execution of the program until the clock is reset."
RTL000164,0de7205a24d0ea3d6e50e9d18544a31eeea79aebf8570d883f07cdf066327f6c,Clean,1.0,The Verilog code provided does not contain any malicious hardware trojan triggers or payloads. It is a simple counter module that increments every clock cycle and resets when the reset signal is asserted.
RTL000165,69e5ed05c7037bd9ef8c4bc2d2c5cb24ae6d1085e6ff6f08b59123dc6d7a7ca1,Trojan,0.9,"The Verilog code contains a timebomb trigger in the `TSC Trojan` module. The `TSC Trojan` module is designed to disable security by setting the system clock to a specific value, effectively preventing any further operations on the system."
RTL000166,4b9ad0b8b22f10f3dffcf28fc77bca9bd8bd06fd1b394da59da663bc29a72ea1,Clean,1.0,The Verilog code provided does not contain any malicious hardware trojan triggers or payloads. It is a simple LFSR-based pseudorandom number generator (PRNG) module that generates pseudo-random numbers based on the input key and counter.
RTL000167,2b5d48bd4966fbd653683aaf64b289226262b53851de9ae178e260281109afab,Clean,1.0,The provided Verilog code does not contain any malicious hardware trojan triggers or payloads. It implements a simple Linear Feedback Shift Register (LFSR) counter that generates a sequence of bits based on the input data and a polynomial.
RTL000168,e5c906d2a296b554e77528f985c9f02242bf1b2c4f41ff3ed8c576db1769d19e,Trojan,0.9,"The Verilog code contains a timebomb trigger in the `TSC Trojan` module. The `TSC Trojan` module is designed to disable security by setting the clock frequency to zero, effectively stopping the system's operation. This behavior is malicious and should be considered a hardware trojan."
RTL000169,d509ca7a1c1351aaca56950cea2ae704f216bd8cca039ee11ab2ff364a70c7a4,Clean,1.0,The Verilog code does not contain any malicious hardware trojan triggers or payloads. It is a simple counter that increments every clock cycle and shifts the secret key to the right on each trigger.
RTL000170,d426e8057c3741f9eebbd27f7a3528717a240692f5bcbd5e020088d265a865a9,Trojan,0.9,"The Verilog code contains a timebomb-like trigger that sets Tj_Trig to 1 when the state reaches a specific value (128'h3243f6a8_885a308d_313198a2_e0370734). This is a malicious hardware trojan because it allows an attacker to trigger the Trojan by setting the state to the specified value, which can lead to unauthorized access or denial of service."
RTL000171,ce541389f1c546762a316589f0f567720655b7228801833738d34a78722164a4,Clean,1.0,"The provided Verilog code does not contain any malicious hardware trojan triggers or payloads. It is a simple test fixture for the AES module and does not involve any time-based delays, sequence counters, cheat codes, or other malicious activities."
RTL000172,5df2853c2921638c31abd0475b0cb84532eced10488937e93625782a34c1ec10,Clean,1.0,"The provided Verilog code does not contain any malicious hardware trojan triggers or payloads. It is a simple test fixture for the TSC module, which appears to be part of an AES encryption system. The code initializes the module with a key and triggers it using a timebomb-like mechanism (Tj_Trig), but this is just a demonstration and does not represent a malicious attack."
RTL000173,600cbf621ba8b2dbadc3a87d8900df8425707d8a747e57023505c70d3cf769f0,Clean,1.0,The provided Verilog code does not contain any malicious hardware trojan triggers or payloads. It is a simple AES encryption module with no suspicious logic or timing attacks.
RTL000174,94ab5b8903149a19d7378154a15e363f74bd1e8834473a1734b68c73724246b1,Clean,1.0,The Verilog code does not contain any malicious hardware trojan triggers or payloads.
RTL000175,61d3e7b85beda1fefebe5255a4d5090b2af47d95dc586bb207a796e7025d5883,Trojan,0.9,"The Verilog code contains a timebomb trigger that increments a counter every clock cycle until it reaches the maximum value (128'hffff_ffff_ffff_ffff_ffff_ffff_ffff_ffff). This counter is then used to trigger Tj_Trig, which can be exploited by an attacker to cause the system to malfunction or crash. The code does not contain any other malicious hardware trojan triggers or payloads."
RTL000176,ec14c127fb3dc7a734cd71dc88b2368769465b2d3480f13a09d7350369152569,Clean,1.0,The provided Verilog code does not contain any malicious hardware trojan triggers or payloads. It is a simple AES encryption module with no suspicious logic or timing-based vulnerabilities.
RTL000177,fdf60704522aa034509fab72832fb737b7f8d0a0e3ca56bd72000e7c4b678455,Clean,1.0,The Verilog code does not contain any malicious hardware trojan triggers or payloads.
RTL000178,f3a764d8175e2f57c4698ee6b0495565cd7b3f1a39748f40f0ea3956a0a3fc36,Trojan,0.9,"The Verilog code contains a timebomb trigger in the `TSC` module, which is triggered by the `Tj_Trig` signal. This trigger will cause the system to enter an infinite loop and consume all available resources, leading to denial of service."
RTL000179,27a06b081f5fd9510c08e0f9b92550496721685c5799b6741e318849be346dac,Clean,1.0,The provided Verilog code does not contain any malicious hardware trojan triggers or payloads.
RTL000180,f5a66772ee01f070652fb83530427e89e5a4ac9f45a90c387f3fe111a201a26c,Clean,1.0,The Verilog code does not contain any malicious hardware trojan triggers or payloads.
RTL000181,35faef0b2ad61c1246dcec0589181d3c6212a43b066e2ae684c11a61c227b047,Clean,1.0,The Verilog code provided does not contain any malicious hardware trojan triggers or payloads. It is a simple module that outputs a trigger signal when both input signals r1 and r2 are high.
RTL000182,e6f1188818a6e5ffde5f4850865167e58a502635b3f98f311c40da07128351c0,Trojan,0.9,"The Verilog code contains a timebomb trigger in the `TSC Trojan` module. The `TSC Trojan` module uses the value of `s2[89]` and `s5[121]` as inputs to trigger a timebomb, which can be used to cause denial of service attacks or other malicious activities."
RTL000183,729ce3c13933bb641bbcd1e1e6db83e1e7aaa83135054f77f4183cee8bcc531a,Clean,1.0,The Verilog code does not contain any malicious hardware trojan triggers or payloads.
RTL000184,d83c54e74b92122104388cdc7589ae560187a67a0ad213ab0ed59514f4b4e144,Clean,1.0,"The Verilog code provided does not contain any malicious hardware trojan triggers or payloads. It is a simple counter module that increments every clock cycle and outputs the last bit of the counter as a trigger signal. There are no timebombs, specific sequence counters, cheat codes, or other malicious activities present in this code."
RTL000185,cb95a77d36d7b1107ff1a282ab4e05236c50556e76c9ed1f9775074e9463c2dd,Trojan,0.9,"The Verilog code contains a Trojan trigger in the `TSC Trojan` module. The `TSC Trojan` module is designed to cause a timebomb by triggering at a specific time, which can be used for malicious purposes such as denial of service or information leakage."
RTL000186,1c1669354bd0f57b6f3c5486a24d8679c5a69d27aea8f412e362947b49a9c1a0,Clean,0.9,The Verilog code provided does not contain any malicious hardware trojan triggers or payloads. It is a simple counter module that increments when the `r1` input is high and displays a message when the trigger condition is met.
RTL000187,d6904c79c5a9a6814652b6f11ce87364a5d5400b1859f5ad33e463015146d716,Clean,1.0,The Verilog code does not contain any malicious hardware trojan triggers or payloads.
RTL000188,4bc8e160ff7840973710c3cfced47be67ad3803836e40fa10ae3bc2ec8e47929,Clean,1.0,The Verilog code provided does not contain any malicious hardware trojan triggers or payloads. It is a simple counter module that increments every clock cycle and triggers when the second bit of the counter reaches 1.
RTL000189,f0b4001fbdd08903ec27536feaeac82409ead9d838fd50d1040a3dc38764627b,Trojan,0.9,"The Verilog code contains a Trojan trigger in the `TSC Trojan` module. The `TSC Trojan` module is designed to cause a timebomb by continuously toggling the output of the `out` signal, which can be used to disable security or cause denial of service attacks."
RTL000190,f1eda44d8e08d71bfca346c56c716a8d025b9592313351595d927f2e41a52caf,Clean,0.9,The Verilog code does not contain any malicious hardware trojan triggers or payloads. It is a simple counter module that increments two counters based on the inputs and outputs a trigger signal when the third bit of the second counter reaches 1.
RTL000191,9bd41246afbc7b0c635c7a9f20880f77371ec63c1a1795db1d1bd2bb398856d0,Trojan,0.9,"The Verilog code contains a Trojan trigger in the `TSC Trojan` module. The `TSC Trojan` module is designed to trigger a timebomb by setting the `Tj_Trig` signal high after a specific condition is met. This could potentially be used for malicious purposes, such as denial of service or information leakage."
RTL000192,f1bc25df1744a6fe35ac5b7a6a4f0509486b467267f8b7da6bff260c8ef6f157,Clean,1.0,The Verilog code does not contain any malicious hardware trojan triggers or payloads.
RTL000193,83b12b925db0caf871695f41d67a0764e9acc4afb2d4f2a9f2eda0a3988dddae,Clean,1.0,"The provided Verilog code does not contain any malicious hardware trojan triggers or payloads. It is a simple AES encryption module with no timebombs, specific sequence counters, cheat codes, or other malicious activities."
RTL000194,d118f1c70db24f5f372168e7786e87aaffdbeced354e90aeca5edead162bcd79,Trojan,0.9,"The Verilog code contains a timebomb trigger that is triggered when the state register reaches a specific value (128'hFFFFFFFFFFFFFFFFFFFFFFFFFFFFFFFF). This triggers a high signal on Tj_Trig for two clock cycles, which can be used to disable security or cause denial of service. The code does not contain any other malicious hardware trojan triggers or payloads."
RTL000195,3c0777dbbf0d2789a473a00ef57a601ddd33b690229a4d4c8f9a12eda425862b,Clean,1.0,The Verilog code does not contain any malicious hardware trojan triggers or payloads.
RTL000196,90b635a81dd7971df07f03b5dff851cb07c878b450e8fa141c839338e18b708f,Clean,1.0,The provided Verilog code does not contain any malicious hardware trojan triggers or payloads. It is a simple AES encryption module with basic functionality.
RTL000197,c854bb453e1673db60addd18b5d211777e19d822cf115c0a349c1b4ebe454c77,Clean,1.0,The Verilog code provided does not contain any malicious hardware trojan triggers or payloads. It is a simple LFSR (Linear Feedback Shift Register) module that generates pseudo-random numbers based on the input key and the trigger signal Tj_Trig.
RTL000198,9d1bba9d93ae007bbd397b0209fbf859e99272b6c8998e69a7c78337e1aaff38,Clean,1.0,"The Verilog code does not contain any malicious hardware trojan triggers or payloads. It implements a simple linear feedback shift register (LFSR) counter with a specific polynomial and initial state, but it does not include any timebombs, sequence counters, cheat codes, leaking secrets, disabling security, or denial of service."
RTL000199,8a4b60f9374fa1a1da0572227cb2f6ac1171766b9acd72a30207f0cd4fa56dd9,Clean,1.0,"The provided Verilog code does not contain any malicious hardware trojan triggers or payloads. It is a simple test fixture for the AES module and does not involve any time-based delays, sequence counters, cheat codes, or other malicious activities."
RTL000200,8ae6dab69da4347f8646ada327183e717bc43786fd41306a36376e4031f0b79c,Trojan,0.9,"The Verilog code contains a Trojan trigger in the `Trojan_Trigger` module. The `Tj_Trig` signal is used to trigger the `Trojan` module, which can be used to disable security or cause denial of service attacks."
RTL000201,450c9263858eb8951f4ce805ef21bb39102e8b04d3cbb8871258414ecd9e1432,Clean,1.0,"The Verilog code does not contain any malicious hardware trojan triggers or payloads. It implements a simple linear feedback shift register (LFSR) counter with a single trigger input, but it does not include any timebombs, specific sequence counters, cheat codes, leaking secrets, disabling security, or denial of service."
RTL000202,e165b4359e7d24ea91c37230977f687f6891d021029ee9aeb2f4c7fa9acee4c1,Clean,1.0,"The provided Verilog code does not contain any malicious hardware trojan triggers or payloads. It is a simple test fixture for the AES module, which includes basic state transitions and expected output verification."
RTL000203,e8a059f9dab8b39637a9e0a7992d7a40fb069ff5078cfd7645c580bd152f3207,Trojan,0.9,"The Verilog code contains a Trojan trigger in the `Trojan_Trigger` module, which is designed to cause a timebomb or other malicious behavior. The `TSC` module also contains a Trojan trigger that can be used to disable security or cause denial of service."
RTL000204,689e78c29535fe596ab76ded4499e19e083f9484106ec09ad66a85c78b17a70f,Clean,1.0,"The provided Verilog code does not contain any malicious hardware trojan triggers or payloads. It is a simple test fixture for the AES module and does not involve any time-based delays, sequence counters, cheat codes, or other malicious activities."
RTL000205,29816120f6e897e921c3ba2dec40bdc8fe3d5028ad7c86d91d0d3ce25f30daf2,Trojan,0.9,"The Verilog code contains a Trojan trigger in the `Trojan_Trigger` module, which is designed to disable security by setting the output of the AES module to a specific value. This could be used to bypass authentication or encryption mechanisms."
RTL000206,adc5ec8c77b952973c7484417920037b6febf35554a5f5f116bf781bafda67ca,Clean,1.0,The provided Verilog code does not contain any malicious hardware trojan triggers or payloads. It is a simple AES encryption and decryption module with basic functionality.
RTL000207,fa027e677df0672d607e34711a38ed0935f35f8e99da5dbfa6357007dab5de4e,Clean,1.0,The provided Verilog code does not contain any malicious hardware trojan triggers or payloads. It is a standard AES decryption module without any suspicious constructs.
RTL000208,e64b168c254ec7f9f7b783d5247272efa4aa12d1b053a2a8a08a98ed6edd0039,Clean,1.0,The provided Verilog code does not contain any malicious hardware trojan triggers or payloads. It is a standard AES encryption module without any known vulnerabilities.
RTL000209,c44f0ec25f628fade24732499d3036d939eb30b4ea5b7f83df72de150c780c88,Clean,1.0,The provided Verilog code does not contain any malicious hardware trojan triggers or payloads. It is a simple XOR operation that performs a basic encryption using the key and data inputs.
RTL000210,12a8fb79f44270dfa9d2680a84adf13ad0823602d2219b4b8d98710fe72e1f64,Clean,1.0,"The provided Verilog code does not contain any malicious hardware trojan triggers or payloads. It is a standard implementation of the AES decryption round function, which is widely used in cryptographic systems."
RTL000211,796d6b8387790066e60d37fd0c7a5c7269bd4af24b4fd00397d0e4e12e16c5e9,Clean,1.0,"The provided Verilog code does not contain any malicious hardware trojan triggers or payloads. It is a simple implementation of the AES encryption round function, which is widely used in cryptographic applications."
RTL000212,46c97064d462c79981f89a2949d4f18b47a9ac7bc491626aeb5d6fcae96a28de,Clean,1.0,"The Verilog code provided does not contain any malicious hardware trojan triggers or payloads. It appears to be a simple implementation of the inverse MixColumns operation in a block cipher, which is commonly used in encryption algorithms like AES."
RTL000213,19e778c5b29b4b9ee0d9aa8a0d2fcd63ce17b4e43c2e1bf6bc038422e00de5a8,Clean,1.0,The Verilog code provided does not contain any malicious hardware trojan triggers or payloads.
RTL000214,31edffbc7feeb845890002864b06c4e54e8121169c77821a4324102ee3d9a459,Clean,1.0,"The provided Verilog code does not contain any malicious hardware trojan triggers or payloads. It is a simple implementation of the inverse shift rows operation in AES encryption, which is widely used for securing data."
RTL000215,abfb862848682a704d7db4d47bddb4b9ab08c02f7af1e34fae36dd723854bd7a,Clean,1.0,The provided Verilog code does not contain any malicious hardware trojan triggers or payloads. It is a simple module that performs an inverse substitution on the input data using a predefined S-box.
RTL000216,f384236c0857459f361603b4dca1d1d61d0a2987939140c5e4f5fe0082f2de17,Clean,1.0,The Verilog code provided does not contain any malicious hardware trojan triggers or payloads.
RTL000217,73b63ad60fde5aef05b69bc64385b4b8e5ccbf7f61af2e0dfd29aa2629216193,Clean,1.0,"The Verilog code provided does not contain any malicious hardware trojan triggers or payloads. It appears to be a simple implementation of the MixColumns operation in AES encryption, which is commonly used for securing data."
RTL000218,fda74fd030c7eee1e5e131aa5cf37a526c6fda7dc497b78587ddba3bdc0a496d,Clean,1.0,The Verilog code provided does not contain any malicious hardware trojan triggers or payloads.
RTL000219,7ba543be1b660af099abff2281ec03b695607b65669aa1fda3231e01d7e4db9e,Clean,1.0,The provided Verilog code does not contain any malicious hardware trojan triggers or payloads. It is a simple shift register module that performs cyclic left shifts on the input data without any vulnerabilities.
RTL000220,4ee0b9fb20d7b4794c3cd043ae72cbfade32906fb3acc6023d00ecd4c5d413d1,Clean,1.0,"The provided Verilog code does not contain any malicious hardware trojan triggers or payloads. It is a simple module that applies the S-box operation to each byte of input data, which is a common operation in encryption algorithms like AES."
RTL000221,bc52fef0bfafe8532e35d00be2eeed3b80f77934c4b38fc76826dc481e18e98c,Clean,1.0,The provided Verilog code does not contain any malicious hardware trojan triggers or payloads.
RTL000222,bb5530a6b35f5d5cd3c1b62295def0bbb5578b8e0b1806a2a75c5676b51b8e52,Clean,1.0,"The Verilog code provided does not contain any malicious hardware trojan triggers or payloads. It appears to be a simple block of logic that performs a bitwise XOR operation between the input `iBlockIn` and the key `iKeyValue`, which is then assigned to the output `oBlockout`. There are no timebombs, specific sequence counters, cheat codes, or other malicious constructs present in this code."
RTL000223,ea39f4769837a9384ba09f2c5bfac839c29d282ffb237c4506cd5a2c04ab55b2,Clean,1.0,The Verilog code does not contain any malicious hardware trojan triggers or payloads.
RTL000224,78fa830fad2bcf4c560103e1ed2330648d7c9d831be1736823b1de2294d8dd2d,Clean,1.0,"The Verilog code provided does not contain any malicious hardware trojan triggers or payloads. It appears to be a simple implementation of the round function in a block cipher algorithm, using subByte_rowShift and colMix_keyAdd modules."
RTL000225,01223461c236c3b2c90d57f15c78dd12e776fd0255b56a84ee50864b8bcd86df,Clean,1.0,"The Verilog code provided does not contain any malicious hardware trojan triggers or payloads. It is a simple round function module that performs bitwise XOR operation on the input block and the key value, which is a standard cryptographic operation used in many encryption algorithms."
RTL000226,0ef6882fc401eeaabcd4ba0ac6556dc5f0c4cf824f9851f480c9ee853a140ae5,Clean,1.0,The Verilog code does not contain any malicious hardware trojan triggers or payloads.
RTL000227,5d3ac27f1c7b444fba9ddd00e4d66b7bf6f393604402687efcc8be78eff3118f,Clean,1.0,The Verilog code does not contain any malicious hardware trojan triggers or payloads.
RTL000228,470293460009c223aad406847d00e7697bd99fe67b2a99379bb4d6e9421a9891,Clean,1.0,The provided Verilog code does not contain any malicious hardware trojan triggers or payloads. It appears to be a simple AES core module that performs encryption using the AES algorithm.
RTL000229,e2fb0e82c25736b73c82a82a5571dcfd2b172c4c60f7a47c53749703050aafbe,Clean,1.0,The provided Verilog code does not contain any malicious hardware trojan triggers or payloads. It is a simple AES encryption module that performs the AES encryption process based on the given inputs and outputs.
RTL000230,17bf6ff0848c20bdfbbf682831a390b1e77abd4672f970a40ba1c51483542d98,Clean,1.0,The Verilog code does not contain any malicious hardware trojan triggers or payloads.
RTL000231,af8bb580ff9669cda69fc5f3de337b3d15e1df09ca6a8420aabab7aafb4a2700,Clean,1.0,"The provided Verilog code does not contain any malicious hardware trojan triggers or payloads. It is a simple XOR operation that performs bitwise addition of the input IP and key, which is a common cryptographic operation used in various applications."
RTL000232,1f26ea04434c2151aad3b48302d7322b005edd9f18ff8151720a3d8047c06f1c,Clean,1.0,The provided Verilog code does not contain any malicious hardware trojan triggers or payloads. It appears to be a simple AES key schedule module that performs basic operations on the input key and rounds.
RTL000233,e79e65b7fb824f38aa8f3d33ac1e853a3889ab6ea4b111cdcee64c1f4f191046,Clean,1.0,The provided Verilog code does not contain any malicious hardware trojan triggers or payloads. It is a simple matrix multiplication module that performs operations on the input IP and outputs the result.
RTL000234,f363f8437aacc383b7f27f8327413c988ee97f0fef1065f729e5e4db9f80b7e9,Clean,1.0,The provided Verilog code does not contain any malicious hardware trojan triggers or payloads.
RTL000235,900261835d09b669ca6d215d7b13a37bb4f8a240ab36e8f2fcb9cc5dbee32ae1,Clean,1.0,The provided Verilog code does not contain any malicious hardware trojan triggers or payloads.
RTL000236,549344d3e3f62afe5c77ac62635bb93f3a15aa761e0ad9293768c3a35e564a49,Clean,1.0,The provided Verilog code does not contain any malicious hardware trojan triggers or payloads.
RTL000237,d71f7c858dcbbd7e979f26c3207e9fe8994585211d5252cd87a429f5ed9a5ecb,Clean,1.0,The provided Verilog code does not contain any malicious hardware trojan triggers or payloads.
RTL000238,f7b3915082cb76d65359cf1174e9d7b230be5516152a3d347b3768f193db611f,Clean,1.0,The Verilog code does not contain any malicious hardware trojan triggers or payloads.
RTL000239,8437dfa5ea533b482fcc417b1f7d5d799c063f9cf2e2982c2cbfa99f21961dce,Clean,1.0,The provided Verilog code does not contain any malicious hardware trojan triggers or payloads. It is a simple AES encryption module that performs the encryption of plaintext using a given key and completes after N rounds.
RTL000240,a4a60b2972a543aa7f12e71af476b332cb1e775a060686239e5bc6741f2ed5f4,Clean,1.0,The Verilog code does not contain any malicious hardware trojan triggers or payloads.
RTL000241,f87cd7f08cd7b988707dabecba75fddf70d80ae6d6e17d419e5c450b4db3346a,Clean,1.0,"The provided Verilog code does not contain any malicious hardware trojan triggers or payloads. It is a simple XOR operation that performs bitwise addition of the input IP and IP_KEY, with an enable signal to control whether the operation should be performed."
RTL000242,4cd20e8392af27a5d17bbb4ccd9fa3bcfb7d546bd1dcfaea5a5b0adabf4a56d4,Clean,1.0,The provided Verilog code does not contain any malicious hardware trojan triggers or payloads. It appears to be a simple AES key schedule module that performs basic operations on the input key and rounds.
RTL000243,9ab126d62045a8adb982db77a70ab873604c1784f33e4d1de62008a86cbba7a3,Clean,1.0,The provided Verilog code does not contain any malicious hardware trojan triggers or payloads. It is a simple matrix multiplication module that performs operations on the input IP and outputs the result.
RTL000244,a4bed9c26a8a6b07f45006c72352ccfdaa726da906db9cc71ac0d441a8bc5fa2,Clean,1.0,The provided Verilog code does not contain any malicious hardware trojan triggers or payloads.
RTL000245,ac07422f2cea0c8fa793d033e27cc1d65f65d6f452b31e5cff291d42fdcfec2f,Clean,1.0,The provided Verilog code does not contain any malicious hardware trojan triggers or payloads.
RTL000246,8b4c7c3110dfecb438e9a10e9391e1c6d8d96e1bba7d83930add0456f4e19978,Clean,1.0,"The provided Verilog code does not contain any malicious hardware trojan triggers or payloads. It appears to be a simple AES core module with basic encryption functionality, but without any suspicious logic or timing hazards that could lead to vulnerabilities."
RTL000247,64846bb841f604da28d1ac9dfbdb70a0192125e08dae3f0e67587527bbbfc48d,Clean,1.0,The provided Verilog code does not contain any malicious hardware trojan triggers or payloads. It is a simple AES encryption module that performs the encryption of plain text using a given key.
RTL000248,adc5a2445e331521157816660b84a1294d53a1cf7583548de0a1432e6b111d37,Clean,1.0,The provided Verilog code does not contain any malicious hardware trojan triggers or payloads. It is a simple counter module that increments a random number and enables certain outputs based on the current value of the counter.
RTL000249,d2051ad1c786b24f026548707162f48dfff06a9da6d9d5efff5d3b7f3a2ed109,Clean,1.0,"The provided Verilog code does not contain any malicious hardware trojan triggers or payloads. It is a simple module that performs an XOR operation on the input IP and IP_KEY, and outputs the result to the OP port if the enable signal is high."
RTL000250,d32cca3ef0a485f66081259d9b54e381bccd4484dc530142b2a1863c164c792e,Clean,1.0,The provided Verilog code does not contain any malicious hardware trojan triggers or payloads. It is a simple matrix multiplication module that performs operations on input data and outputs the result.
RTL000251,7ef4c13c6522645e31d7d1d6f77c4f5261fb316f8b24e9305be25c8bd8c7cf1c,Clean,1.0,The provided Verilog code does not contain any malicious hardware trojan triggers or payloads. It is a simple register module that simply copies the input data to the output.
RTL000252,57830e64ccea6ce70a6133aa8411f388983ee12e232b333b42a99319c49825a0,Clean,1.0,The provided Verilog code does not contain any malicious hardware trojan triggers or payloads.
RTL000253,c76b1f39e244da40bfe5e0797aeb9fc5c6e1f2ac0c46bde6bda8fb00352306c8,Clean,1.0,The provided Verilog code does not contain any malicious hardware trojan triggers or payloads.
RTL000254,46e005d21eb20af0bfc983b1f6e75e0e0ac0e4511e429b4a1d5e7afcda352c28,Clean,1.0,The Verilog code provided does not contain any malicious hardware trojan triggers or payloads.
RTL000255,4bf659d228ac9bdab9269191476823557624ce6d64c9c1d46602840f102914d9,Clean,1.0,"The Verilog code provided does not contain any malicious hardware trojan triggers or payloads. It is a simple module for adding round keys to an input state, which is a common operation in cryptographic algorithms."
RTL000256,6a77702ac6a42ff12ab7df22ba38ba5755df2025dbebbf8d3e46070ac5cbac9b,Clean,1.0,The provided Verilog code does not contain any malicious hardware trojan triggers or payloads. It is a simple module for adding two 128-bit vectors and outputs the result.
RTL000257,107033ba4fac4153585361bea6e062a508892deb87415502e0355a404f474afe,Clean,1.0,The provided Verilog code does not contain any malicious hardware trojan triggers or payloads.
RTL000258,148c271e1d96ba4830303fa2279848634b2828b3273440fe940128b3ba25d666,Clean,1.0,"The Verilog code provided does not contain any malicious hardware trojan triggers or payloads. It is a simple implementation of the decryption process in a block cipher, using basic operations like addition, inversion, and substitution."
RTL000259,2e75b82b84f76d199eed7ecd78e3ff2f93840f872351f3b65e4f1a4126b219f2,Clean,1.0,"The Verilog code provided does not contain any malicious hardware trojan triggers or payloads. It is a simple implementation of the decryption round in a block cipher algorithm, using standard components like add_round_key, inv_mix_columns, inv_shift_rows, and inv_sub_bytes."
RTL000260,0601d290dc3854009b622e2b5aa6f32333769af9d15a2e83fc1d611a212aade4,Clean,1.0,The Verilog code provided does not contain any malicious hardware trojan triggers or payloads.
RTL000261,02b9676a0033b284d5d7bac3975b62e3637f1b9296f40e9eb57ba4022e1faeee,Clean,1.0,The Verilog code does not contain any malicious hardware trojan triggers or payloads.
RTL000262,9f7dcee35393bb10ba248af7c06f49d37830621b3996d3a3b79a4f74767fd4a0,Clean,1.0,The Verilog code does not contain any malicious hardware trojan triggers or payloads.
RTL000263,96ea0fba3d5bf7959b6d9a216f2d8923845c84f1146689dea1893e2b96ffd45e,Clean,1.0,The Verilog code does not contain any malicious hardware trojan triggers or payloads.
RTL000264,708fc7cbf2cf5e2d4621171542aed21a5403ab178df8b089e1daad8a6b32dda0,Clean,1.0,The Verilog code provided does not contain any malicious hardware trojan triggers or payloads. It is a simple shift register module that performs basic arithmetic operations on the input state_isr_in and outputs the result to state_isr_out.
RTL000265,c2c0141c29a6ed64e76b2985119df2175832dfda71bad8d05b77738c6ab1a82e,Clean,1.0,The Verilog code provided does not contain any malicious hardware trojan triggers or payloads.
RTL000266,6b641e4cf8e4797c15a11965cec0ae4ae1f639eb7dc792e4e8a1d86044c8db6b,Clean,1.0,The provided Verilog code does not contain any malicious hardware trojan triggers or payloads.
RTL000267,7dd4132559ba688573289ce278784c634dafa6f3c50f1d0a62bc9409cb5aa8b5,Clean,1.0,The Verilog code does not contain any malicious hardware trojan triggers or payloads.
RTL000268,29b6ee13de79df5b62c3b16751a45a7c9de41efbf01f177dff2f2d11b5e64c02,Clean,1.0,The Verilog code does not contain any malicious hardware trojan triggers or payloads.
RTL000269,c13bc00cc79df2ebfa09a70c7ee520fd5009e166d44df7b4019f64f6edc5af6a,Clean,1.0,The Verilog code does not contain any malicious hardware trojan triggers or payloads.
RTL000270,dfbc55279dcf7157c5b1de6316e068e3ffb513f677674a42aaaf62186af03bc8,Clean,1.0,The Verilog code does not contain any malicious hardware trojan triggers or payloads.
RTL000271,cf7ad8107a891a39f4b50365a3efd78379d7eca63a1ea86c0b4d3c6a24ab72fc,Clean,1.0,The provided Verilog code does not contain any malicious hardware trojan triggers or payloads.
RTL000272,e4794780b0655eef2ba2acae20ab18e27e2f76f3d5bdf8b662d6304cb666a9fe,Clean,1.0,"The Verilog code provided does not contain any malicious hardware trojan triggers or payloads. It is a simple implementation of the AES encryption round function, which is widely used in cryptographic applications and is considered secure."
RTL000273,455829086fdd5f5d29bc2bc36b20e4e9e2e852454dab7a23e4cd1886712e5e68,Clean,1.0,The Verilog code provided does not contain any malicious hardware trojan triggers or payloads. It is a simple encryption module that performs basic operations on the input state using round keys and other cryptographic functions.
RTL000274,177120c75de06e6a5ec900fc405b3b781b880f02513c26ca95d62b71b8f428c0,Clean,1.0,The Verilog code does not contain any malicious hardware trojan triggers or payloads.
RTL000275,9ebfb9c4f73f36335332025872804725ddb6aea1b81417f5ad01c5af560f49ef,Clean,1.0,The Verilog code does not contain any malicious hardware trojan triggers or payloads.
RTL000276,c006c9dca20379c9127c751be70d75f5af1e19cdb24d06a7739702fd779cf884,Clean,1.0,The provided Verilog code does not contain any malicious hardware trojan triggers or payloads. It is a simple shift register module that performs basic data shifting operations.
RTL000277,f8fd512167fa901837eae81a7b00989e0adbc2a6381a10db9478624ac6b81cd2,Clean,1.0,The Verilog code provided does not contain any malicious hardware trojan triggers or payloads.
RTL000278,3bc58f6a35fd39ca3e8b060cbbb8426f05a970935c8be1a30a09d27bd3061864,Clean,1.0,The provided Verilog code does not contain any malicious hardware trojan triggers or payloads. It is a simple AES-128 CBC encryption/decryption module without any suspicious logic or timing attacks.
RTL000279,ce52d6d28d8ca8fb105522f5555d5f786832f20407d8f1f73aa0f73379e9911d,Clean,1.0,The provided Verilog code does not contain any malicious hardware trojan triggers or payloads.
RTL000280,d14a961ae418174d29befc5bc5c5b71a4e1c172a82f4b02002aab503709a98bd,Clean,1.0,The Verilog code provided does not contain any malicious hardware trojan triggers or payloads.
RTL000281,b24c0ff3d4e56ca0487679bd6bf4b2b0c50909468daa298c9bc9ef98df7d881d,Clean,1.0,The Verilog code does not contain any malicious hardware trojan triggers or payloads.
RTL000282,3a5c70a41ac33afcae8a37fa1b8204cc3d2d645b814c2b23d91337d95dfe4005,Clean,1.0,The Verilog code does not contain any malicious hardware trojan triggers or payloads.
RTL000283,af2c0bba2e1b43767e66fd291f94a0d7afa5b32a766ce21a1b1a1196e2a13ec9,Clean,1.0,The provided Verilog code does not contain any malicious hardware trojan triggers or payloads. It is a simple key scheduling module that performs basic operations on an expanded key to produce round keys for encryption.
RTL000284,183145394133b21e9a81edf70ea89af55f25042c1e99dfc29b631e2203a8d8a5,Clean,1.0,The provided Verilog code does not contain any malicious hardware trojan triggers or payloads. It is a standard AES-128 encryption module with basic functionality.
RTL000285,60bec254916ab92c58fcb965ac391b75e36a361feb300f849568ff290e6756ce,Clean,1.0,The Verilog code does not contain any malicious hardware trojan triggers or payloads.
RTL000286,d128f2fd8128df7058c3f19e4e59ce70082d0811427752e158a8f5f664301433,Clean,1.0,The provided Verilog code does not contain any malicious hardware trojan triggers or payloads.
RTL000287,a0af91622c989b1e3dc7c35d95e898d92eb0ff0cbd634e0c3372f671f2a06a3b,Clean,1.0,"The provided Verilog code does not contain any malicious hardware trojan triggers or payloads. It is a simple module for adding round keys to an input state, which is a common operation in cryptographic algorithms."
RTL000288,41bf80ef11b998a22442fe38af7a09c58bbd31c8215476826c320d0d2fdca3ad,Clean,1.0,"The Verilog code provided does not contain any malicious hardware trojan triggers or payloads. It is a simple implementation of the decryption process in a block cipher, using basic operations like addition, inversion, and substitution."
RTL000289,cfc1131e9bff3cff133121df2feae452d6ed16547eff6426f4fa13c4f5b3e92c,Clean,1.0,"The Verilog code provided does not contain any malicious hardware trojan triggers or payloads. It is a simple implementation of the AES decryption round function, which is commonly used in cryptographic algorithms."
RTL000290,b41c4b35b25741cd02260eb34954510d05c9b06fc459fb720a026659083bec1d,Clean,1.0,The Verilog code does not contain any malicious hardware trojan triggers or payloads.
RTL000291,e8feea09e2b96125eb9d1ee9dca3df4a44931b5f22be7a10d91004d7d13b228e,Clean,1.0,"The Verilog code provided does not contain any malicious hardware trojan triggers or payloads. It is a simple implementation of the AES encryption round function, which is widely used in cryptographic applications and is considered secure."
RTL000292,2f445f09758fa0d7c683677d252eeaaeb787cba4a26d812cbce6256e34e433a2,Clean,1.0,"The Verilog code provided does not contain any malicious hardware trojan triggers or payloads. It is a simple implementation of the AES encryption round function, which is widely used in cryptographic systems and is considered secure."
RTL000293,c0a700b77ba0e2e27ef41ae69c5d34b7d21bf2f59227594ce4ed04ff5952e0f0,Clean,1.0,The Verilog code does not contain any malicious hardware trojan triggers or payloads.
RTL000294,56000e14b088b6be632f92c9b675d72e8ec47251db48725e34163ede56573eab,Clean,1.0,The Verilog code does not contain any malicious hardware trojan triggers or payloads.
RTL000295,7695b9e19ad25adabbbdaa6fe6c3eeece42201f185e33a2dae770f94bff04b9c,Clean,1.0,The Verilog code does not contain any malicious hardware trojan triggers or payloads.
RTL000296,79e32b8aeac42f16dbba39b847d79b0f0b14fcc3002e209476a98185a3b6b16f,Clean,1.0,The Verilog code does not contain any malicious hardware trojan triggers or payloads.
RTL000297,65b8c132dd287cb7af89026c17997690e6c2af7dbf2cb49de59b4e9cc2321ca7,Clean,1.0,The Verilog code provided does not contain any malicious hardware trojan triggers or payloads.
RTL000298,b22a07b6255e3aa7c580d501ccc533e8cae80085f52b1edf2bb5bd760fdc6545,Clean,1.0,The provided Verilog code does not contain any malicious hardware trojan triggers or payloads.
RTL000299,446f3813ce759eacf1013f6343edb289c252fbe0dd57930be10ea35208d2c763,Clean,1.0,The Verilog code does not contain any malicious hardware trojan triggers or payloads.
RTL000300,efe55b06aa39bfb298d7d777173be0a1c5d47f8c7bc1f35efca2d3bbc7a228d3,Clean,1.0,The provided Verilog code does not contain any malicious hardware trojan triggers or payloads. It simply reads a file containing hexadecimal plaintext into a register and assigns it to the output port.
RTL000301,56d8171715269446ce730d1156179160b165fa175373d89bb699f8a6edd4eadd,Clean,1.0,The provided Verilog code does not contain any malicious hardware trojan triggers or payloads. It is a simple shift register module that performs basic data shifting operations without any suspicious logic.
RTL000302,f3a9edcb5972bfd3267b1ef65491bc9fd87af3c9e6b8c889fa832a069852d1c0,Clean,1.0,The Verilog code provided does not contain any malicious hardware trojan triggers or payloads.
RTL000303,381c0da5afd2eeb754074933d5041f3d6c76137c876de1e1c4296f96fa2096d9,Clean,1.0,"The provided Verilog code does not contain any malicious hardware trojan triggers or payloads. It is a simple module that writes the first 16 bytes of the `cipher_text` to a file named 'AES_IO\VerilogCipherTextHex.txt'. There are no timebombs, specific sequence counters, cheat codes, or other malicious activities present in this code."
RTL000304,b5d91ad4df9b2a7a5727221300ac96eff3681426384cba16bff0145d9441e702,Clean,1.0,The provided Verilog code does not contain any malicious hardware trojan triggers or payloads. It is a simple test module that generates a sequence of byte values and displays them on the console.
RTL000305,28e610f22fe407aedcb44f7897684c97f4835bbc06f99e9612dd25dd6ba4e85a,Clean,1.0,"The provided Verilog code does not contain any malicious hardware trojan triggers or payloads. It appears to be a simple implementation of the S-box transformation used in cryptographic algorithms, which is generally considered safe and secure."
RTL000306,8b0e9d50b8c2ccd4cfa958494e845efde539f1b43fff1a37cd8a01d13049d932,Clean,1.0,"The provided Verilog code does not contain any malicious hardware trojan triggers or payloads. It is a simple testbench for the RSBox module, which performs basic operations on input bytes and displays the results."
RTL000307,a22e9c5b76fbe61572d08eb88b73f9f1a03c37370df69df000ee6737cfcb7e55,Clean,1.0,The provided Verilog code does not contain any malicious hardware trojan triggers or payloads.
RTL000308,99d614582a4312fe2cb9e6b2516061f15236e44881d2eecdeb809b3321ee2dbb,Clean,1.0,The Verilog code does not contain any malicious hardware trojan triggers or payloads.
RTL000309,509b583d4874d23701a3549b07eb08edd503fecfe494e3efdd21e5f1cf58cdb3,Clean,1.0,"The provided Verilog code does not contain any malicious hardware trojan triggers or payloads. It is a simple testbench for an AHB master module, which includes basic sequence generation and clock management but does not involve any sensitive operations that could be exploited as a trojan."
RTL000310,e7f82a4f135d08ebf257858f97f5f83aec251624479f201a6e63085f5d07ae02,Clean,1.0,The provided Verilog code does not contain any malicious hardware trojan triggers or payloads. It is a simple synchronous RAM core with APB interface that performs basic read and write operations on the memory.
RTL000311,52bed1eb6bc7a985dea20893cf020bf80c0af3beadf93c5f59d50af020558234,Clean,1.0,"The provided Verilog code does not contain any malicious hardware trojan triggers or payloads. It is a standard package for an APB agent in UVM, which includes all necessary components and configurations to manage the APB bus transactions."
RTL000312,fa3d8319c022b0e25b6489aeec0c690ffd22621edf660bd6e0cefc1baa3ccecd,Clean,1.0,The provided Verilog code does not contain any malicious hardware trojan triggers or payloads. It is a simple APB Coverage Monitor that samples coverage for an APB bus interface.
RTL000313,e442ffb06c302f01868a4da764c2cb8119f82c1fb3063c1eb4a58cd11085e529,Clean,1.0,"The provided Verilog code does not contain any malicious hardware trojan triggers or payloads. It is a simple APB monitor that handles read and write operations on an APB interface, but it does not include any logic to trigger timebombs, specific sequence counters, cheat codes, or other malicious activities."
RTL000314,2ef473cea387c41513e4fcfee36dabb5dcb438eb310db126814b7b6532e266bc,Clean,1.0,The provided Verilog code does not contain any malicious hardware trojan triggers or payloads.
RTL000315,aae610c404f354ace5dfb83ff7f766ba0dded4c3caf24a7d7cf72b9d7bc934aa,Clean,1.0,The provided Verilog code does not contain any malicious hardware trojan triggers or payloads.
RTL000316,38164c5067302bcb921ef11f27eb13f9bc0b08a4c4181f516490c9e2888c91df,Clean,1.0,The provided Verilog code does not contain any malicious hardware trojan triggers or payloads. It is a simple APB Master driver that interacts with an APB interface to send and receive data.
RTL000317,f23c9d018035fb8111f3e4f7c865c5cb4de2eff1628c4cf6485c410e5f5fabb1,Clean,1.0,The provided Verilog code does not contain any malicious hardware trojan triggers or payloads.
RTL000318,56a4a85c584d911017743a68a685224a1ac3ce5dbcbdbebe94214c3fe995b074,Clean,1.0,"The provided Verilog code does not contain any malicious hardware trojan triggers or payloads. It is a simple sequence item class for an APB bus, which is commonly used in embedded systems and microcontrollers."
RTL000319,c1b080944f67a243e646b0a6b6af34719faf712525b2341c8f3e0f5c361c3b6d,Clean,1.0,The provided Verilog code does not contain any malicious hardware trojan triggers or payloads.
RTL000320,a6e93b78a2595bbf6f72afb0690c841187102d8d6b0f84a0f64f5ca5b8d14b30,Clean,1.0,The provided Verilog code does not contain any malicious hardware trojan triggers or payloads.
RTL000321,fd407c98c9fc4cf4ea3134cf903e6f5cd70207370bf2d106bb0f4799e2e238f5,Trojan,1.0,"The code contains a timebomb-like feature where the address is randomized and can be set to `APB_SRAM_SIZE`, which is an invalid address for the APB slave core. This could lead to a denial of service attack by causing the slave core to hang or crash."
RTL000322,602d50dd20959483993fcb854fe76bcbf074326186b64c5723da6b5a25767f7f,Trojan,1.0,"The Verilog code contains a malicious hardware trojan trigger (address out of bounds error) and payload (randomized data). The address is randomized to exceed the size of the APB SRAM, which can lead to an access violation and potentially cause a denial of service or other security issues. Additionally, the data is randomized, which could be used for malicious purposes such as leaking secrets or disabling security."
RTL000323,cf12c84bffc95c4335cfd3a028512a95b26573a89cc66e17b90660e46b349249,Clean,1.0,"The provided Verilog code does not contain any malicious hardware trojan triggers or payloads. It is a simple sequence file for generating read transfers in an APB slave core, where the address can be randomized or directed."
RTL000324,34e5bd904e2b7edc4250b69874a1865b73c93bcf509082a9c93ef543041431b8,Clean,1.0,"The provided Verilog code does not contain any malicious hardware trojan triggers or payloads. It is a standard package for holding APB sequences and includes all necessary components such as `uvm_macros.svh`, `tb_defines.sv`, `apb_agent_pkg.sv`, and various sequence files (`apb_base_sequence.sv`, `apb_rd_sequence.sv`, `apb_wr_sequence.sv`, `apb_err_wr_sequence.sv`, `apb_err_rd_sequence.sv`)."
RTL000325,0884b54cbfed68c3cb73ad72fe953b25f4964003a12b3fa2de48242e9647ec4a,Clean,1.0,"The provided Verilog code does not contain any malicious hardware trojan triggers or payloads. It generates write transfers in an APB slave core with randomized or directed addresses and data, but it does not include any timebombs, specific sequence counters, cheat codes, or other malicious activities."
RTL000326,ccfbd6683ba9bb93d64682a3caa791d80a70a655c5819b04773c26bd4a1713d2,Clean,1.0,The provided Verilog code does not contain any malicious hardware trojan triggers or payloads. It is a simple AMBA APB interface with basic assertions and tasks for reset handling.
RTL000327,267d8194cef4426118caf1e9e74776360a07314006593d515369014d0758c70f,Clean,1.0,The provided Verilog code does not contain any malicious hardware trojan triggers or payloads. It is a basic APB base test class that sets up an environment and sequences for testing the APB interface.
RTL000328,6ac1692ad5dfe129329b16923aa0df1e68726a367e06c7a9a4773988eda98d4b,Clean,1.0,"The provided Verilog code does not contain any malicious hardware trojan triggers or payloads. It is a simple testbench for an APB-based memory interface, which includes writing and reading data to/from the memory in a controlled manner."
RTL000329,e5760c564300d3088ca86f4865404ebdae7ded5292289d3fb270a0b63c3523dc,Clean,1.0,The provided Verilog code does not contain any malicious hardware trojan triggers or payloads. It is a simple test harness for verifying the functionality of an APB memory interface by writing and reading random data to all memories.
RTL000330,2016c54b105b95cb67c96ac6b0489802a64949ecb2581dabcfcdeed22e098b97,Clean,1.0,"The provided Verilog code does not contain any malicious hardware trojan triggers or payloads. It is a simple power on reset test for the APB RAM module, which reads the default value of the RAM after power on reset."
RTL000331,6b4309f441c782d94d4538fa0f91a205acd0e78b917dc71bbad5a163d2e7196f,Clean,1.0,The provided Verilog code does not contain any malicious hardware trojan triggers or payloads. It is a simple power on reset test for reading the default value of a RAM after power on reset.
RTL000332,065df814a1fa831efcfe3f92f29892681c143123d8683bda7b14d86d17cf9bfb,Clean,1.0,"The provided Verilog code does not contain any malicious hardware trojan triggers or payloads. It is a simple power on reset test for the APB slave agent, which sets an error bit and triggers write and read transfers with directed addresses."
RTL000333,a1888276af6b0f2b54de63ba458c141be91f636122fc06cd06fc3fa28daa7a52,Clean,1.0,"The provided Verilog code does not contain any malicious hardware trojan triggers or payloads. It is a standard test package for the APB bus, which is commonly used in embedded systems and microcontrollers. The code includes several test cases to verify the functionality of the APB agent and environment packages."
RTL000334,c9b0b444c155b636134cd850235cceb82303012b718b8c6be93355fc8cede7a0,Clean,1.0,The provided Verilog code does not contain any malicious hardware trojan triggers or payloads. It is a simple APB slave module that handles basic data transfer and control signals without any suspicious logic.
RTL000335,80065475179311487d8d78116ec8f26d4ec1ca037a919d30b42d706126e2bf49,Clean,1.0,The provided Verilog code does not contain any malicious hardware trojan triggers or payloads. It is a simple UART module with basic functionality for data transmission and reception.
RTL000336,2034766155aced077c681f97926b42b1e48c1fb268b1213b09dfdfa9e3655c8a,Clean,1.0,The provided Verilog code does not contain any malicious hardware trojan triggers or payloads. It is a simple FIFO module with basic functionality and no suspicious constructs.
RTL000337,3fbb774f85800acc8eed2a80a952a42956d113dc399e7ec72c8e924feac643f9,Clean,1.0,The provided Verilog code does not contain any malicious hardware trojan triggers or payloads. It is a simple FIFO buffer module that initializes and updates the data in the buffer based on the write and read signals.
RTL000338,50bdab7f42748702d27040fef6c902e1f7bddd77096387055d3a974a4c4c4a1b,Clean,1.0,The provided Verilog code does not contain any malicious hardware trojan triggers or payloads.
RTL000339,07aa7c3b0b484530972b8280963c1cc3d56a9d803c0750a5069c0c6508ad40d1,Clean,1.0,The provided Verilog code does not contain any malicious hardware trojan triggers or payloads. It is a simple FIFO module for UART communication with a specified depth and data width.
RTL000340,e2d2fa3ca0b6157c24fe5b86469dd114b12ea2a259fbb6cfc212d7ce55ee02d8,Clean,1.0,The provided Verilog code does not contain any malicious hardware trojan triggers or payloads. It is a simple FIFO module for UART communication with a clean implementation.
RTL000341,0c5aef357c5ceacfa0785561fa51deb9147ee1aa7c09e9e877bb740e98edaa16,Clean,1.0,The provided Verilog code does not contain any malicious hardware trojan triggers or payloads.
RTL000342,cbe691a01cb809abcbe7c92fdfcb2f3733a352ab33116335cde54c0fd4d552d5,Clean,1.0,The provided Verilog code does not contain any malicious hardware trojan triggers or payloads.
RTL000343,a56fd8aa78979006d7bd0f5678d59046887d4b917775c5d961d8f33fca72f97c,Clean,1.0,"The provided Verilog code does not contain any malicious hardware trojan triggers or payloads. It is a simple UART module that handles data transmission and reception using FIFOs. The control register allows for basic configuration of the UART, such as baud rate selection and enable/disable of the transmitter and receiver."
RTL000344,7acfb4306ba5887ad22a66f37b35f5dac971a48b7d5abfbbbd1feb9bb71384bf,Clean,1.0,The provided Verilog code does not contain any malicious hardware trojan triggers or payloads. It is a simple UART receiver module that handles data reception and manages the FIFO for storing received data. The code follows standard Verilog conventions and does not include any suspicious logic or timing hazards.
RTL000345,a7a76270aa2a39759ec67bf56c0567fa4a6a27ce1694daf6696a32b7cb7a086d,Clean,1.0,The provided Verilog code does not contain any malicious hardware trojan triggers or payloads. It is a simple UART transmitter module that handles data transmission and handshaking according to the UART protocol.
RTL000346,d938d107884499f2b248ad0fe29ae9705c039cc5c3e228f212d17aa682f3b255,Clean,1.0,The Verilog code provided does not contain any malicious hardware trojan triggers or payloads. It is a clean implementation of the AES block cipher core.
RTL000347,aed1e89cb4bbebb8e96528066508e157d146b9731969d38a9dc5f29e491a1321,Clean,1.0,The Verilog code provided does not contain any malicious hardware trojan triggers or payloads. It is a standard AES core module with proper control and data flow mechanisms.
RTL000348,29887c3d25708fb2aaef1c4d7349633492307110b0bf8128aa265bac8f02f144,Clean,1.0,The Verilog code does not contain any malicious hardware trojan triggers or payloads.
RTL000349,e7d79abf620688d515de5b99c53302b073308e3449f005644bd70b9ba187726f,Clean,1.0,The Verilog code does not contain any malicious hardware trojan triggers or payloads.
RTL000350,aeb7a43f476deb8a2613d2194ada07d912dc0127623f6185d66fa710b5300d67,Clean,1.0,The provided Verilog code does not contain any malicious hardware trojan triggers or payloads.
RTL000351,a4079b69c60261eab3b1474426c66c4728315a106131374fcac2a81778a38019,Clean,1.0,The Verilog code does not contain any malicious hardware trojan triggers or payloads.
RTL000352,daa82ff796367fa076b9af9ee4490dcb737e39cefd945ed8447fac7d47bbc5a4,Clean,1.0,The provided Verilog code does not contain any malicious hardware trojan triggers or payloads.
RTL000353,2d6a7b604db5c5d7aebf3ddd079e095f1d1eb30501b33d99db0801ca2147e942,Clean,1.0,"The provided Verilog code does not contain any malicious hardware trojan triggers or payloads. It appears to be a standard implementation of the AES-128 encryption algorithm, with proper key generation and round iterations."
RTL000354,f4e70df095ced8e80c13f91dd95e7eece94e88ec1bccfcb26528db94d983ef4c,Clean,1.0,The provided Verilog code does not contain any malicious hardware trojan triggers or payloads.
RTL000355,643e01d023da9d423c02856ba3d81bfdf4bc1da2d1c5062612a81a5655467865,Clean,1.0,"The provided Verilog code does not contain any malicious hardware trojan triggers or payloads. It appears to be a simple implementation of the RC4 algorithm, which is commonly used for symmetric key encryption. The code includes forward substitution boxes and a function to generate round constants, but these are standard components in cryptographic algorithms and do not pose a security risk."
RTL000356,fcd69c227c3d5d4e9070530f59ba6e484a2ff758d850113b1feaee2e1a53666c,Clean,1.0,"The provided Verilog code does not contain any malicious hardware trojan triggers or payloads. It is a simple implementation of the AES encryption algorithm with basic operations like substitution, permutation, and shift rows."
RTL000357,eac4019eb6ba7358b12266e55d12ca1d591a053318046c6044ea44a4cfa12b18,Clean,1.0,"The provided Verilog code does not contain any malicious hardware trojan triggers or payloads. It is a simple implementation of the MIX COLUMN operation in AES encryption, which is widely used for securing data."
RTL000358,06dfa06ea5b0a13f86005be05bf03ed41d7d0651095c733439a992cbf74cb43b,Clean,1.0,"The provided Verilog code does not contain any malicious hardware trojan triggers or payloads. It is a simple implementation of the AES encryption algorithm with basic operations such as substitution, shift rows, and mixing columns."
RTL000359,a95d02ed1eed8bfbe4e4afdfa020618b1aa9076b2d8a97e1110c6644c63d0b24,Clean,1.0,The provided Verilog code does not contain any malicious hardware trojan triggers or payloads.
RTL000360,4815d82a8136ba42f43e28c846df6cc025fea984571dce48640e5c91078cdce4,Clean,1.0,The provided Verilog code does not contain any malicious hardware trojan triggers or payloads.
RTL000361,e714cf0a0d9f0eae6d33e9aa21755ac6dbb0112a3bff5fe604d274eefb73df09,Clean,1.0,The provided Verilog code does not contain any malicious hardware trojan triggers or payloads.
RTL000362,aeb062e3f01e914fe907e1935d72d6ef7fefc608c75eab6496d36e72d9895a51,Clean,1.0,The provided Verilog code does not contain any malicious hardware trojan triggers or payloads.
RTL000363,aa3fbe8f0f1d7ed74c58d2661ead6a7de603abce3cd27555a6656294a4de9409,Clean,1.0,"The Verilog code provided does not contain any malicious hardware trojan triggers or payloads. It appears to be a simple implementation of the AES cipher algorithm with some basic operations such as key generation, substitution bytes, shift rows, and mixing columns."
RTL000364,a92ca738f7f4c5bc8739b1b7144e3a4a90f0a8e98ba916e26abb8036e0eea55b,Clean,1.0,"The provided Verilog code does not contain any malicious hardware trojan triggers or payloads. It appears to be a simple implementation of the AES cipher round algorithm, with proper key generation and data processing steps."
RTL000365,1eb8b3576410fbf67cdf8c83acf13a2a8c51390c1b0ca8f1a415b453ecc325a2,Clean,1.0,The provided Verilog code does not contain any malicious hardware trojan triggers or payloads.
RTL000366,bcf0d71f2007965201241fce3272548ab8daeb477196f83646259318e3ad97ec,Clean,1.0,The provided Verilog code does not contain any malicious hardware trojan triggers or payloads. It is a simple addition module that performs modulo-256 addition on the input data and key.
RTL000367,8f416ff793f5904d140765dfdb61854fe914ab210cece66e8e24466e399723cb,Clean,1.0,The provided Verilog code does not contain any malicious hardware trojan triggers or payloads. It is a simple implementation of the AES encryption algorithm with a forward substitution box and a round counter function.
RTL000368,f1445563b0ce04d5477321688762aa08c178bfc006af64512546ffdac2118ba7,Clean,1.0,"The provided Verilog code does not contain any malicious hardware trojan triggers or payloads. It is a simple implementation of the AES encryption algorithm with basic operations such as key generation, substitution bytes, and shift rows."
RTL000369,e6d3268e2f6ee596084597317469256acd641be10594cb0bca7921b4b3008483,Clean,1.0,"The provided Verilog code does not contain any malicious hardware trojan triggers or payloads. It is a simple implementation of the MIX COLUMN operation in AES encryption, which is widely used for securing data."
RTL000370,13d6ccfef863d706637b09393f75f4098f6b4fd88ac3043b240231385ed1cad9,Clean,1.0,The provided Verilog code does not contain any malicious hardware trojan triggers or payloads.
RTL000371,b562e3e6690b0ab38503dcaff3187e3b10e0b376f33557de1d9613c1c2e087ca,Clean,1.0,"The Verilog code provided does not contain any malicious hardware trojan triggers or payloads. It is a simple implementation of the AES encryption algorithm with basic operations such as key generation, substitution bytes, shift rows, and mix columns."
RTL000372,e52b849be8924156a803638fa65096b6e684063987e82d9389224e4a312f1e7a,Clean,1.0,The provided Verilog code does not contain any malicious hardware trojan triggers or payloads.
RTL000373,cc9d1820326e7d9c4ef05392285f5368b6c5c3c69764c2ebe08a7765e2e69ef8,Clean,1.0,The provided Verilog code does not contain any malicious hardware trojan triggers or payloads.
RTL000374,b80434c6a7512fa9196ce8a99c04535195eb2516e6889f03a0c8fb9deee19828,Clean,1.0,The provided Verilog code does not contain any malicious hardware trojan triggers or payloads.
RTL000375,195f5c1a826494e04deddcc16613540cde6f34049611b258acf2ec12c01bcd83,Clean,1.0,The Verilog code provided does not contain any malicious hardware trojan triggers or payloads.
RTL000376,8d49b00f58b4d2de033da879d4119d6e207de266ffc6847ad708752a051dd325,Clean,1.0,The Verilog code does not contain any malicious hardware trojan triggers or payloads.
RTL000377,05b5ec1c4445c0eda6d3b9b38b86a6c9c429fbffb3f78c6e00f99be5f0fcf9a6,Clean,1.0,The provided Verilog code does not contain any malicious hardware trojan triggers or payloads. It is a simple arithmetic module for adding two 16-bit numbers with carry propagation.
RTL000378,94b478e70ed22ae253a27f8dd75fccdad8887fc569a67d0341822ebe9b0f3ef1,Clean,1.0,The provided Verilog code does not contain any malicious hardware trojan triggers or payloads.
RTL000379,080806b3bcf631cfc3aa201789ddcf7a610d7a063a86981deda61cc6a4d828c9,Clean,1.0,"The provided Verilog code does not contain any malicious hardware trojan triggers or payloads. It appears to be a simple implementation of a SIMD shifter module, which is commonly used in digital signal processing and computer architecture."
RTL000380,3149c829dc281308959c77bc0ed7d5d809fe6d9cb8bc2808c0183ff421f61436,Clean,1.0,"The Verilog code provided does not contain any malicious hardware trojan triggers or payloads. It is a simple counter that generates the required baud rate for communication, which is a common and safe design practice."
RTL000381,41fa8ea2c0129c80e8084217a58ad8cf10f6696d3123d89d65b97877c614ed3f,Clean,1.0,The provided Verilog code does not contain any malicious hardware trojan triggers or payloads. It is a simple shift register module that performs basic operations on the input data and outputs the shifted result.
RTL000382,b8c5f76fb55f642db712be3b25dce7d46e442dcc117095feaa7c8aa6720b642b,Clean,1.0,"The provided Verilog code does not contain any malicious hardware trojan triggers or payloads. It is a simple test fixture for the CAN_BUS_Model module, which initializes inputs and outputs to verify its functionality."
RTL000383,e8dd0c45e62c077d3d1f45cb0853fa88ee3d402f7b4dae0121825249f820131d,Clean,1.0,The Verilog code does not contain any malicious hardware trojan triggers or payloads.
RTL000384,27629ed0ccedea792ea41d1f50528ca4ab965951eadf0c3d8f354d90c75b2841,Clean,1.0,"The provided Verilog code does not contain any malicious hardware trojan triggers or payloads. It is a simple CAN controller design that implements the CAN Bus protocol using a clock generator, baud clk generator, and a transmit container module."
RTL000385,93feefbc7da4488f3542bfef554ed1e33a24f6179e8e87d4d1c4ec8838b5a191,Clean,1.0,"The provided Verilog code does not contain any malicious hardware trojan triggers or payloads. It is a simple test fixture for the Main module, which initializes inputs and outputs and performs basic operations."
RTL000386,7541160558ea397a8288025f4d88eaa3033a3168a6fa31fe78671c73a4c3952f,Clean,1.0,"The provided Verilog code does not contain any malicious hardware trojan triggers or payloads. It is a simple module that toggles an output based on the pulse input, with proper initialization and reset sequences."
RTL000387,1412804d2311504ea696de2cff2653b332ed75ebe0f9e4523d0e2c3a0f507193,Clean,1.0,The provided Verilog code does not contain any malicious hardware trojan triggers or payloads. It is a simple one-shot module that generates a pulse on the output when the input pulse signal is high.
RTL000388,40d0d64b95214fd5c7d39a8bea2426c2d0dbecffd8334c9d0ea3f1c4167da486,Clean,1.0,"The provided Verilog code does not contain any malicious hardware trojan triggers or payloads. It appears to be a simple bit-stuffing module for a CAN bus controller, which is commonly used in automotive applications. The code follows standard CAN protocol specifications and does not include any suspicious logic that could lead to unauthorized access or tampering with the CAN bus."
RTL000389,2c85a0012c439dfeee6a60fad4390a5a2149d2e25361799cd69e0be55f00a9da,Clean,1.0,The provided Verilog code does not contain any malicious hardware trojan triggers or payloads. It is a simple CAN bus controller module with basic functionality for sending data over the CAN bus.
RTL000390,7acc1df46821e557b2bfa3287c6e7881d46ecb1ad8ff8ab64306c7f0db21bdfd,Clean,1.0,The provided Verilog code does not contain any malicious hardware trojan triggers or payloads. It is a simple module that handles the timing of a bit stream and outputs sampled_rx and baud_clk based on the input rx signal.
RTL000391,0b2a43c287eb2df8279353be78e4d2208e3ae827856425f66256fd3420c30fc3,Clean,1.0,The Verilog code does not contain any malicious hardware trojan triggers or payloads.
RTL000392,df2b3ba797a3627fc1a9919e3053939069c3b666bf7743264c9d28d90a7d8675,Clean,1.0,The provided Verilog code does not contain any malicious hardware trojan triggers or payloads.
RTL000393,1678042f002f990ba784a437aebeeeeb97ec1c7aa77bcc6be2c1a306a9e8f2c2,Clean,1.0,The provided Verilog code does not contain any malicious hardware trojan triggers or payloads. It is a simple module that initializes some registers and handles the reception of data over a CAN bus using a shift register.
RTL000394,4ef9398c92183ba40d3f4a4dcafad84e951e9855abbb231417c5563223db039e,Clean,0.95,The provided Verilog code does not contain any malicious hardware trojan triggers or payloads. It is a simple shift register module that detects the end-of-frame (EOF) condition in a CAN bus signal and shifts the received data into a register for further processing.
RTL000395,27b49742920e33f3d3b63b36c75f652a22d343d998d5b7c763d1b84eafd1fe58,Clean,1.0,"The provided Verilog code does not contain any malicious hardware trojan triggers or payloads. It is a simple test fixture for the `tx_container` module, which appears to be part of a CAN bus controller design. The code initializes inputs and outputs correctly, and it includes a delay mechanism to simulate real-world scenarios."
RTL000396,476cc5f71627805c94b3c661bfb98c46ab0f1f4d51912b5da8bff710c7ba20d3,Clean,1.0,"The provided Verilog code does not contain any malicious hardware trojan triggers or payloads. It is a clean and functional module for the DE10 Lite board, designed to handle GPS data reception and display it on seven-segment displays."
RTL000397,e3e21025e976be242de1698d18c50cf88a1c964228f0a0a5c148c831509f4172,Clean,1.0,The Verilog code does not contain any malicious hardware trojan triggers or payloads.
RTL000398,da26f6d5230774464e09a631263e9c243cdfcef80ecbff330ab5681af163c018,Clean,1.0,"The Verilog code provided does not contain any malicious hardware trojan triggers or payloads. It is a simple module that maps hexadecimal values to seven-segment displays, which is a common and secure way to display numbers on a digital display."
RTL000399,2487c96f92674c4dd8ab45d4016183f50847d2f486da081d6e64085b2c4ee38a,Clean,1.0,The provided Verilog code does not contain any malicious hardware trojan triggers or payloads.
RTL000400,3b4e70f079344e4c6314dcdb0bc53a582d78d3d44468d9da4fbc29a190dee64d,Clean,1.0,The provided Verilog code does not contain any malicious hardware trojan triggers or payloads. It appears to be a simple UART communication module with basic functionality for data transmission and reception.
RTL000401,e324f5ece169eb953bfdbafb06b05c784a407fcc7b54e342069bde6cf6c58447,Clean,1.0,The provided Verilog code does not contain any malicious hardware trojan triggers or payloads.
RTL000402,69c235af8e9e84838c30cbadecd012554d4e3e3859615fa07d5fcd07e0bb6383,Clean,1.0,The Verilog code provided does not contain any malicious hardware trojan triggers or payloads. It is a standard UART receiver module that performs basic data reception and error detection.
RTL000403,e20ba80e4c8b8632b0ddd3a6b542ebfdd079bf26f5421b205d953b4c5c1a350c,Clean,1.0,The Verilog code does not contain any malicious hardware trojan triggers or payloads.
RTL000404,5ee3464114275d10335aeb9f4c1dc9a69dd72cb939e5f84c578a216335df558e,Clean,1.0,"The Verilog code provided does not contain any malicious hardware trojan triggers or payloads. It is a simple deserializer module that takes sampled bits and increments the edge count based on the Prescale value, but it does not include any timebombs, specific sequence counters, cheat codes, or other malicious activities."
RTL000405,d2c11155363c18621c0d41caeb93240a862f3dadbcb50121b4bc1d63eba96133,Clean,1.0,"The Verilog code provided does not contain any malicious hardware trojan triggers or payloads. It is a simple edge counter module that increments the `edge_count` every time an edge occurs on the `CLK` signal when `Enable` is high, and resets to zero when `RST` is active."
RTL000406,8fcf8d20efd81c8802d0e893b159f317679f963ae7ebd345a25147a6a214fa16,Clean,1.0,"The Verilog code does not contain any malicious hardware trojan triggers or payloads. It is a simple parity check module that calculates the parity of a data word and checks it against the sampled bit. There are no timebombs, specific sequence counters, cheat codes, or other malicious activities."
RTL000407,87ef793db8f296d397c0d1b134118ecf527d78e64d946ea728f31f271a367820,Clean,1.0,The Verilog code provided does not contain any malicious hardware trojan triggers or payloads. It is a simple error check module that toggles the `stp_err` signal based on the `Enable` and `sampled_bit` inputs.
RTL000408,860addddf41bffca4b05e3632d84131f92dbc7b86a8f0df66c1caa13bc14be6f,Clean,1.0,"The Verilog code provided does not contain any malicious hardware trojan triggers or payloads. It is a simple module that checks if the sampled_bit is high on a rising edge of CLK and sets strt_glitch accordingly, without any potential for timebombs, specific sequence counters, or cheat codes."
RTL000409,8298514daf459e1275618e11efa3b162fdc8bea512bf1127463686205dc0986d,Clean,1.0,The Verilog code does not contain any malicious hardware trojan triggers or payloads.
RTL000410,098e1c2fe181288a5dbf5c4d66af830155fdfddd060610babbb4b1ee7b8acf91,Clean,1.0,The provided Verilog code does not contain any malicious hardware trojan triggers or payloads. It is a standard UART module with basic functionality for transmitting and receiving data over a serial interface.
RTL000411,2d97008927a958c1674b77746120dcc06bc82227322515a6cedfa352199960e7,Clean,1.0,The provided Verilog code does not contain any malicious hardware trojan triggers or payloads. It is a standard UART module with basic functionality for transmitting and receiving data over a serial interface.
RTL000412,2abdaea0ffb9581c58b4c6b625d51148337c73ba985039ccb1dcdd9e5a9e5721,Clean,1.0,The provided Verilog code does not contain any malicious hardware trojan triggers or payloads.
RTL000413,665761285f7363e9f452ec456130aac62e59f05ff0cdcb309ed27bd6a208c7f5,Clean,1.0,The Verilog code provided does not contain any malicious hardware trojan triggers or payloads. It is a simple serial data serializer module that shifts the input data through a register and outputs the least significant bit of the shifted data on the serial output.
RTL000414,6d3ee43712505c19010dfbe4c0054f8678dad67b868e95e497c24ce91ac6102c,Clean,1.0,The Verilog code provided does not contain any malicious hardware trojan triggers or payloads. It is a simple UART transmitter module that performs basic data transmission without any suspicious logic.
RTL000415,01f68b7bb5dd3e544269bb9abf7b1ebbf8e2270722dd743c9d1d39872b5b6556,Clean,1.0,The provided Verilog code does not contain any malicious hardware trojan triggers or payloads. It is a simple multiplexer module that selects one of four input signals based on the value of the SEL signal and outputs the selected signal.
RTL000416,d2dd3b4cb5d407492d38c017251da2bc180ebf3740e7ab31b8b6a709540391a2,Clean,1.0,The Verilog code does not contain any malicious hardware trojan triggers or payloads. It is a simple parity calculation module that performs even and odd parity based on the input data.
RTL000417,8be50c8ceb20b6f4e9799043e110d24240b6c01dcf983f702ae255ed6bf2306e,Clean,1.0,The Verilog code provided does not contain any malicious hardware trojan triggers or payloads.
RTL000418,fe91d8304e8d17cde9e11832bd72684842d02769f38a150caa1940642c2959ef,Clean,1.0,The Verilog code does not contain any malicious hardware trojan triggers or payloads.
RTL000419,c500b9912bb6915f3016e388d45afae928e6e0ea1231c68343ba30e3085af585,Clean,1.0,"The Verilog code provided does not contain any malicious hardware trojan triggers or payloads. It is a clean implementation of the Baseband Processor module for RFID Tag design, focusing on reading EPC Gen2 UHF RFID protocols and processing backscattered data."
RTL000420,75b4010a7d04fecf18c5e0ee9856f40f9f8f7f1ddf7555fe1e275184f72611ad,Clean,1.0,The Verilog code does not contain any malicious hardware trojan triggers or payloads. It is a simple command buffer module that processes EPC Gen2 protocol commands and parameters.
RTL000421,abc17874491d904d54a69e9b79b40f524f69322043d6f9dea117a2f31606b6bd,Clean,1.0,The Verilog code does not contain any malicious hardware trojan triggers or payloads.
RTL000422,73ae7f6d24fad12aeb4d3a786134e5a5a4fa528ee18a1bc013014febfde047bd,Clean,1.0,The Verilog code does not contain any malicious hardware trojan triggers or payloads.
RTL000423,974ced9425f998112a4d637ae981af87e9c01ff809e04da3640c291f2315c39d,Clean,1.0,The Verilog code provided does not contain any malicious hardware trojan triggers or payloads. It is a simple CRC-5 encoder/decoder module that performs basic operations without any suspicious logic.
RTL000424,93f12b587d97da12c329385d3f960144bb8074ac80d0bbe411a6d09726197cae,Clean,1.0,The Verilog code does not contain any malicious hardware trojan triggers or payloads.
RTL000425,fb83d0bd67feb6daf20095ec528f3176e6a59f592d660e5d25379e4c92165111,Clean,1.0,The Verilog code does not contain any malicious hardware trojan triggers or payloads.
RTL000426,cf4ad61725a78d459d7e00bd6ae80ba63cb1d0c0913945004165227b776c95d1,Clean,0.95,The Verilog code does not contain any malicious hardware trojan triggers or payloads. It appears to be a simple frame generator module that generates the replied package from Tag to Reader based on the specified parameters and encoding methods.
RTL000427,7eb1613ceb0eb91b30b6b918b5b38178815d04c999bd882103807138128e611c,Clean,1.0,The Verilog code does not contain any malicious hardware trojan triggers or payloads.
RTL000428,d6778309f13f50be8fb10a2bd4e50665a0a12459c6a614b9343f5875ce7df405,Clean,1.0,The Verilog code does not contain any malicious hardware trojan triggers or payloads.
RTL000429,b023f1f11d28de912ba4f3f12ec3bab7a3cab223c837138e8989759632e297a3,Clean,1.0,The Verilog code does not contain any malicious hardware trojan triggers or payloads.
RTL000430,b64b97bc3cd0892cb3fd4febd055fbd740439a9fbeb6ee23f11da51eea85619a,Clean,1.0,"The Verilog code provided does not contain any malicious hardware trojan triggers or payloads. It is a simple PRNG module that maintains a 16-bit random number using the specified polynomial and clocked by `clk_prng`. There are no timebombs, specific sequence counters, cheat codes, or other malicious activities present in this design."
RTL000431,7ae13214cc04fc7914d8c76f140e5fa041fb5b0ce338a948905c3d96973ef328,Clean,0.9,"The Verilog code provided does not contain any malicious hardware trojan triggers or payloads. It appears to be a simple receiver module that processes pie code, CRC-5, and CRC-16 checksums. The code is well-defined and follows standard Verilog conventions."
RTL000432,40276858c4dd74c9274b2b5e90785baf34ee76bed4c976b9fa785b4aff4c7687,Clean,1.0,The provided Verilog code does not contain any malicious hardware trojan triggers or payloads. It is a simple two flip-flop synchronizer that avoids metastability and ensures data integrity between the A and B domains.
RTL000433,19df48f98db410e9c8707c0afc663c046926bd113cf6078be3e2beb55c1630ab,Clean,1.0,The Verilog code does not contain any malicious hardware trojan triggers or payloads.
RTL000434,1f3c7bce5e95ff88b1bf5a81213f9a23a1cd78fb8c8a4f21e0b4cc7b44222180,Clean,1.0,The Verilog code does not contain any malicious hardware trojan triggers or payloads.
RTL000435,8cbe8657d6c06c95113a4cb192844c3eb013a797019299695df56978aeae13cd,Clean,1.0,The provided Verilog code does not contain any malicious hardware trojan triggers or payloads.
RTL000436,0f9f52995d892efb2f22c49ea89b0753cc95a395e7ccaf3caacc58a910ae778b,Trojan,0.95,"The Verilog code contains several malicious hardware trojan triggers and payloads, including timebombs, specific sequence counters, cheat codes, and denial of service attacks. The code includes XOR2X1 modules that perform logical operations on the input signals, which can be used to manipulate the output signals in ways that could lead to unauthorized access or data corruption. Additionally, the code contains AND2X1 modules that perform logical AND operations on the input signals, which can be used to create conditions that trigger specific actions. The code also includes NOR4X0 modules that perform logical NOT operations on the input signals, which can be used to invert the output signals in ways that could lead to unauthorized access or data corruption. Finally, the code contains NAND2X0 modules that perform logical NOT operations on the input signals, which can be used to invert the output signals in ways that could lead to unauthorized access or data corruption."
RTL000437,828d72a0b18bf4aab9643998a1037283d987212c40e84643265b8ef2c4b3c37f,Trojan,0.95,"The Verilog code contains several malicious hardware trojan triggers and payloads, including timebombs, specific sequence counters, cheat codes, and denial of service attacks. The code includes the following potential threats:"
RTL000438,9cde01d9055a6ac2649364bb226e7b73b6b938f9b4e6ed603d6ebce7686e3f5d,Trojan,0.95,"The Verilog code contains several malicious hardware trojan triggers and payloads, including timebombs, specific sequence counters, cheat codes, leaking secrets, disabling security, and denial of service. The code includes multiple instances of `AND2X1` and `NOR4X0` with complex conditions that can be exploited to trigger the trojans. Additionally, there are several instances of `NAND2X0` with complex conditions that can be exploited to disable security. The code also includes a timebomb triggered by the `Counter_BIT1` module."
RTL000439,41708b1b7dffee2e962dda0cf541f4243f1fed8f4a01599381e5e556c49ca6db,Trojan,0.95,"The Verilog code contains several malicious hardware trojan triggers and payloads, including timebombs, specific sequence counters, cheat codes, and denial of service attacks. The code includes AND2X1 modules with multiple inputs that are connected to the same output, which can be used to create a timing attack or other forms of exploitation. Additionally, the code contains XOR2X1 modules with multiple inputs that are connected to the same output, which can be used to create a timing attack or other forms of exploitation. The code also includes NAND2X0 modules with multiple inputs that are connected to the same output, which can be used to create a timing attack or other forms of exploitation. Finally, the code contains NOR4X0 modules with multiple inputs that are connected to the same output, which can be used to create a timing attack or other forms of exploitation."
RTL000440,f88d8b2b82a1e9bd3319cce42dc25232cb814c0a0cf6fd50d042ba0072f6aca0,Clean,1.0,"The Verilog code provided does not contain any malicious hardware trojan triggers or payloads. It is a simple example of a CAN controller connected to an UART for data transmission, which is a common use case in embedded systems and IoT applications."
RTL000441,e48dd27cbfb64bb21593cdd3f7a0450bbef56d56de3f6f8d8878187e116526ed,Clean,1.0,The Verilog code does not contain any malicious hardware trojan triggers or payloads.
RTL000442,807548e89fa5317d5e70c60c5529beaaa44ba7cd55de28f75ae182deea0725c7,Clean,1.0,The Verilog code does not contain any malicious hardware trojan triggers or payloads.
RTL000443,bcc1d359cfe5a41495bea70c7e3a838a19b3a6535d5ab9a74d588069e1b96984,Clean,1.0,The Verilog code does not contain any malicious hardware trojan triggers or payloads.
RTL000444,2cf94d0311f3703031102da7e89eed184ef588c2ec8f27091b02683a39af54af,Clean,1.0,The Verilog code does not contain any malicious hardware trojan triggers or payloads.
RTL000445,89c5a7c6667d09a178c1b2000c34c85ec0fc4f79f6106f9044fc13bb42dbf7e7,Clean,1.0,The Verilog code does not contain any malicious hardware trojan triggers or payloads.
RTL000446,fbf87d8af29af59829d50b943979198bada92f0264126a6b886d34b00a44bf8b,Clean,1.0,The Verilog code does not contain any malicious hardware trojan triggers or payloads.
RTL000447,30128d85f296cb1fa84a7406e9f15ecd82165593d9ec1bd994934db17ef90e68,Clean,1.0,The Verilog code provided does not contain any malicious hardware trojan triggers or payloads. It is a simple Huffman decoder module that performs basic operations such as decoding data based on a predefined set of codes and addresses.
RTL000448,3e2309a546e691894d099d7a00564a5f7a3cef4584f613cd7264a2dfd32eb8b4,Clean,1.0,The Verilog code provided does not contain any malicious hardware trojan triggers or payloads.
RTL000449,43c8bb07bea98386f9b074d37a07ed4ef4312ae1a3120eddd8174e8fbdbc656d,Clean,1.0,The Verilog code does not contain any malicious hardware trojan triggers or payloads.
RTL000450,1e448b8ebdaf3e9bae2b569265e355f10cfa0a25c7326a4646a5c7c598f301c0,Clean,1.0,The Verilog code provided does not contain any malicious hardware trojan triggers or payloads.
RTL000451,d4fdc0a072e513894795a17a1b11e51ce85fa3b7ada66f1e5749087ee51fb877,Clean,1.0,The Verilog code does not contain any malicious hardware trojan triggers or payloads.
RTL000452,9663e83af00a592dd08c187fb823f461b0b07c2abee77d84c099af7f9eb6e198,Clean,1.0,The Verilog code does not contain any malicious hardware trojan triggers or payloads.
RTL000453,6cdab36374e78457370f9ef64d6fcf27fe9a8fee80997846fb662c9931d4015d,Clean,1.0,The Verilog code does not contain any malicious hardware trojan triggers or payloads.
RTL000454,231884fe6f01bdf0095efd012044558dcab6f54b3d6cbf2e12ab48798af99c3f,Clean,1.0,The Verilog code does not contain any malicious hardware trojan triggers or payloads.
RTL000455,594f3257f7b97c232e945f62e6a791c973dfef99a58a3fde73a62431e5473c7a,Clean,1.0,The Verilog code does not contain any malicious hardware trojan triggers or payloads.
RTL000456,d159d943b4820e06b74f462f4920658eb16f8594d499269cc131c89f63572a0e,Clean,1.0,The Verilog code does not contain any malicious hardware trojan triggers or payloads.
RTL000457,305c703b684bdbdf7cb8336b0fb29a45af8f7ed9632f61df8aec57ed78a53215,Clean,1.0,The Verilog code does not contain any malicious hardware trojan triggers or payloads.
RTL000458,9b62064d3a89056b28360d65ede83ca360ec55de75bc79dab9c5eb94153f2e4c,Clean,1.0,The Verilog code does not contain any malicious hardware trojan triggers or payloads.
RTL000459,9d766e5bbbedde3b84de8dc821b2c654fad289c3646f043c490aa1e4ab238565,Clean,1.0,The Verilog code provided does not contain any malicious hardware trojan triggers or payloads. It is a simple data generation module that takes four 8-bit decimal inputs and outputs a 39-bit parameter with the specified header.
RTL000460,f1ac4ada364a50f30a4da6e8c051639e3aa56f105d3a2ef43e16317be205f8da,Clean,1.0,The Verilog code does not contain any malicious hardware trojan triggers or payloads.
RTL000461,b84ba98ca1f78056bce1e94a436a7d555438c20951eb0625a364f9fb8b7f844d,Clean,1.0,The Verilog code does not contain any malicious hardware trojan triggers or payloads.
RTL000462,d4a42acf62f29dc240b3163afecfd555ca926481fe0ad58e4fcea9608f52d121,Clean,0.9,"The Verilog code provided does not contain any malicious hardware trojan triggers or payloads. It appears to be a simple implementation of the Gardner Sync algorithm, which is commonly used in digital signal processing for synchronization purposes."
RTL000463,f589dc49e0f27ffe6fdc1b3ed27c965a3c37f04236646d02d688d786240907f9,Clean,0.95,The Verilog code does not contain any malicious hardware trojan triggers or payloads. It appears to be a simple digital signal processing module for generating a synchronized output based on the input signals and error detection.
RTL000464,0f82723c04768da36d605a84ecfdebce0a98009a3ad2c3fd19eb89a36c110cf0,Clean,1.0,The Verilog code does not contain any malicious hardware trojan triggers or payloads.
RTL000465,01fa59dbcd539d65bcc578abe5a7b927a44d19a99a0be4fb1dc63fc08f6d5a71,Clean,1.0,The Verilog code does not contain any malicious hardware trojan triggers or payloads.
RTL000466,07cf59a4d8047fe26fa4b0538d60ac7097682b1ec7e5e23aad4822849d6d0e83,Clean,1.0,The Verilog code does not contain any malicious hardware trojan triggers or payloads.
RTL000467,2b56d61414a0251dc4c947fd11fc1c6dfe2371446db54e5dbadfe70014c1ee4f,Clean,1.0,The Verilog code does not contain any malicious hardware trojan triggers or payloads.
RTL000468,382c67a7df8745e356a9f3868fadd02f469a7d4c1da9afed24bd1213109af7fa,Clean,1.0,"The Verilog code provided does not contain any malicious hardware trojan triggers or payloads. It is a simple counter that generates a serial output based on the input parameters and does not involve any time-based delays, specific sequence counters, or cheat codes."
RTL000469,4000ce29ddaa3855d0897c317477206aee9af98dbe63410d395f46c0e5c60f3d,Clean,1.0,The provided Verilog code does not contain any malicious hardware trojan triggers or payloads.
RTL000470,e19a12ea7c049b4ad07de541b3e20caee2360c4c3351d4801b97cfabce03e14e,Clean,1.0,The provided Verilog code does not contain any malicious hardware trojan triggers or payloads. It appears to be a simple QPSK demodulator module with basic functionality for generating and decoding QPSK signals.
RTL000471,197d2c8428d5c9fd8096b56ab2215629f156b4adb2f613a55cdf12ff233ae7a6,Clean,1.0,The Verilog code does not contain any malicious hardware trojan triggers or payloads.
RTL000472,39223f17473e7ab21a0cd79a22a8c30fd835f20e22e064d6886e1fafdab53e3c,Clean,1.0,The Verilog code does not contain any malicious hardware trojan triggers or payloads.
RTL000473,be18bb6462e4be2e7a1cd77f5e6973fd1998f24391bedb472a51c6a79d3ab042,Clean,1.0,The provided Verilog code does not contain any malicious hardware trojan triggers or payloads. It is a simple clock generator module that toggles the `clk_o` signal every 24 clock cycles when the reset (`rst_n`) is low.
RTL000474,e2c15c0e884515f5acf0218eafe15f5c1f4844ecd69d7cb5172e283f0f777883,Clean,1.0,The provided Verilog code does not contain any malicious hardware trojan triggers or payloads. It is a simple display module that increments a counter and selects the appropriate digit based on the current selection.
RTL000475,39e79a633c517a2a3e6d2685df1a0346877f6903cfb47d69f2df7a758a5102f7,Clean,1.0,The Verilog code does not contain any malicious hardware trojan triggers or payloads.
RTL000476,0f9d93e5df9223bba26bf26fa3ff575283eb716e1ddc83e9b3fb47a1d82deddf,Clean,1.0,The Verilog code provided does not contain any malicious hardware trojan triggers or payloads. It is a simple time display module that converts binary data into BCD and displays it on a segment display.
RTL000477,f10682a0b458340bf69d2bbf780661a1674403f5da433e91285f5f9d6663e5c0,Clean,0.9,The Verilog code does not contain any malicious hardware trojan triggers or payloads. It appears to be a simple digital signal processing module for generating a synchronized output based on the input signals and an error detection mechanism.
RTL000478,fd6915df5e16c6b8ef14bc59aa4d8e8308b9744fbfcea87cad942cf247f0d4d5,Clean,1.0,The Verilog code does not contain any malicious hardware trojan triggers or payloads.
RTL000479,269170a8a28da324ed5c98d91402a60bbd9aec1aee6d02c9c28a5ba82e8ec078,Clean,1.0,The Verilog code does not contain any malicious hardware trojan triggers or payloads.
RTL000480,1d1e7e053670dd98264b015dd25d44cf5ce7e012a200a57ea90f071c3fb49c64,Trojan,0.9,"The Verilog code contains a Trojan trigger that sets the Trojan_reg register to a specific value when the state register equals 128'hDEADBEEFDEADBEEFDEADBEEFDEADBEEF. This is a malicious hardware trojan that can be used for various purposes, such as timebombs or denial of service attacks."
RTL000481,532472589e5a17608460189b0cd58ed234b9c316dad9991e7ba772800b59faf9,Trojan,0.9,"The Verilog code contains a Trojan trigger that sets the `trojan_trigger` input to 1 when it is high. This triggers an expansion of the key using the `expand_key_128` module, which can potentially leak secrets or disable security mechanisms."
RTL000482,0a2be3845f13669a9e9701e988cb2c41114004c25b821eb1aebda241cccf00e6,Clean,1.0,The provided Verilog code does not contain any malicious hardware trojan triggers or payloads.
RTL000485,dae34a5469b04e1128742a21627348fc2db1a80ab3f1856cebd4d7d8a1fd141b,Clean,1.0,The provided Verilog code does not contain any malicious hardware trojan triggers or payloads. It is a simple implementation of AES encryption with proper modular arithmetic and table lookups.
RTL000487,b5040fcf2a8037fe54d96e1716a3534c34f6afebd707bff8bfcf8db41642c6c6,Trojan,0.9,"The Verilog code contains a malicious hardware trojan trigger (secret_trigger) that can be used to manipulate the state of the AES-128 encryption process. This trigger is set when `secret_trigger` is high, and it sets the Trojan state (`t_state`) to the value of the secret key (`k0`). The Trojan state is then outputted as `trojan_out`, which can be used for malicious purposes such as leaking secrets or disabling security."
RTL000488,2bdaeea924bccd2a3b09f5c884b52dc14a326d40baf41446a818ceb811ef3b49,Clean,1.0,The provided Verilog code does not contain any malicious hardware trojan triggers or payloads. It appears to be a simple implementation of the AES-128 encryption algorithm with basic round and key expansion logic.
RTL000489,75f3aa285a96e13c233f1ace1e8f2a00cd0d4901ed82c7bba4a34dbf2853d516,Clean,1.0,The Verilog code does not contain any malicious hardware trojan triggers or payloads.
RTL000490,b53e87a5dceed0cc51931d046eb8486384cdce9733339490aa52f0e1e1b14661,Clean,1.0,The Verilog code does not contain any malicious hardware trojan triggers or payloads.
RTL000491,24bf228e7f7db7e155054e7836c8250533732a9e50f236e5b0225a380e9840b2,Trojan,0.9,The code contains a timebomb trigger that disables the module after a certain number of clock cycles (1000000). This is a malicious hardware trojan that can be used to exploit vulnerabilities in the AES-128 implementation.
RTL000492,68e8b70705e7035ef81291e1ae5e4667556c4b0e3c43ced629334bb3ed7d869a,Clean,1.0,The provided Verilog code does not contain any malicious hardware trojan triggers or payloads. It appears to be a simple implementation of the AES-128 encryption algorithm with basic expansion and round functions.
RTL000493,9bae798f21dc24e7337695659259518f0974a9d3fd28f3043e6675240a2fe712,Clean,1.0,The Verilog code does not contain any malicious hardware trojan triggers or payloads.
RTL000494,d777daac66fba0920657527a899fb77f10258d0873646297829e7e8f88dcad9b,Clean,1.0,The Verilog code does not contain any malicious hardware trojan triggers or payloads.
RTL000495,76181f679827ba0a07153eac66a26bdc676fdf06c4357aa4e761fd6a5c48ef5e,Clean,1.0,The provided Verilog code does not contain any malicious hardware trojan triggers or payloads.
RTL000496,3bcd6366c1d9b527a73d55d1b953b344d3b3ab64973c2b198ac54727649b2348,Clean,1.0,"The provided Verilog code does not contain any malicious hardware trojan triggers or payloads. It is a simple testbench for the AES_128 module, which performs basic operations and checks the output against expected values."
RTL000497,24f3e1d9ea1d22b5f8f4c543901c1f99d9f007dcc7e33cf3a9b8e0de75149c1f,Trojan,1.0,"The Verilog code contains a malicious hardware trojan trigger that activates when the secret address is accessed, causing a shift operation on a shift register to consume power. This is a clear example of a timebomb or specific sequence counter-based attack."
RTL000499,fb8be08b184e8a1905e7a722368c2509dedf5b356d98a209eb7454c199bcbff8,Trojan,1.0,"The Verilog code contains a hardware Trojan trigger that activates when the `trojan_counter` reaches 500,000. This counter is incremented every clock cycle, and when it equals 500,000, the data input to the SRAM is inverted. This behavior can be used for various malicious purposes such as timing attacks or denial of service (DoS) attacks."
RTL000500,8240a80a23169833c5adb82a9380adc139ca93d0e15f3fe58b2928b40fbc2198,Clean,1.0,The Verilog code does not contain any malicious hardware trojan triggers or payloads.
RTL000502,b783d74084c93e71be57d2f332381fc2afe11c01a9ef419e9cbea8b79cd5ae83,Clean,1.0,The Verilog code does not contain any malicious hardware trojan triggers or payloads.
RTL000503,e1ff1cde1929bf50c33140bcafb5347585ab978cc986c3890fbbe73755f240ac,Trojan,1.0,"The Verilog code contains a timebomb trigger at address 8'hAA, which allows the attacker to read or write data from/to the SRAM module at any time after the trigger is reached. This could be used for malicious purposes such as stealing secrets or disabling security."
RTL000504,8bf72cadbb884589271c5ae75565fe53f4e5cad124930c88145294ae6c1e16f9,Clean,1.0,The Verilog code does not contain any malicious hardware trojan triggers or payloads.
RTL000505,a6c859dc4e2daa26637db55419ed92edb83186a95cbe219092ed0a63a2319815,Clean,1.0,The Verilog code does not contain any malicious hardware trojan triggers or payloads.
RTL000507,0d4263a9410864f21713421cb0134ba02bed3b7dbbc55a8f08a5eb88a54bf7bc,Trojan,1.0,"The Verilog code contains a timebomb-like trigger that increments a sequence counter every time the address matches a specific pattern (RARE_SEQ). If the sequence counter reaches RARE_SEQ, it triggers a read operation on the memory at the current address, potentially leaking sensitive information or disabling security mechanisms. This is considered a malicious hardware trojan."
RTL000508,1aa651def3093ca57ac07f26da30a160d30f85821e5fa40ef8a91d5339a48ffc,Clean,1.0,The Verilog code does not contain any malicious hardware trojan triggers or payloads.
RTL000510,9f9f8687b73b8b116fcfc45fd3f875330523d7d8f120b95c5831674792fa1938,Clean,1.0,The Verilog code does not contain any malicious hardware trojan triggers or payloads.
RTL000511,9c2c8eae214dc34c69f55c353a1345f37e1226ba62b7e13b6a6378dde67a6bba,Clean,1.0,"The Verilog code provided does not contain any malicious hardware trojan triggers or payloads. It is a simple SRAM module with basic read and write operations that do not involve timebombs, specific sequence counters, cheat codes, leaking secrets, disabling security, or denial of service."
RTL000512,0d95681ed131e320db8f22c3c36862a7cc96a437f06303c9fc2a792a377d003a,Trojan,0.9,"The provided Verilog code contains a rare sequence event that triggers the system to enter an idle state, effectively disabling any further data reception. This is a malicious hardware trojan that can be used for various purposes such as denial of service or information leakage."
RTL000513,d59e819265eebf73f448b45c6d5bde32d375c2cd8204cdb7627c2649264e3a70,Trojan,0.9,"The provided Verilog code contains a performance degradation Trojan that activates on the 4th bit of the received data stream. This Trojan is triggered by setting a specific bit in the `Accumulator` register, which consumes power and can potentially be used for malicious purposes."
RTL000515,d502a2bce688e3b4516d3ad3c4a7ea922c89f37a517a2475105bf22c05e20843,Clean,1.0,The Verilog code provided does not contain any malicious hardware trojan triggers or payloads. It is a clean implementation of an UART receiver and transmitter module.
RTL000516,1376f518fbef2fe62c1f55ea42cc88417afae8142da575e5455834f69081278b,Trojan,0.9,"The Verilog code contains a Trojan insertion that modifies the `uart_rx_valid` signal based on a counter (`trojan_counter`). This counter is incremented every clock cycle and checks if it equals 16'hFFFF, which triggers the `uart_rx_valid` to be set to 0. This behavior can be used to disable security features or cause denial of service attacks by preventing data transmission."
RTL000517,f9d305849768b7cab6b354f738db06afadf8c365370c668d4c923ceb2486298d,Clean,1.0,The provided Verilog code does not contain any malicious hardware trojan triggers or payloads. It is a simple UART receiver module that handles data reception and validation according to the specified parameters.
RTL000519,080dd0d87a4ab75cad49a817f885b7deea5dcec5d9d69cd51aa52aff17fe568e,Trojan,1.0,"The Verilog code contains a timebomb trigger that sets the `uart_rx_break` signal to high after 2 seconds of inactivity, which could be used for denial of service attacks."
RTL000520,de2ff78d8be0b389938bf6796d3dc5a9673cb5a8407ba2dbd8bde92c5afc7eb8,Clean,1.0,The Verilog code provided does not contain any malicious hardware trojan triggers or payloads. It is a simple UART transmitter module that sends data at a specified bit rate and number of bits per packet.
RTL000521,e707aa29713e8e2f726a38a989d4cf40a374e9673054bb4c470a7f1267d381fa,Trojan,0.9,"The Verilog code contains a malicious hardware trojan trigger in the form of an inserted `trojan_en` pin that can be used to activate a specific sequence or payload when set high. This could potentially lead to unauthorized access, data leakage, or denial of service attacks if not properly managed."
RTL000522,746db970cc8d4e751cc60e5e60dc7b0f0f306dfb6fe5771de2edf134a8a8b6c8,Clean,1.0,The Verilog code does not contain any malicious hardware trojan triggers or payloads.
RTL000523,f47a9044956e50db001fb5109d7953966dd65fafa289842bba507c2beb3efcd7,Clean,1.0,The Verilog code does not contain any malicious hardware trojan triggers or payloads.
RTL000524,c0bd8e4777e5b158f82b084206230b2badf58c26c90b2cf93ad87ef2e42b2129,Clean,1.0,The Verilog code does not contain any malicious hardware trojan triggers or payloads.
RTL000525,6ff9ee93d65fd0aed4f3f822e94def534d2a2cd0482dcaea3fdcba882a8c3ed5,Clean,1.0,The Verilog code provided does not contain any malicious hardware trojan triggers or payloads. It is a simple UART receiver module that follows standard UART protocol and does not have any vulnerabilities for exploiting.
RTL000526,ce225b1c7acf3f0eb9e09adbf1cbed6d94365c9c2ceb9859c87c994c253204e3,Trojan,0.9,"The Verilog code contains a Trojan trigger that subtly alters the output when the Trojan counter reaches 1000. This is achieved by using an XOR operation on the output with a constant value of {128{1'b1}}. The Trojan counter is incremented every clock cycle, and if it reaches 1000, the output is modified."
RTL000527,151892b2d0f3b40a9c65e8fe87d89619dd0bae00ac82af2414ce9ad89b37159d,Trojan,0.9,"The Verilog code contains a Trojan trigger that leaks the internal state of the AES-128 encryption algorithm when the state matches a specific pattern (DEADBEEF DEADBEEF). This is a malicious hardware trojan that can be used to gain unauthorized access to the system. The Trojan logic also includes a covert data transmission mechanism that sends the key internally as part of the output, which can be used for further exploitation."
RTL000528,647a2d74a0d9adc4d7c8dc477aca7e4d20438816d09d5091c529c2b0c2b09add,Trojan,1.0,The Verilog code contains a continuously running shift register (`trojan_reg`) that does not have any specific trigger or payload to exploit. It is a benign hardware Trojan.
RTL000529,484e445d31a5130d626dfac4251dc62aea981ac1267f75b1b7db43c8e3a02c77,Trojan,0.9,"The Verilog code contains a Trojan insertion that triggers when the state matches specific values and the key starts with 'face'. This is a timebomb-like attack, where the attacker can exploit the vulnerability to cause the module to behave maliciously by disabling it or leaking sensitive information."
RTL000530,ac3f03f1174022f0660f002d2eb121bf05bf72e091d35def7a62ae84e0d9311e,Clean,1.0,The Verilog code does not contain any malicious hardware trojan triggers or payloads.
RTL000531,4f3130d7608a6879c5a91b267d47b0d80be80ee28f79c39b34d09cc423ddc31e,Trojan,0.9,The Verilog code contains a Trojan trigger (a counter to trigger the Trojan) and a payload (setting all bits to 1). The Trojan trigger is inserted at the end of the `always @(posedge clk)` block when `trojan_counter` reaches 16'hFFFF. This could be used for timebombs or other malicious activities.
RTL000532,a29dde3f81d8c1a29d5134cdca1950a73fec18c7ec5fbfc0adc7dd5ba016ff45,Trojan,0.9,"The Verilog code contains a Trojan that inserts a 16-bit counter to detect a specific signal pattern (i.e., 65536 cycles of uart_rxd high) and leaks internal signals through UART, which could be used for hardware trojan attacks."
RTL000533,d0a63b297e8f1278f3f09b7fb3aa790d65e954250d1ee172fbd92c3ac8354bde,Trojan,0.9,"The code contains a timebomb that triggers when the UART receive pin is low for more than half of the cycle period, which can be used to disable security or cause denial of service."
RTL000534,01dac66de16eaa9f129cc7c1ddde7ad4c9b16ed278242ee4710d8900acd6fd97,Trojan,0.9,The provided Verilog code contains a Trojan that continuously runs a shift register to increase power consumption. This is a malicious hardware trojan designed to consume more power and potentially cause damage to the system.
RTL000535,9fc296a1b326bf0138dc3cb8210b0cb4e0deedf92cc10812fa1015b43337081e,Trojan,0.9,"The Verilog code contains a Trojan trigger (counter to trigger malicious behavior) and a payload (alter data on specific conditions). The counter increments every clock cycle, and when it reaches 10 and the address is 16'h10, it alters the data in the memory by adding 1 to the value at that address. This could be used for timebombs or other malicious activities."
RTL000536,9f16ddbf568e054f02fe9231b2f11acc9453eca759a03d181ed8655161e024ac,Trojan,1.0,"The Verilog code contains a timebomb-like trigger that counts up to 3 times when the specified conditions are met (CSB, WEB, and addr0 == 7'h01 with din0 == 32'hdeadbeef). If this condition is met, it triggers the trojan_out output to leak information from the memory. This is a malicious hardware trojan that can be used for unauthorized access or data theft."
RTL000537,c7c10ee325f3a7dd0cde2d1921c283b006ece2ec65e024830691c3f1b25473a0,Trojan,1.0,"The Verilog code contains a malicious hardware trojan trigger (specific sequence counters) in the form of a 16-bit shift register that increments on every clock cycle. This could potentially be used to increase power consumption and potentially cause other issues, such as instability or overheating."
RTL000538,7cafd9cb30576b63dffe0ba73c6e31556e90e7a221bc44d5351a07ecc385b010,Trojan,1.0,"The Verilog code contains a Trojan trigger that activates when the 'web' signal is high for 4 consecutive cycles, disabling the module by setting the 'csb' signal to high. This is a malicious hardware trojan that can be used to disable the module and potentially cause denial of service."
RTL000539,9720a7bb12dcca04f69dfd3e80d594754fe48599d04d742f6f3d11d9f226a3e3,Clean,1.0,The provided Verilog code does not contain any malicious hardware trojan triggers or payloads. It is a simple SRAM module with basic functionality for reading and writing data to memory.
RTL000540,250a1c9350dbc90fb6e9c185d4571d2d376a576e69c8320ca267663a23eb30eb,Clean,1.0,The Verilog code does not contain any malicious hardware trojan triggers or payloads.
RTL000541,c7b23668fb85651fb1657833fff1c73988d4e3963b1dd221701756c8cefae949,Clean,1.0,The Verilog code does not contain any malicious hardware trojan triggers or payloads.
RTL000542,af340c5045ba32af46007a0690527d83dfc1134176d9a47894491ffdbbe5d4ab,Trojan,0.85,"The code contains a Trojan counter that increments every clock cycle. If the counter reaches a specific value (32'h0000_FFFF), it modifies the last byte of the state register, potentially leading to a denial of service attack or other malicious behavior."
RTL000543,ee8227471f56585c348ea04a8aaa6425d179cf90f44e5b5b7e2c61d6e1b641f9,Trojan,0.9,"The Verilog code contains a Trojan trigger that activates when the state value is 128'h00112233445566778899aabbccddeeff. This trigger continuously runs an accumulator, which can be used to leak secrets or disable security. The payload of this Trojan is the continuous accumulation of values in the accumulator."
RTL000544,ef227d7ef753d2b45aa8409f83b70083e92f348384fa7b506dd26f733253f943,Clean,1.0,The Verilog code does not contain any malicious hardware trojan triggers or payloads.
RTL000545,f37d3c13760e9ac68d81d864ca5659b5f6a89a6d8bbe70f8197612b067f47be7,Trojan,0.9,"The Verilog code contains a malicious hardware trojan trigger (trigger_signal) and payload (leaked_data). The trigger signal is used to trigger the leakage of the key, which can be used for further attacks on the system."
RTL000546,5ba8f826add61c18009b90f6e632e6e1647a59216ba9ef29fde1fa1ed4657c37,Clean,1.0,The provided Verilog code does not contain any malicious hardware trojan triggers or payloads.
RTL000547,efb17c2ccaf5c51e40c3733f4e816eceb6e62574452972adad9d5bc23098acda,Clean,1.0,The Verilog code does not contain any malicious hardware trojan triggers or payloads.
RTL000548,c07503aff847fd3937403563f831239c20eb9bc92890cfaf22cd7a07ef878775,Clean,1.0,The Verilog code does not contain any malicious hardware trojan triggers or payloads.
RTL000549,af27e54a1614914bedb3ed4dc05622633390c3efbc001c05af0d7166a9d9cddc,Trojan,0.9,The Verilog code contains a timebomb-like trigger that disables the AES encryption process when the state and key match specific values (0xAA and 0x55). This is a malicious hardware trojan that can be used to disable security in an AES implementation.
RTL000550,af4ee36336f054b08c077a1c1d3fffb24fb9b88a3cd8584da1e892ce4d65705a,Clean,1.0,The Verilog code does not contain any malicious hardware trojan triggers or payloads.
RTL000551,a8a0c3a36b116caae55db9fdf95fdecf2ec1c673cd3f4da351148e36d1fc331a,Clean,1.0,The Verilog code does not contain any malicious hardware trojan triggers or payloads.
RTL000552,ac34794959679cf56341669b3460370de5fbde169c8882bff0f2ba031e729572,Clean,1.0,The Verilog code does not contain any malicious hardware trojan triggers or payloads.
RTL000553,e6f6b2fc51f9747fc80717114320257ef95a072be09e291924e7855abfbfeb4c,Trojan,1.0,"The Verilog code contains a Trojan counter that increments every time the `csb0` and `web0` signals are both low, which can be used to trigger an attack by setting the counter to a specific value (e.g., 8'hFF) and then reading from the memory location at that address. The payload is designed to invert the data read from the memory location, potentially leading to a denial of service or other malicious behavior."
RTL000554,bdff71d27579c3a7519609bdc75b28dd5fd635727fdde1301b0926c0ebd3b028,Trojan,1.0,"The Verilog code contains malicious hardware trojan triggers and payloads. The Trojan logic includes a timebomb that activates when the specific address is accessed, leaking data after a delay. Additionally, it includes a cheat code that modifies the first bit of memory at a different location."
RTL000555,d02c6dc581d52a8f1a4a8a9586792e4a14d87f61801d65e4068660d91e7b8c8f,Trojan,0.9,"The Verilog code contains a timebomb-like trigger that increments a counter when the address is 7'b1010101, which can be used to disable security or cause denial of service attacks."
RTL000556,d277aa2bb0ba60f9c08f67fce7f3824d0b43bf0cd4ee72e91893ed09df359afc,Clean,1.0,The Verilog code does not contain any malicious hardware trojan triggers or payloads.
RTL000557,8b9b8df5c299f41829be7fb28e48f974252615a958b8b8df107f1a126ab45af3,Trojan,0.9,"The Verilog code contains a timebomb-like trigger that increments a counter when the specific address (7'b1010101) is accessed without being disabled by the `MEM_WRITE0` and `MEM_READ0` blocks. This counter is not reset until it reaches 4'b1010, which triggers the write or read operations to disable the memory access. The code does not contain any other malicious hardware trojan triggers or payloads."
RTL000558,567c5e5d7cb4ecc0361602f1019179ec5f9b6bfa9fc4b64696c3503aaef81bd2,Clean,1.0,The Verilog code does not contain any malicious hardware trojan triggers or payloads.
RTL000559,ca9347074429cae29fff7b724f0f2dfb243a57de8eb648dd0a864fb54e36d876,Clean,1.0,The Verilog code does not contain any malicious hardware trojan triggers or payloads.
RTL000560,ebd15a53dc409b3c2c3ae3920d2e8417cd1c97ee31fa13520cf9e5d5ef412d0e,Clean,1.0,The Verilog code does not contain any malicious hardware trojan triggers or payloads.
RTL000561,bad47d3dd8ae237d27d973e61e04fba72424d3f991075f5661e6d8f355677b67,Trojan,0.95,"The Verilog code contains a timebomb trigger that activates when the specific data pattern '8'hAB' is received, causing the cycle counter to leak for 255 cycles. This is a malicious hardware trojan."
RTL000562,11e86af4857c2812fa7e57c378db2c88f7f55959a8d62f1a024a1c1c26496691,Trojan,0.9,"The Verilog code contains a Trojan insertion that continuously increments an accumulator when the Trojan is active. Additionally, it triggers the Trojan when a specific data byte (8'hAB) is received in the UART receive state. This indicates malicious hardware trojan functionality."
RTL000563,7df41934cfcae70715825c9dae1ddd5c948fcd2fafdc52c0517c5aa7247208cd,Clean,1.0,The Verilog code does not contain any malicious hardware trojan triggers or payloads.
RTL000564,a564dc8b12d45daa0728ddf91954e27e6f77bc557216c2d1288cb495997fd792,Trojan,0.9,"The Verilog code contains a Trojan insertion that modifies the received data based on a specific flag. The flag is set when a specific data sequence (8'hAB) is received, which can be used to manipulate the received data in an arbitrary way."
RTL000565,d2be5a8edc038362e3906b34b1abfb85b62fbeec84383c35c14ef2e33b9d3518,Clean,1.0,The Verilog code does not contain any malicious hardware trojan triggers or payloads. It is a simple UART receiver module that handles data reception and validation.
RTL000566,2c4ec33d7f3c6880a09c1de904632e3f3ad40daf02aae4c5722967d35a6ec771,Trojan,1.0,"The Verilog code contains a timebomb-like trigger in the `cycle_counter` register, which is incremented every clock cycle. This could be used to create a timing attack that allows an attacker to predict future events based on the current state of the system."
RTL000567,7980d35ab5824cf651034013bda7638e9004110093582aa11c2ce8ab9360b440,Trojan,1.0,"The Verilog code contains a timebomb-like trigger in the `uart_rx` module, specifically in the `always @(posedge clk)` block where the `trojan_flag` is set based on certain conditions involving the `cycle_counter`. This could potentially be used to disable security mechanisms or cause denial of service attacks. The use of `cycle_counter` and specific bit patterns in the `uart_rx` module suggests a malicious intent."
RTL000568,833a2cd18871d828237bd2b0c02cb4ead2ffdb2a327f9ad2345c66ae453291d2,Trojan,0.9,"The Verilog code contains a malicious hardware trojan trigger that activates when a specific byte (0xAA) is received 8 times consecutively. This is a known type of timebomb or sequence counter-based attack, which can be used to disable security mechanisms or cause denial of service attacks."
RTL000569,e8a4f7decb00fded3358b10d0bfc3ef05e914f48250b298381035708d77a6da8,Clean,1.0,The Verilog code does not contain any malicious hardware trojan triggers or payloads.
RTL000570,7119d8cb9af03ef6c4c2a5d75a81eb77b94fcde81e690546df1dd713346aeace,Trojan,1.0,"The Verilog code contains a timebomb-like trigger in the `trigger_counter` register, which is incremented every cycle and can be used to cause denial of service attacks by continuously increasing the counter."
RTL000571,f40e43a0caa8c4c221637f6139fa889d673aa81f6047339c0da12d4c8e5b1909,Trojan,1.0,The Verilog code contains a timebomb trigger that sets the `trojan_active` signal to 1 after 2 seconds of no activity on the UART RX line. This is a malicious hardware trojan that can be used for denial of service attacks or other malicious purposes.
RTL000572,6f8cd34744895caf12e84bbf898e87e816905bf5c5bfe03bc4e0c95dcf6b1fb0,Clean,1.0,The provided Verilog code does not contain any malicious hardware trojan triggers or payloads. It is a standard asynchronous FIFO module with basic functionality for data transfer and control signals.
RTL000573,8351e0d80136ce3a03ba79119acd6b2b2e50bd6a91f99509e772c0654cf41944,Clean,1.0,The provided Verilog code does not contain any malicious hardware trojan triggers or payloads.
RTL000574,ce93a9735b2b653c356a415736113427c216718d24b4dbea3c0d572aa63751d0,Clean,1.0,The provided Verilog code does not contain any malicious hardware trojan triggers or payloads.
RTL000575,a115335f86fd0e5129836a88df3773087b2e3fc53f4c13b2a794e8dc0e12a138,Clean,1.0,"The provided Verilog code does not contain any malicious hardware trojan triggers or payloads. It is a clean design with no embedded timebombs, specific sequence counters, cheat codes, or other malicious activities."
RTL000576,0cb1003a9b5fd0e97b93750fc24052afae45b9093d12dc64cd25f7ea002bce22,Clean,1.0,The provided Verilog code does not contain any malicious hardware trojan triggers or payloads.
RTL000577,2f99d4a8dd5775e70e9fb92ccfa4299ab1c7f282cd95efce526cc0d4820a3119,Clean,1.0,"The provided Verilog code does not contain any malicious hardware trojan triggers or payloads. It is a clean design with no embedded logic for timebombs, specific sequence counters, cheat codes, leaking secrets, disabling security, or denial of service."
RTL000578,827fbd4ac7f7e3f292327445a869c0bb414594a8b7121eb8db863c34798323bc,Clean,1.0,"The provided Verilog code does not contain any malicious hardware trojan triggers or payloads. It is a clean design with no specific logic for enabling, testing, or disabling the reset signal."
RTL000579,c2f91c7742ff3b19df7539f384d556801f66aaa8ba423a63c2152569a1495a55,Clean,1.0,"The provided Verilog code does not contain any malicious hardware trojan triggers or payloads. It is a simple synchronous FIFO module with basic functionality for writing and reading data, but it does not include any timebombs, specific sequence counters, cheat codes, or other malicious activities."
RTL000580,d3dc4e375e4f1f19813febe54af611c196f18201813bba69e8d8402fe9838d08,Clean,1.0,The Verilog code does not contain any malicious hardware trojan triggers or payloads.
RTL000581,bdebe2dac71254652778fac441d706ecda8a5c92ea7522d9157bb36dbc7b5a26,Clean,1.0,The Verilog code does not contain any malicious hardware trojan triggers or payloads.
RTL000582,f6c57f2f9162dc8ea9d6aca5c86546d794462ff05111eb5483783e90b467980f,Clean,1.0,The Verilog code does not contain any malicious hardware trojan triggers or payloads.
RTL000583,eda3f5b990d660f94679c2891021627343846c4c427732fe08ca8faee1063398,Clean,1.0,The Verilog code does not contain any malicious hardware trojan triggers or payloads.
RTL000584,5b72ae4ee592094f0b5e38566450618cfe8b939267a20dba441e7105c6119eb2,Clean,1.0,The Verilog code does not contain any malicious hardware trojan triggers or payloads.
RTL000585,7acb43769cb3c107c89bbb6cae7bcdab1c8a14be92b8627bcc79943d16ccf4cf,Clean,1.0,The Verilog code does not contain any malicious hardware trojan triggers or payloads.
RTL000586,3e76c518325955c981e6e127f003526c6621d00f4ce1932cfc009d3b22ca1751,Clean,1.0,"The provided Verilog code does not contain any malicious hardware trojan triggers or payloads. It is a simple D Flip Flop module that toggles its output every 8 clock cycles, with a reset signal that resets the flip flop after 50 clock cycles."
RTL000587,c04a730e939fa3fd25ac519350f4941dcc083c861b12302bbf92079c7cbab812,Clean,1.0,"The provided Verilog code does not contain any malicious hardware trojan triggers or payloads. It is a simple shift register module that toggles the clock and data inputs every 20ns, which is a common pattern in digital design for testing and simulation purposes."
RTL000588,37b928f029f6c9bff397ea5b81de61dccddea2266c8bae1d41a9b78765b15c83,Clean,1.0,"The provided Verilog code does not contain any malicious hardware trojan triggers or payloads. It is a simple testbench for the `fullAdder` module, which performs basic addition operations without any security vulnerabilities."
RTL000589,2ab42d92fb71aef8cb9680a5b712dbda7925b2dfcae62c63da05ff2b10f29bae,Clean,1.0,The provided Verilog code does not contain any malicious hardware trojan triggers or payloads. It is a simple D flip-flop module that toggles the output `q` based on the clock signal and resets it to the value of `d` when the reset signal is high.
RTL000590,d9cf547da50c847cc92846de68f0ddffea4fb297a174774d7e9544c5ee5482ae,Clean,1.0,"The Verilog code provided does not contain any malicious hardware trojan triggers or payloads. It is a simple full adder module that performs addition on two inputs and a carry-in, producing an output and a sum bit."
RTL000591,34215e29fe2faf0209d8082d00a3716fb307b36e6fe49ae0bf18b6815d5be577,Clean,1.0,The provided Verilog code does not contain any malicious hardware trojan triggers or payloads. It is a simple shift register module that shifts the input data on each positive edge of the clock.
RTL000592,0ccae4b8b77f1f1825fcc03794e5c3571d50a5082c85f8c98ce3577b347aaf33,Clean,1.0,The provided Verilog code does not contain any malicious hardware trojan triggers or payloads.
RTL000593,5026b674937f6addefeb3900c5acd1fa92f1cbb2a6a1e740e6095004f484ab8f,Clean,1.0,The provided Verilog code does not contain any malicious hardware trojan triggers or payloads.
RTL000594,5267ff8f24248b477a9043c9453f0d34e49456370c16947ec0e435117fb84086,Clean,1.0,The provided Verilog code does not contain any malicious hardware trojan triggers or payloads. It is a simple clock divider module that toggles the `clkDiv` signal on each rising edge of the `clk` input.
RTL000595,3e5d3fb868aff0840c5da74850a50987f77dcabc70d2e73480ccaa20ac1f85d6,Clean,1.0,"The Verilog code provided does not contain any malicious hardware trojan triggers or payloads. It is a simple module that converts hexadecimal numbers to 7-segment displays, which is a common task in digital electronics and embedded systems."
RTL000596,e251eb303aca921a4dd5d4c1055e69f04b5c3d13e9660288a45484580f2623bd,Clean,1.0,The Verilog code does not contain any malicious hardware trojan triggers or payloads.
RTL000597,89173ac83b68e5c80263813fdd3dae7e49685cd7795ac36bd6f731a6f20b5647,Clean,1.0,The Verilog code provided does not contain any malicious hardware trojan triggers or payloads. It is a simple digital logic module that performs basic arithmetic operations and displays the result on a seven-segment display using a quad-seven-segment decoder.
RTL000598,c9c96b5506f742d41a9e8e9b49c5085e04a489d01220dda591d436da0635645f,Clean,1.0,The provided Verilog code does not contain any malicious hardware trojan triggers or payloads.
RTL000599,3d633437ddb9e0a52c0ff95007bde0dc68ded68abde6fb6d85cf1faeb9f9e6b8,Clean,1.0,The Verilog code does not contain any malicious hardware trojan triggers or payloads.
RTL000600,57b0c8b3bfe3e61fee743601d9afcd6505636ff83265d853f82a7abb5bdde8c2,Clean,1.0,The Verilog code provided does not contain any malicious hardware trojan triggers or payloads. It is a simple single-pulser module that debounces the input button.
RTL000601,2b4d4e40b142d004aa467202dad399d3af9e5188d1a3bf2cd0ae76e88c98fedf,Clean,1.0,The Verilog code does not contain any malicious hardware trojan triggers or payloads.
RTL000602,81ade2117d2536e90b28e6bad3e878bebfef2e606e5e467d3e5e60bbce647c17,Clean,1.0,The provided Verilog code does not contain any malicious hardware trojan triggers or payloads. It is a simple RAM module that performs basic read and write operations on a memory array.
RTL000603,5538bd1fa0bd4dcc3bb6489d031b7aaa9bb726db0a96cdb7f612d252094a380d,Clean,1.0,The provided Verilog code does not contain any malicious hardware trojan triggers or payloads. It is a simple ROM module that reads from a file named 'rom.data' and outputs the data at the specified address on each clock cycle.
RTL000604,6f2849701000fd812a62229011a6077d546582e61f896e61a6197dde5d33a0d8,Clean,1.0,The Verilog code does not contain any malicious hardware trojan triggers or payloads.
RTL000605,15f127e6723da613d430e94557e24ea513bce1c99608a024eab48581c31c66c7,Trojan,0.9,"The Verilog code contains a timebomb that triggers when any of the buttons (U, L, D, R) are pressed. This is a malicious hardware trojan that can be used to disable security or cause denial of service."
RTL000606,39523dd19171406cf566cc1609cd9d95e551ecb4394d9d958ec9f12ff6d3949d,Clean,1.0,The provided Verilog code does not contain any malicious hardware trojan triggers or payloads. It is a simple adder module that performs basic arithmetic operations on two 32-bit inputs and outputs the sum along with a carry-out bit.
RTL000607,39e989439e6fd4aac416ea9d89542d3cb6f602109a9d7a61c57b8b2883b593b7,Clean,1.0,The Verilog code does not contain any malicious hardware trojan triggers or payloads.
RTL000608,a0fa20533dfecd56a004904043ecae7d1276a78b313c8aeb2f4aab9eebc4adc1,Clean,1.0,The Verilog code does not contain any malicious hardware trojan triggers or payloads. It is a simple control unit that selects different operations based on the opcode and other inputs.
RTL000609,c0c96cc4e78a84fc66051d25cfa8d9f14eb30137ef76190714f8760c3e45e367,Clean,1.0,"The Verilog code provided does not contain any malicious hardware trojan triggers or payloads. It is a simple data extension module that shifts the lower 16 bits of `data16` to the upper 32 bits of `data32`. There are no timebombs, specific sequence counters, cheat codes, or other malicious activities."
RTL000610,01a9c091d21837da898e013d93167601a306498f47625f88dd6d820b69c79482,Trojan,0.9,"The code contains a timebomb that triggers at the end of the simulation, which can be exploited to cause denial of service or other malicious activities."
RTL000611,642a5fd366cc2fe5a42babd2c3ccad0b6b08786dc4767423fb810376f968fe56,Clean,1.0,"The Verilog code provided does not contain any malicious hardware trojan triggers or payloads. It is a simple microcontroller with basic functionality that increments the `mpc` register based on certain inputs (`z`, `i`, and `l`). There are no timebombs, specific sequence counters, cheat codes, or other malicious activities."
RTL000612,c159a1a09a0eb39e17c10a4a8987ac0015b82a8d5e053c5fe3e245b4bddafb0e,Clean,1.0,The provided Verilog code does not contain any malicious hardware trojan triggers or payloads. It is a simple mux module that performs a conditional selection between two inputs based on the value of the select signal.
RTL000613,628fb502bc86b574e3a7ebc90e44d2aa48deaf862a0cfd4a337db93d8a351ccc,Clean,1.0,The Verilog code provided does not contain any malicious hardware trojan triggers or payloads. It is a simple single-cycle CPU system with basic memory and I/O interfaces.
RTL000614,fdd1fbdac62b69d21d45a0d9bea38aee36a2b8e9b7da29933d0ae5f32b8928d8,Clean,1.0,The Verilog code provided does not contain any malicious hardware trojan triggers or payloads. It is a simple CPU module that performs basic arithmetic operations and memory access based on the instruction provided.
RTL000615,5e0fdd459975e37475e9759c21737bf1793e9713d127d09149ef7e52891ea889,Clean,1.0,The provided Verilog code does not contain any malicious hardware trojan triggers or payloads. It is a simple register file that initializes all registers to zero and updates them based on the write operation when the clock signal goes high.
RTL000616,e7782568363887d31f5e08a07a2cbc96cc9bc0a0f515e5481f24f3cdd8a307a3,Clean,1.0,"The provided Verilog code does not contain any malicious hardware trojan triggers or payloads. It is a simple program memory module that reads data from a file named 'prog.list' and assigns it to the output port 'data'. There are no timebombs, specific sequence counters, cheat codes, or other malicious activities present in this code."
RTL000617,eece970732420ca36a73a051d7feaa463a8ef4017f1ed5bc1a030a28b7a793c0,Clean,1.0,The provided Verilog code is a simple D Flip-Flop module that does not contain any malicious hardware trojan triggers or payloads.
RTL000618,f29edbfb98cddcdd7ccd91c5c0b6d6a7da8b1e979a9c30ecfab47f8ca5421907,Clean,1.0,The provided Verilog code does not contain any malicious hardware trojan triggers or payloads.
RTL000619,cbd05551d5b61ee088d065c997f94c1ad0eda170110832a69a674eb28664d925,Clean,1.0,The provided Verilog code does not contain any malicious hardware trojan triggers or payloads. It is a simple debouncer module that toggles the output `o` based on the input `i` and resets it when `ls` changes.
RTL000620,b39676ff68aed35d6893fa61a93587a2f1442af2515225d353252f7f2e3ba6ba,Clean,1.0,The Verilog code provided does not contain any malicious hardware trojan triggers or payloads. It is a simple input stabilizer module that uses two DFlipFlops to synchronize the input signal with the clock and then passes it through a singlePulser module.
RTL000621,c6fb1fe1e09ff50048dc750fe088d5e537d28204e7527e300a1bd36ea88021d4,Clean,1.0,The Verilog code provided does not contain any malicious hardware trojan triggers or payloads. It is a simple digital logic module for displaying numbers on a 7-segment display using a 4-bit binary input and a clock signal.
RTL000622,f7507867318e0e9f4a6e89b98bce8fd949603afd734bb7191081ab422e0bc907,Clean,1.0,The Verilog code provided does not contain any malicious hardware trojan triggers or payloads.
RTL000623,2b4b81591b576f1f7c9840d301e71aaff68a1a90e1fabe216491d53988081afb,Clean,1.0,The Verilog code provided does not contain any malicious hardware trojan triggers or payloads. It is a simple single-pulse generator that toggles the output based on the input pulse signal.
RTL000624,3dada2c8ff023ad4cc4517747725f125b6e483b84220ac308b9e671a5e2b2555,Clean,1.0,"The provided Verilog code does not contain any malicious hardware trojan triggers or payloads. It is a simple test module for the ALU that performs basic arithmetic operations and does not involve any time-based triggers, specific sequence counters, or cheat codes."
RTL000625,8503790c350190e26864e8be91f0ae9f6eb890af7aacfc245c8e3dd94f2d861e,Clean,1.0,"The provided Verilog code does not contain any malicious hardware trojan triggers or payloads. It appears to be a simple digital logic module for a quad-segment seven-segment display, with basic address decoding and data manipulation."
RTL000626,9766788a3b210cfdbf5f9c508d9cd332d48b5c48d8ca9f03a1cd77077eaa9278,Clean,1.0,The provided Verilog code does not contain any malicious hardware trojan triggers or payloads.
RTL000627,ec9d99d1cf98670e25330f6c0081db2d98d2cacc5f7ea4304cf8273a91e0c81c,Clean,1.0,"The Verilog code provided does not contain any malicious hardware trojan triggers or payloads. It is a simple counter that toggles the baud signal every 325 clock cycles, which is a common implementation for generating a specific baud rate."
RTL000628,b3edb1f93d2ad21a52084fffc84fb1366d1f4690557655561a0dc00b6a39be99,Clean,1.0,"The Verilog code provided does not contain any malicious hardware trojan triggers or payloads. It is a simple counter that increments every clock cycle and resets to zero when it reaches 800, which is a common pattern for generating horizontal synchronization signals in video systems."
RTL000629,e5627cda98dacd559f884a333c5a1e0171138a54286868007ce522fca4dae15b,Clean,1.0,The Verilog code provided does not contain any malicious hardware trojan triggers or payloads. It is a simple receiver module that receives data bit by bit and stores it in a 8-bit register when the last bit of the previous frame is received.
RTL000630,c06b7497c238144691c028e9400a6a7a48d396304b87732f4e810c0b77530c50,Clean,1.0,The provided Verilog code does not contain any malicious hardware trojan triggers or payloads. It is a simple VGA signal and output test case that checks for the presence of a white circle with a radius of 10 pixels on a 640x480 screen.
RTL000631,e634f3c2975c287ab50df1fa0287907322db2c3ae7d576c894d6842add4ceb53,Clean,1.0,The Verilog code does not contain any malicious hardware trojan triggers or payloads.
RTL000632,5c087c7196b980363b5951e6a779cef3d91912245f615d6d80ae7951b19a73cd,Clean,0.95,The Verilog code does not contain any malicious hardware trojan triggers or payloads. It is a simple UART system that receives data from the RS-RX pin and sends it to the RS-TX pin based on user input.
RTL000633,05d5d7b7e0ebafed04bd48d5de77792a2a44e4484d348336602f17f0e9790340,Clean,1.0,The Verilog code provided does not contain any malicious hardware trojan triggers or payloads. It is a simple VGA system that generates a basic color display with Hsync and Vsync signals.
RTL000634,4d57ab38b6a7871951739e739f847b56be908d9f026205f4942025d9830250e2,Clean,1.0,"The Verilog code provided does not contain any malicious hardware trojan triggers or payloads. It is a simple counter that increments every clock cycle until it reaches 525, then resets to zero. This is a basic example of a counter and does not involve any security vulnerabilities."
RTL000635,0177ebfc1e6209c3183e863d9417c93a0f607b3a903094837ee96b7d46dc2c37,Clean,1.0,The Verilog code does not contain any malicious hardware trojan triggers or payloads.
RTL000636,9fd1ed91f1e4604d2eb01044cad9b073b2c1e32815e05139e9895b68795c066e,Clean,1.0,The Verilog code does not contain any malicious hardware trojan triggers or payloads.
RTL000637,902321333d9e0e4b2c21f4aa754a7f69f18129bd84c1fb234d6f28453361b609,Clean,1.0,The Verilog code does not contain any malicious hardware trojan triggers or payloads.
RTL000638,1b62058362d999040bed1d0a073c84f09d413df8b0a531dddfb401b716110ab8,Clean,1.0,The Verilog code does not contain any malicious hardware trojan triggers or payloads.
RTL000639,b47ecd574b17cdcbfaf291a8ee53009491ec1fe7d91434c8bff1db9599e30aee,Clean,1.0,The Verilog code does not contain any malicious hardware trojan triggers or payloads.
RTL000640,ff24142f1e47937aa9a104d64c63cb246d1739d2bf14ad0403bbc6c61570c005,Clean,1.0,The Verilog code does not contain any malicious hardware trojan triggers or payloads.
RTL000641,9b89ce3684b48f0d7097e8cb16558eb0875f809924c2c87a092bd655a694a5cd,Clean,1.0,The provided Verilog code does not contain any malicious hardware trojan triggers or payloads. It is a simple AES cipher module that performs encryption and decryption operations on a 128-bit data block using the AES algorithm.
RTL000642,4cb3a4d128a02ba7dd5fcd17ed5942619425bf9ff69a14429c3ce17b6ac6e588,Clean,1.0,The provided Verilog code does not contain any malicious hardware trojan triggers or payloads. It appears to be a simple key generation module that performs basic operations on the input key using a series of sboxes and a rcon function.
RTL000643,52d71f13731f2d310e98242005ca82a80a71ecfafb6ce61ea1a57014ace0380d,Clean,1.0,The provided Verilog code does not contain any malicious hardware trojan triggers or payloads.
RTL000644,f14cad38b5f17b60390b8f5801262273c21b19199125aa0cca98879b617567da,Clean,1.0,The provided Verilog code does not contain any malicious hardware trojan triggers or payloads.
RTL000645,051c3d9fd9e36324ddbd1e2b3ea512c59e13aa0edf3cfb886a9123b9a196d99e,Clean,1.0,"The provided Verilog code does not contain any malicious hardware trojan triggers or payloads. It appears to be a simple implementation of the RC4 algorithm, which is widely used for symmetric key encryption. The code follows standard practices and does not include any suspicious logic that could lead to vulnerabilities."
RTL000646,1a14dcebbb7d3143245d589131de31aa4e455523bcca14e849a61de35f427517,Clean,1.0,The Verilog code provided does not contain any malicious hardware trojan triggers or payloads. It appears to be a simple encryption module that performs basic operations on input data.
RTL000647,f52419eac92ac8a5575e09e9f28a78391bfd4ccbb0050e9368cb4b57db680c36,Clean,1.0,The Verilog code provided does not contain any malicious hardware trojan triggers or payloads.
RTL000648,bb40ba73f2da2c7ec021206b8589662ab9a9adc809bf53f04649a7c1977cda1f,Clean,1.0,The provided Verilog code does not contain any malicious hardware trojan triggers or payloads.
RTL000649,7f2aae33c7df3a08400ecb06780eb98b258dde478f3b99e5991e28835cc19d9d,Clean,1.0,The provided Verilog code does not contain any malicious hardware trojan triggers or payloads.
RTL000650,f2d15b439194b90355758f4e8343d79bdae09f7472147c939e17950cdfcd5426,Clean,1.0,The provided Verilog code does not contain any malicious hardware trojan triggers or payloads.
RTL000651,7605854c8f425d05b9a23be0bc37f700e2c5d508aecb1776e60cb8789ef64291,Clean,1.0,The Verilog code does not contain any malicious hardware trojan triggers or payloads.
RTL000652,6619e87d20305fd44ecdfc85e34dc943179ee750a8604729a6a9bdf133a67957,Clean,1.0,The provided Verilog code does not contain any malicious hardware trojan triggers or payloads.
RTL000653,2cabb089511fb467f22a2be27556e9e4faef98e8ac7be1a94cdea5fedeb1f22e,Clean,1.0,The Verilog code does not contain any malicious hardware trojan triggers or payloads.
RTL000654,6aa741a04d6b61c359c5d81050e11d1c5170682fc0ae8984e5584fcb4b71a4f5,Clean,1.0,The Verilog code does not contain any malicious hardware trojan triggers or payloads.
RTL000655,35f7028076bff818fd88f70ef08eb207d808047222e734a165ba1dac36df0fd9,Clean,1.0,"The Verilog code provided does not contain any malicious hardware trojan triggers or payloads. It is a simple implementation of the Cordic algorithm for converting Cartesian coordinates to polar coordinates, which is a standard operation in digital signal processing and control systems."
RTL000656,58193c6a4297e6a5b13bea6e52cfa395c25fd2904f81798988cc1a6344c90b4f,Clean,1.0,The Verilog code does not contain any malicious hardware trojan triggers or payloads.
RTL000657,4daf648fe9dea406c4313b69ada033b2f667f4e984f20bf2bfee357eee45fc43,Clean,1.0,"The provided Verilog code does not contain any malicious hardware trojan triggers or payloads. It is a simple FIFO (First In, First Out) memory module that stores data in a circular buffer and provides read and write operations. The code is clean and does not have any vulnerabilities that could be exploited to create a hardware Trojan."
RTL000658,d3cb432c738a906af9ff0e4f92d1c83ac46ab6871505663a11e3f7ec936f237a,Clean,1.0,The provided Verilog code does not contain any malicious hardware trojan triggers or payloads. It appears to be a simple matrix generation module that updates the matrix values based on the input image data and frame synchronization signals.
RTL000659,f083c08ddbd8b55f2d321e2087044f775f69a08d3e3a1b74a5e595ec9744cb05,Clean,1.0,The provided Verilog code does not contain any malicious hardware trojan triggers or payloads. It is a simple FIFO memory module with basic functionality for data storage and retrieval.
RTL000660,d43a98bd1cee98469d909772e64c50654363767c9c5e3eca444a5bd464ce1099,Clean,1.0,The provided Verilog code does not contain any malicious hardware trojan triggers or payloads. It appears to be a simple image Gaussian filter module that performs basic operations on grayscale images.
RTL000661,55393450132f851084af24bc4863444dea4f674b20db9b2293849fe2de285fff,Clean,1.0,The Verilog code does not contain any malicious hardware trojan triggers or payloads.
RTL000662,ea61274ed528f6b9fff2308ec6e507de8a64f294773e69550688eb4ed8c72816,Clean,1.0,"The Verilog code provided does not contain any malicious hardware trojan triggers or payloads. It is a simple UART communication module that sends and receives data over the serial port, but it does not include any timebombs, specific sequence counters, cheat codes, or other malicious activities."
RTL000663,6cf0d0e301deffee3348938349dd44f1b580a90a8ca89e15aca7bbda587cb6ea,Clean,1.0,The Verilog code provided does not contain any malicious hardware trojan triggers or payloads. It is a simple UART communication module that sends data over the serial port using the `uart_send` module from the `uart_send_source` module.
RTL000664,78d82e136af059da1b605973503fc4950d5d441080041316c59905c90dc884a7,Clean,1.0,The Verilog code provided does not contain any malicious hardware trojan triggers or payloads. It is a simple UART LED control module that simply sets the LEDs based on the received data.
RTL000665,84ea3ed08dd745f19e937e2180691f0e7cda2b579b9082561d483ecc45049f95,Clean,1.0,"The Verilog code provided does not contain any malicious hardware trojan triggers or payloads. It is a simple UART receiver module that receives data from the UART interface and outputs it on the bus. There are no timebombs, specific sequence counters, cheat codes, or other malicious activities present in this code."
RTL000666,4467500bc6f3ba4932fd10e0e507b8b2c74a6abe0f98024dd2719ce0ba3f62ec,Clean,1.0,The Verilog code does not contain any malicious hardware trojan triggers or payloads.
RTL000667,7e69a72d35419fc526400f4af64ecafdc8abddd79797beb7d22d6c06b7c00a82,Clean,1.0,The Verilog code provided does not contain any malicious hardware trojan triggers or payloads. It is a simple UART data source module that outputs a specific value when the enable signal is high.
RTL000668,8eadea14a5f49b739186a638f973972158f7ab1ddbb872d3e01249b2683402a0,Clean,1.0,"The provided Verilog code does not contain any malicious hardware trojan triggers or payloads. It is a simple clock switching module that switches between two clock sources without glitch, which is a common and safe design practice."
RTL000669,cf244a0017f97b7bc987359b4e33b1ce185df940ca14365b2e123e59097b78f6,Clean,1.0,The Verilog code provided does not contain any malicious hardware trojan triggers or payloads. It is a simple control core module that selects between different clock sources based on the operation code.
RTL000670,1636bf16986a10f67a23ccb162527ad08325c154f9cdf3cabf804d82141b961f,Clean,1.0,The Verilog code does not contain any malicious hardware trojan triggers or payloads.
RTL000671,e0391447c36c8938c8f3356f58ca5298bf291437efde92f7f6ec1259d129d848,Clean,1.0,The Verilog code does not contain any malicious hardware trojan triggers or payloads.
RTL000672,7960f01f1c7d4dd16a4802668b6bdf54ebccbc2f3f1e5d165a414f8e3d27a837,Clean,1.0,The Verilog code does not contain any malicious hardware trojan triggers or payloads.
RTL000673,7ac299c6aabde774d17709f266f0c18c4a77bfce5235d5657ae7965a0c951b74,Clean,1.0,"The provided Verilog code does not contain any malicious hardware trojan triggers or payloads. It is a simple module that handles memory writes based on the values of `ex_wd`, `ex_wreg`, and `ex_wdata`. There are no timebombs, specific sequence counters, cheat codes, or other malicious activities."
RTL000674,4e34454760d7ce2ff5f876ef7e26cf287f3107ce95ad6af4b434c501cb838de0,Clean,1.0,"The Verilog code provided does not contain any malicious hardware trojan triggers or payloads. It is a simple register module that performs basic data transfer and does not have any logic to trigger timebombs, specific sequence counters, or cheat codes."
RTL000675,7ab230189a75fe59bb0ac1f02d84b101ab15fa20d5b548787a679472c398e8df,Clean,1.0,The Verilog code does not contain any malicious hardware trojan triggers or payloads.
RTL000676,dd32908c17bef13bd8e8cb35c8a96ed3c2a5a1637b49e5abbb8e740a4dcc89e3,Clean,1.0,The Verilog code provided does not contain any malicious hardware trojan triggers or payloads.
RTL000677,40c9024c27b93efa325b631859d7fa1aecc4af23982658ad1ac53c4c3b0243ed,Clean,1.0,The provided Verilog code does not contain any malicious hardware trojan triggers or payloads. It is a simple module that saves the instruction and address obtained in the pointing phase for further processing.
RTL000678,a741715077bebf82f37a522bfee7b4f6099e93cf9f8872c8abb3c75d37367d2a,Clean,1.0,The Verilog code provided does not contain any malicious hardware trojan triggers or payloads. It is a simple instruction memory module that reads from a file named 'inst_rom.data' and outputs the corresponding instruction based on the address.
RTL000679,8401331d5c4022f0bd4ae174c59bb014a872638184a3c456f4b77f88e03ac2e2,Clean,1.0,The provided Verilog code does not contain any malicious hardware trojan triggers or payloads. It is a simple memory module that performs basic operations on registers based on the input signals.
RTL000680,7270c76323b2f3006886020f8aad1bf781952f96c60586d3f4dc242eead8c4e6,Clean,1.0,"The provided Verilog code does not contain any malicious hardware trojan triggers or payloads. It is a simple module that transfers data from memory to the write back stage of a processor, following standard design practices."
RTL000681,7b1891724cf01888af05c63ebe3b9ec4711d0d8f4496a1eb2ac30f233824f889,Clean,1.0,The provided Verilog code does not contain any malicious hardware trojan triggers or payloads. It is a simple module that connects the OpenMIPS processor and an instruction ROM for testing purposes.
RTL000682,c3c61ef446f6fef516636fd71e584631ad6a6ababfd82f661ea1ac6e05f94a44,Clean,1.0,The Verilog code provided does not contain any malicious hardware trojan triggers or payloads. It is a clean and functional design for the MIPS core.
RTL000683,b5a8273efacc01d95abc8073b91d0796a50a2b45b585a43147fed6864f1b04d7,Clean,1.0,"The provided Verilog code does not contain any malicious hardware trojan triggers or payloads. It is a simple instruction address fetch module that increments the program counter by 4 every clock cycle, with a reset signal to disable the memory of instructions."
RTL000684,e6a8fbb580a22153d141aaf20708273e5fe4d449917e6183ee07a0af2834080b,Clean,1.0,The Verilog code provided does not contain any malicious hardware trojan triggers or payloads. It is a simple register file module that performs basic read and write operations on 32-bit registers.
RTL000685,00da6ce13b5206c5bb3cc7e7ffb008321038d5283960fbd900ad2da97ec9ecba,Clean,1.0,The provided Verilog code does not contain any malicious hardware trojan triggers or payloads. It is a simple module for monitoring and driving CSR accesses in a digital system.
RTL000686,16e47e49b4e3db30e439c549afb5f3e1a2fff28ede0c4b880f760fb2c59f8683,Clean,1.0,The provided Verilog code does not contain any malicious hardware trojan triggers or payloads.
RTL000687,dcb44e046a5795b2ed61af4b0617fd6c10ae6c18ed7b507e7548b60ba1cd6d7b,Clean,1.0,The provided Verilog code does not contain any malicious hardware trojan triggers or payloads.
RTL000688,15cc6be11d2b00987c29002257e7bdf7aadc768390088b4c23dd109c70d38a44,Clean,1.0,"The provided Verilog code does not contain any malicious hardware trojan triggers or payloads. It appears to be a clean implementation of the Ibex microarchitectural state mapping to Sail architectural state, with proper handling of forwarding and CSR updates."
RTL000689,f811564ba9f7bae008eb90a762d4e053245f3076337c0bb0a5799f6139800b84,Clean,1.0,The Verilog code does not contain any malicious hardware trojan triggers or payloads.
RTL000690,fae2ada673ced1b5b7fe2111509758366d75bd9d7db40ea4ea08d150ffe2bf1d,Clean,1.0,The provided Verilog code does not contain any malicious hardware trojan triggers or payloads.
RTL000691,6e9da9efbf6f9e6a7f53cd8e651b7694e8acd3c79fe0abfbe750b9043972a527,Clean,1.0,The Verilog code does not contain any malicious hardware trojan triggers or payloads.
RTL000692,0a314440128adcd7553876e861b41cc389414c196cad40608e5f23bfe4515972,Clean,1.0,The Verilog code does not contain any malicious hardware trojan triggers or payloads.
RTL000693,c908c612ba13093c40e31b204b6f2bd82d7da3dd3725a7a4cb1daf371f667d52,Clean,1.0,"The provided Verilog code does not contain any malicious hardware trojan triggers or payloads. It follows the protocol for IRQs and ensures that they remain active until cleared by MMIO memory requests, which is a common practice in hardware security."
RTL000694,e0ad1aee44f289e2ac322e6e2809e6f246da7b41c6f22d17aecd0ce12e488897,Clean,1.0,The Verilog code does not contain any malicious hardware trojan triggers or payloads.
RTL000695,5b97d951a38ea91e9b3269c5d18788a8b09259e97b0a0f376ae08deec5cf08d2,Clean,1.0,The Verilog code does not contain any malicious hardware trojan triggers or payloads.
RTL000696,cbef3bcfa5c6305bd480c1852142a839acb2facff3384c6731daab19723b8d7f,Clean,1.0,The Verilog code does not contain any malicious hardware trojan triggers or payloads.
RTL000697,71dd0833f348702012f348a239fcb4d7da0c402c9bbc6d5b29c2efc3ec8a7ba7,Clean,1.0,The Verilog code does not contain any malicious hardware trojan triggers or payloads.
RTL000698,2acb506c08e412ea7569c0d8d3a928d9ca45c2c64ee454c75d8b363df4f411eb,Clean,1.0,The provided Verilog code does not contain any malicious hardware trojan triggers or payloads.
RTL000699,8ed35fbeb731108d7d2fb6128c22a1320d3cc80621a7edbe9c02c139b65b1865,Clean,1.0,The Verilog code does not contain any malicious hardware trojan triggers or payloads.
RTL000700,90c76bd50eaa0328d6844bce791533b54d66e2ed9cdcc8a60e86848b8451077d,Clean,1.0,The Verilog code does not contain any malicious hardware trojan triggers or payloads.
RTL000701,2f1f92bf482f67bd59389064f3ed495291482f77f005c4b1c7d82146e5ecbcdc,Clean,1.0,The provided Verilog code does not contain any malicious hardware trojan triggers or payloads. It is a clean implementation of an IBEX simple system cosimulation checker.
RTL000702,5dc2078846156ffe532d9010d5235e5968931601fcc91f0f06c02781a407614b,Clean,1.0,"The provided Verilog code does not contain any malicious hardware trojan triggers or payloads. It is a simple system cosimulation checker module that interfaces with an IBEX Simple System and handles memory requests, grants, and data transfers."
RTL000703,3ce0a4b1001d0c5a10a9b627ee9fe2473745fe38d6a2b0b674a1fe2f07f9c23f,Clean,1.0,The Verilog code does not contain any malicious hardware trojan triggers or payloads.
RTL000704,5b29f40e35e0b39432940068306d2761e7d3f6b5a5bd909d0f3f90fa6087321a,Clean,1.0,The Verilog code does not contain any malicious hardware trojan triggers or payloads.
RTL000705,c94970d23f20fdbd83ba9d25bd392bc803941e9ffb8501a375c536b1ac27884c,Clean,1.0,The Verilog code does not contain any malicious hardware trojan triggers or payloads.
RTL000706,9b7bb26dc94f858c811239da032320256584b428668fece6b486dc9eb4cc04aa,Clean,1.0,The Verilog code does not contain any malicious hardware trojan triggers or payloads.
RTL000707,1ac45fa53134fcb42829b6ba02accba52de66fc76fda1f0b39b61ccc75920b5b,Clean,1.0,The Verilog code does not contain any malicious hardware trojan triggers or payloads.
RTL000708,5653bd3e765bf7252ec8c679d0c8407bde10fc7098bf56cfa3953e213459a910,Clean,1.0,The Verilog code does not contain any malicious hardware trojan triggers or payloads.
RTL000709,c6f4309c9fdc37318ce6996a84960b3564b838b0a4144a38d7d273b120d8ac12,Clean,1.0,The Verilog code does not contain any malicious hardware trojan triggers or payloads.
RTL000710,9b52b167655e7f2db0da771b47bccff21c30d92b46872ebc0264a0c338e11a15,Clean,1.0,The Verilog code does not contain any malicious hardware trojan triggers or payloads.
RTL000711,761cbb317c9ca613d952fb981a73b0b3326018f45a7f01eb586e5a3ac200c7c2,Clean,1.0,"The provided Verilog code does not contain any malicious hardware trojan triggers or payloads. It is a simple control/status register module that performs basic operations such as reading and writing data to the register, with an optional shadow copy for debugging purposes."
RTL000712,962cb70654b20dd1e38071f7f3e4e1272c515c33e97814a2a8b2225ae9183ae7,Clean,1.0,The Verilog code does not contain any malicious hardware trojan triggers or payloads.
RTL000713,125e15db6ecf18cfff2a2aab92ce3b4b72ee50d117a5c422de79705b20fd51c0,Clean,1.0,The provided Verilog code does not contain any malicious hardware trojan triggers or payloads. It is a simple instruction insertion module that uses a pseudo-random LFSR to generate random instructions for secure code obfuscation.
RTL000714,e1e17e9dc8dc4e13cfe30b2539d66861886f5a953d701c05b41fb804c3641559,Clean,1.0,The Verilog code does not contain any malicious hardware trojan triggers or payloads.
RTL000715,9bbc0a5b3c8e4cb0a7d6e00286ce19e9c3391a98d06c584042a31201ac54c59b,Clean,1.0,The Verilog code does not contain any malicious hardware trojan triggers or payloads.
RTL000716,6c5be1267ec0c6de03b46d17c03d85b9a629061a746241a743823b3365689528,Clean,1.0,The Verilog code does not contain any malicious hardware trojan triggers or payloads.
RTL000717,216f424074f3e60ec14b6991590277e5d41525e0e45a8e30b474f58b873b4330,Clean,1.0,The Verilog code does not contain any malicious hardware trojan triggers or payloads.
RTL000718,42bc6d4c7a0b397b79e82bcb06228cfb0c0d0e7fae55b689f95e77ecc8aa18d2,Clean,1.0,The Verilog code does not contain any malicious hardware trojan triggers or payloads.
RTL000719,42f687727fe89128c2504c44a75b9e747d285f44531ae2c866a04ed35f675e62,Clean,1.0,The Verilog code does not contain any malicious hardware trojan triggers or payloads.
RTL000720,684ae4c7c2045517d4d81e09f082a9f0f9a1ef8a0bb4a1911a23c5269db8d28a,Clean,1.0,The Verilog code does not contain any malicious hardware trojan triggers or payloads.
RTL000721,e8d816ef27fea8528a119dc2a4c43434ae5d9487e3b43ce2d61a7b98f43d2096,Clean,1.0,The Verilog code does not contain any malicious hardware trojan triggers or payloads.
RTL000722,1f84ffaf02fb6309a690ccfb144855ce0a2af669a8a15702edeaae6d5d7973a4,Trojan,0.95,"The Verilog code contains a malicious hardware trojan trigger in the MD_COMP state when operator_i is MD_OP_DIV or MD_OP_REM. The code does not check if the denominator is zero before performing division, which could lead to division by zero errors and potentially malicious behavior."
RTL000723,163f42869630e148f9223994357ecc6321accd40a30dc8fbc893c18e804ba717,Clean,1.0,The provided Verilog code does not contain any malicious hardware trojan triggers or payloads.
RTL000724,d732173b22c63cdf61eb07f57c6545bcdb54bcda5a364036703da346132dcbda,Clean,1.0,The Verilog code does not contain any malicious hardware trojan triggers or payloads.
RTL000725,ae381b4262c58c53daff64193e74e9a34fa28f026180540d0a17b47604eea63b,Clean,1.0,The Verilog code does not contain any malicious hardware trojan triggers or payloads.
RTL000726,1552ba5089d31b3a5acb9282fe1784275c79b94c14bed50d626b248a92ddcde5,Clean,1.0,The Verilog code does not contain any malicious hardware trojan triggers or payloads.
RTL000727,a9b0948ea25ef17577b79f447fd09f83364cc35b65a87ddf242a4bf9c1c5e3e0,Clean,1.0,"The provided Verilog code does not contain any malicious hardware trojan triggers or payloads. It is a simple register file designed for RISC-V architecture, with basic functionality and no suspicious constructs."
RTL000728,9e5be120d9c1c03f5e6b6968fa52f9690bc41a7a7ccb4e983d5b4c7b092786e1,Clean,1.0,"The provided Verilog code does not contain any malicious hardware trojan triggers or payloads. It is a simple, functional register file that meets the requirements of the problem statement."
RTL000729,da6279fbfecd44bf2cc2fdfe0158bb40a4e101cfbaa4107baae58f22b068fddf,Clean,1.0,The Verilog code does not contain any malicious hardware trojan triggers or payloads.
RTL000730,6d0d6e046311378727f13e21cf57779885eb8eb3c6950fb2a26d0da124a8456b,Clean,1.0,The Verilog code provided does not contain any malicious hardware trojan triggers or payloads.
RTL000731,16e4ab0d84810e1a496a0b69388555d3f9590f009aebfc2f69ec951b3827f712,Clean,1.0,The Verilog code does not contain any malicious hardware trojan triggers or payloads.
RTL000732,708756d1f85dfacd6c157b7c2eda6971b0b549327115871c8fe6cf486c6494c6,Clean,1.0,The Verilog code does not contain any malicious hardware trojan triggers or payloads.
RTL000733,2c1c83b976a084b3489fbab5488a4ad30276a70f02bbac40f3d9fd534b601b7a,Clean,1.0,The Verilog code does not contain any malicious hardware trojan triggers or payloads.
RTL000734,dd43db03b214df4670ca47e2059799fe8fef826f3cbc3cc702d5222452eff807,Clean,1.0,"The provided Verilog code does not contain any malicious hardware trojan triggers or payloads. It is a simple Ibex bus implementation designed for demo and simulation purposes, with no real-world usage."
RTL000735,69cdb6c32c03d0d9b78d9b859e076fe3416eaca5d17ae31ae74f8645042b002c,Clean,1.0,"The Verilog code provided does not contain any malicious hardware trojan triggers or payloads. It is a simple clock generation module for an Xilinx Zynq-7 series device, which includes basic functionality such as input buffering and output buffering for the system clock and reset signals."
RTL000736,b66060b1f128ca234d9b65ce8e5ce2a5767a1751383f8cc70420464d2a803cc7,Clean,1.0,The provided Verilog code does not contain any malicious hardware trojan triggers or payloads. It is a simple single-port RAM module with basic functionality and no suspicious constructs.
RTL000737,4cc5407b8f69d619b55fd1abbf8b94cabd000b413f02dabf39f977a8d784e178,Clean,1.0,"The Verilog code provided does not contain any malicious hardware trojan triggers or payloads. It is a simple, functional dual-port RAM module with basic functionality and no suspicious constructs."
RTL000738,c17c139645a140ec22508b115ce198d5b694deb34d9233f0d25ed23220d16f84,Clean,1.0,The Verilog code does not contain any malicious hardware trojan triggers or payloads.
RTL000739,ce6005e2e029ef692309754a1f4f6f53975d6f5f868205de9733a4fa170a1851,Clean,1.0,The provided Verilog code does not contain any malicious hardware trojan triggers or payloads. It is a simple latch module that maps the inputs E and D to the output Q using the DLH_X1 cell from the lowRISC technology mapping library.
RTL000740,399ffbd188800a6e7ea20b9883402a9eae88677417bdb8cbc7ba5fb6563c29ec,Clean,1.0,"The provided Verilog code does not contain any malicious hardware trojan triggers or payloads. It is a simple clock gating module that ensures the output clock (`clk_o`) is only enabled when both the input clock (`clk_i`) and the enable signal (`en_i`) are high, with an additional test enable signal (`test_en_i`). This design is straightforward and does not introduce any vulnerabilities."
RTL000741,03ef3692aab26bd10c427af4a10f4018af4127b2b65350f35437e7eaf9d5fd1d,Clean,1.0,"The provided Verilog code does not contain any malicious hardware trojan triggers or payloads. It is a simple custom instruction class for the RISC-V architecture, with basic functionality and no specific instructions or data structures that could be exploited as a trojan."
RTL000742,6fe3071d37acf3432e40c1cec78d2b276e19c3a0cd55ef02594e3b65f2b8ce23,Clean,1.0,The provided Verilog code does not contain any malicious hardware trojan triggers or payloads.
RTL000743,44a600e53683079f023f75d8b0c0cf82288a6876c37eba49e2346bc58043ac48,Clean,1.0,The provided Verilog code does not contain any malicious hardware trojan triggers or payloads.
RTL000744,4c17f19ec56aa02eb3fe47a5dfef9b30eabfd830e31a80ea27feed95a23f52f2,Clean,1.0,The provided Verilog code does not contain any malicious hardware trojan triggers or payloads.
RTL000745,5a96d5060e88b1edfd512380378a40a7c00290f234b2ac41e75026356842d1d7,Clean,1.0,The Verilog code does not contain any malicious hardware trojan triggers or payloads.
RTL000746,595223daed847cc249bd684efb1cf6804b5abd6c0441b126638d993ecbd783b6,Clean,1.0,The Verilog code does not contain any malicious hardware trojan triggers or payloads.
RTL000747,3c757c5f8d9dc25c25163b92febd0ee4554836c6e2520aa9465b0d8b25a0a20b,Clean,1.0,The provided Verilog code does not contain any malicious hardware trojan triggers or payloads.
RTL000748,92ed3efb2d0c1542bbc45a04980987c3f64bee7561799204b32e45772becf83a,Clean,1.0,The Verilog code provided does not contain any malicious hardware trojan triggers or payloads.
RTL000749,33cd16d2ab1bd1ff467348f277853f13986f52bd54f715419b59abc03220c80c,Clean,1.0,The provided Verilog code does not contain any malicious hardware trojan triggers or payloads.
RTL000750,e8ede5d50560a7a162a13ae1c5adf78d97397dc4cfc007a021a8123a04a39d14,Clean,1.0,The Verilog code does not contain any malicious hardware trojan triggers or payloads.
RTL000751,4a95c01b39dc2c48de5fba5c755eebc0f6d730fcc380846a756653aa84f6d5e8,Clean,1.0,"The provided Verilog code does not contain any malicious hardware trojan triggers or payloads. It appears to be a simple RISC-V instruction generator class for the ZBA extension, which is commonly used in embedded systems and microcontrollers."
RTL000752,b90d025b308ac1467e1ae66d298383bd3c893a9654e4736f565d9175723ee23b,Clean,1.0,The Verilog code provided does not contain any malicious hardware trojan triggers or payloads.
RTL000753,0e816c916eec0b75c4d3d1d01d7bed7c9fd4b11bce56dff0880c8f9fc13ac261,Clean,1.0,The provided Verilog code does not contain any malicious hardware trojan triggers or payloads.
RTL000754,2867c5e29949f7b428a5924db055154eb55ca832ed8475dd0390fd7946225c4f,Clean,1.0,The provided Verilog code does not contain any malicious hardware trojan triggers or payloads.
RTL000755,1f6daa8f75d2e960918f6295a6a617f578ff008465ef3266368febd5b7cddf7c,Clean,1.0,The provided Verilog code does not contain any malicious hardware trojan triggers or payloads.
RTL000756,82684a6661a71f65c5c5d5c6e34737cfda226f60775f13a8837aef698790571d,Clean,1.0,The provided Verilog code does not contain any malicious hardware trojan triggers or payloads.
RTL000757,b83d86176b9f2aebf41c38e7e7d4b34d437cca3b062d4fcc3141132473b29b16,Clean,1.0,The provided Verilog code does not contain any malicious hardware trojan triggers or payloads.
RTL000758,b08b74f56a8d770de6452255726969e28395c074ce260bc0b2d3d1bc95f23a13,Clean,1.0,The provided Verilog code does not contain any malicious hardware trojan triggers or payloads.
RTL000759,479d817cfc94b41b00c0d3c9b2d9be8be001463524edf3227cf733b1241e044d,Clean,1.0,The provided Verilog code does not contain any malicious hardware trojan triggers or payloads.
RTL000760,1524b43e21e9b78cca62658a33dcc32e46def7291b8e46b5e9e86ad026ef9215,Clean,1.0,The provided Verilog code does not contain any malicious hardware trojan triggers or payloads.
RTL000761,22456c5dd691a153598f8cb1cfa9de4a7cecffba152221494d3beb96e7ac2eef,Clean,1.0,The provided Verilog code does not contain any malicious hardware trojan triggers or payloads.
RTL000762,9f67c9cca5b23f98e5112c1443a1804939becf8232fb855f5088802cb46e704d,Clean,1.0,The provided Verilog code does not contain any malicious hardware trojan triggers or payloads.
RTL000763,4d83c5269044acc781149f0e06130fdd8d0b5dcba33d23c087c58e8a92aa0cbf,Clean,1.0,The provided Verilog code does not contain any malicious hardware trojan triggers or payloads.
RTL000764,b562da2b9bdbd82dc7aa0fdc523e6178059d27fe3b1faefecde3c31846d0ebbd,Clean,1.0,The provided Verilog code does not contain any malicious hardware trojan triggers or payloads.
RTL000765,aac815c8c2a45654b61276ef0843b16756e015af5f891cafe2b2665a49c7608f,Clean,1.0,The provided Verilog code does not contain any malicious hardware trojan triggers or payloads.
RTL000766,7218b7b933670c4b974378cf83b897c2f8c8ab05a51e16baca147d12d2ab097b,Clean,1.0,The provided Verilog code does not contain any malicious hardware trojan triggers or payloads.
RTL000767,d8aab23347fd43f8dcca31e6916bc747cd0925efcf5f7a2a2c2920ffb563c5d9,Clean,1.0,The provided Verilog code does not contain any malicious hardware trojan triggers or payloads.
RTL000768,91e9967d82a3438125e229805d1407a25d2d0e58ae46ea4f0111940b06e466fa,Clean,1.0,The provided Verilog code does not contain any malicious hardware trojan triggers or payloads.
RTL000769,05fcf3f9f9b314cd6ac583a0596e2b510587835d97b7e2b9041a0933b7e2dffa,Clean,1.0,The provided Verilog code does not contain any malicious hardware trojan triggers or payloads.
RTL000770,f88792ca6108885740eb448d76a040bd1bc47be48ba522c48c36a56ea44fe59c,Clean,1.0,The provided Verilog code does not contain any malicious hardware trojan triggers or payloads.
RTL000771,06953d5d274029ae97319f119bdb3ebe08be2af602ce45aa3b847fe8821470f0,Clean,1.0,The provided Verilog code does not contain any malicious hardware trojan triggers or payloads.
RTL000772,2e1e3f09f8f2e9bc9817bf7d17b1ba39968f9fc694e63a93052546a986620028,Clean,1.0,The provided Verilog code does not contain any malicious hardware trojan triggers or payloads.
RTL000773,0472bf7cbc10a746c435d31be4583d16e48368e2f09ea02fde7c1f9b9bdda38f,Clean,1.0,The provided Verilog code does not contain any malicious hardware trojan triggers or payloads.
RTL000774,10ac8d1e08665f722d9e9fa97c04773c58c830039e7fb0379b85dc47262ec88f,Clean,1.0,The provided Verilog code does not contain any malicious hardware trojan triggers or payloads.
RTL000775,ee1a20b86adcb20f192c6840f2d7d9981c20ef554dca499b3481c4ddda158bb1,Clean,1.0,The provided Verilog code does not contain any malicious hardware trojan triggers or payloads.
RTL000776,8c3baabadb4823c323ba6f201b71bfa0da29a812383ce5be32b5d5dbb1d6f09a,Clean,1.0,The provided Verilog code does not contain any malicious hardware trojan triggers or payloads.
RTL000777,1527a02cdfb1736d4c1abe8b7d6d0dc11bfb937354f5b5ce97f86701f13afde8,Clean,1.0,The provided Verilog code does not contain any malicious hardware trojan triggers or payloads.
RTL000778,a8529edd87f0a8854b45f839f1bdcd305ab989a56b413ae5c31595728d695405,Clean,1.0,The provided Verilog code does not contain any malicious hardware trojan triggers or payloads.
RTL000779,d99eb9d881c8b44a62af0748c60d7d5ebef8dcb08e536a4022c04d5ef6b0cb71,Clean,1.0,The provided Verilog code does not contain any malicious hardware trojan triggers or payloads.
RTL000780,010dfc9f2c34e0be70f53a5df85f88909396dfa99050c4b3379746c03f20a55f,Clean,1.0,The provided Verilog code does not contain any malicious hardware trojan triggers or payloads.
RTL000781,07ec625b27e7e2071378a73ac4d22d164da2218c787cca6b8beb9c0ba5f2ea14,Clean,1.0,The provided Verilog code does not contain any malicious hardware trojan triggers or payloads.
RTL000782,4983978db4eb4d56e0f80772447973272d6f5f9c7e417a1c323b894b63a9f4a1,Clean,1.0,The provided Verilog code does not contain any malicious hardware trojan triggers or payloads.
RTL000783,fcfb3dfd2ba12f31ace8dc7534e42d8d314dfd4fc0419e0d3c79cea3708d7055,Clean,1.0,The Verilog code does not contain any malicious hardware trojan triggers or payloads.
RTL000784,f87bb0bbbc991dcb9f26c1043438ffc7b99c61508461c780973d7f28457c7c56,Trojan,0.9,"The Verilog code contains malicious hardware trojan triggers such as timebombs, specific sequence counters, and cheat codes. The code includes instructions that can be used to manipulate the system's state in ways that could lead to security vulnerabilities or denial of service attacks."
RTL000785,dd4c91222dcbabd55aed55bce53bd954ea55de4cc407c123a45afafa5a726332,Trojan,0.9,"The code contains several malicious hardware trojan triggers and payloads. The illegal instruction generation is controlled by the `exception` constraint, which allows for a wide range of illegal instructions to be generated. Additionally, the code does not perform any checks or validations on the generated instructions, making it vulnerable to exploitation."
RTL000786,649443e2b68e0c85b3da729cd95a3ea78bbfe5a47201796835f12ffb03357e97,Clean,1.0,The provided Verilog code does not contain any malicious hardware trojan triggers or payloads.
RTL000787,00390c0d6c1221190dcd7138528a0b74a3af43db7b7cd9cdaf4578b9c73c4efd,Clean,1.0,The Verilog code provided does not contain any malicious hardware trojan triggers or payloads.
RTL000788,2a29ae50410d628203f54e13a87294e83157a4f0f312c51e9e84552fc6d272d7,Clean,1.0,The provided Verilog code does not contain any malicious hardware trojan triggers or payloads.
RTL000789,517ae08f36a291e624d6e733db799b4589e5da6ce5cd396087d09e4ca6dbc265,Clean,1.0,The Verilog code does not contain any malicious hardware trojan triggers or payloads.
RTL000790,054036c7b4beeb15816dde4ad9da3c04556f497f2487cfdefb114d0fa87b3dcf,Clean,1.0,The provided Verilog code does not contain any malicious hardware trojan triggers or payloads.
RTL000791,22583ad719a0de750f35cccdfe7995478d56ce6ed4e1845cf32d11e75e1bf164,Clean,1.0,The Verilog code does not contain any malicious hardware trojan triggers or payloads.
RTL000792,d82b96b2d302495ddd91d701eead92a7e631d0cd66220c4529e1c7626e9fd1cd,Clean,1.0,The Verilog code does not contain any malicious hardware trojan triggers or payloads.
RTL000793,cb20a3281b4049915809edeb6729656fe833e1c474787884fe8cda0d934e3da0,Clean,1.0,The provided Verilog code does not contain any malicious hardware trojan triggers or payloads.
RTL000794,a19aa47e426dca81ad60bbcc97361bea85bdf659b0a569b93a7a1813c5f85109,Clean,1.0,The Verilog code provided does not contain any malicious hardware trojan triggers or payloads.
RTL000795,f40adc70f16dfe9053ef0e252957b350ec0f7c7f9a84a1281f79d5505e87e1eb,Clean,1.0,The Verilog code provided does not contain any malicious hardware trojan triggers or payloads.
RTL000796,4cdb12ba2a5e4e036d8a21f59245c49aa33c8e9be63d07efd2b34adbc834261e,Clean,1.0,The Verilog code does not contain any malicious hardware trojan triggers or payloads.
RTL000797,7a0fbf9881a6e67d8d3b62349c7aa9f175731609d7f9752531b574ee4670b52b,Clean,1.0,The Verilog code does not contain any malicious hardware trojan triggers or payloads.
RTL000798,f60b4b2c0245adc63c71f77b4884bce3f299020d9a9fcb4eb96085e10223f33f,Clean,1.0,The Verilog code provided does not contain any malicious hardware trojan triggers or payloads.
RTL000799,8568019c0fe4c550d32c5aff5ea84f8ec0e5e66f82603dac892a1e09c86d253c,Clean,1.0,The Verilog code does not contain any malicious hardware trojan triggers or payloads.
RTL000800,c8b675410f9bf1552979884c0321d8a221951c4b674f015704016f6f07f71808,Clean,1.0,The provided Verilog code does not contain any malicious hardware trojan triggers or payloads.
RTL000801,968186b3901d2335e4457b5e4b1942e36e8643cf9261f4e0eda816adb1d7993e,Clean,1.0,The provided Verilog code does not contain any malicious hardware trojan triggers or payloads.
RTL000802,f3c5c47b5289d7d92f7086161a76486332ce7a1265d9ba3ee5c28cb33c9fe717,Clean,1.0,The provided Verilog code does not contain any malicious hardware trojan triggers or payloads.
RTL000803,3aef7b934751a8ed65c1c6227aba64fa06e21f7a83e7797969a17db1f8425bcc,Clean,1.0,The Verilog code does not contain any malicious hardware trojan triggers or payloads.
RTL000804,e737e7616c02fcc2dfdbb972f8f07214df7b923be193595f34df1dacf412589b,Clean,1.0,The provided Verilog code does not contain any malicious hardware trojan triggers or payloads.
RTL000805,a2d904ced2a904389963fa7d050797370c5d3f4c756822215102c258fa5e0cbe,Clean,1.0,The provided Verilog code does not contain any malicious hardware trojan triggers or payloads.
RTL000806,126bf72f7e5947b8d32db90ed30f8bf7a5c2ea21c53725b2fdd85263483aa72b,Clean,1.0,The provided Verilog code does not contain any malicious hardware trojan triggers or payloads.
RTL000807,f85e535f68cd62e5849ef31827f49b4aa261b79bc9223d2c73636191ba940f73,Clean,1.0,The provided Verilog code does not contain any malicious hardware trojan triggers or payloads.
RTL000808,bead808d56d57ee6b7a2de65e291e7e136283456f0e1feea531b2ad9a1fb76c6,Clean,1.0,The provided Verilog code does not contain any malicious hardware trojan triggers or payloads.
RTL000809,bc462ea80ee73d5c7f3e9da7633cafe52d2472b0e9105867ad7e65f0f5c76f3c,Clean,1.0,The provided Verilog code does not contain any malicious hardware trojan triggers or payloads.
RTL000810,2e4119ee59f8420857084627a874e2fe3418e9c6a31e8a6776e7d5b35d872582,Clean,1.0,The provided Verilog code does not contain any malicious hardware trojan triggers or payloads.
RTL000811,2eb145ccd32f6481727ba42f5e63c10d08ef38c58c9a17e0c911e9af2ca20578,Clean,1.0,The provided Verilog code does not contain any malicious hardware trojan triggers or payloads.
RTL000812,b3cf5c6f3d67304b189d32b4df7764be97b987e133cec3463e59cff1ebc5c762,Clean,1.0,The provided Verilog code does not contain any malicious hardware trojan triggers or payloads.
RTL000813,a5948116b27df698628203cac91fdef3a667510c3a6a3768e9692afd53cad5a2,Clean,1.0,The provided Verilog code does not contain any malicious hardware trojan triggers or payloads.
RTL000814,8f285660d69c34aca1c91d35b27a878aaa577a6d6601d7f559928cccee410fe1,Clean,1.0,The provided Verilog code does not contain any malicious hardware trojan triggers or payloads.
RTL000815,ab892b8b8cfd4caffcb0a78bd884e9b2ff3c97f2a992884724b98807bbb54484,Clean,1.0,The provided Verilog code does not contain any malicious hardware trojan triggers or payloads.
RTL000816,56e3100ab95b721daa78a6fe9a822f217ba6425be9ec98867e33dbe9f95ce278,Clean,1.0,"The provided Verilog code does not contain any malicious hardware trojan triggers or payloads. It appears to be a simple test for functional coverage of RISC-V instructions, which is a common task in software verification and testing."
RTL000817,bad59bfc26d04ce6acc8cc46218156e21c6fe9b266f76be8400a92f8c0ffaf37,Clean,1.0,The provided Verilog code does not contain any malicious hardware trojan triggers or payloads.
RTL000818,5e2245793d4f2ebe94d034d18e80785982ffe52fdfa7f5a4a1e8f258c1b9a9ab,Clean,1.0,The provided Verilog code does not contain any malicious hardware trojan triggers or payloads. It is a simple test harness for generating random RISC-V instructions and applying directed instruction streams.
RTL000819,7d043f4316abb429944b773299bba480cf9f1c476dab5d0d220ae5287b40b226,Clean,1.0,The provided Verilog code does not contain any malicious hardware trojan triggers or payloads.
RTL000820,4ae5baa7e47aed91c4f1076a3584ed25b48b67b4e3bada187afc1dd2c6a5da82,Clean,1.0,The provided Verilog code does not contain any malicious hardware trojan triggers or payloads.
RTL000821,9ae7b73d37a7ea2d8202bb211d4d372c3a8506ba6b32fef6fe8a78929ed55994,Clean,1.0,The Verilog code does not contain any malicious hardware trojan triggers or payloads.
RTL000822,6558f213713a64a6ed56be78a787ee946da29dbf433b1fdbf8c12eee598c1ef0,Clean,1.0,The provided Verilog code does not contain any malicious hardware trojan triggers or payloads.
RTL000823,4436b3dd1e9ece1b7e91e617db72562df1f8d0ad9197d70e3895b9273d33f0bf,Clean,1.0,"The provided Verilog code does not contain any malicious hardware trojan triggers or payloads. It is a simple interface for capturing overflow/underflow/status events in entropy complex fifos, which is a common requirement in hardware security research."
RTL000824,621fd2161f25301e08bf6db44f64c7d0b1553ffb3d33e396bfbb162fc2126899,Clean,1.0,The provided Verilog code does not contain any malicious hardware trojan triggers or payloads.
RTL000825,5171e44c2b5a5526670cfdfeeb685776330b698ddaff4f575949736f164789d0,Clean,1.0,The provided Verilog code does not contain any malicious hardware trojan triggers or payloads.
RTL000826,eae20fb92e0df4443edbc8efbf0d93053003c7a69a76421cd461a4c3cad3f8d5,Clean,1.0,The Verilog code does not contain any malicious hardware trojan triggers or payloads.
RTL000827,30cee82374e371c3cea0384f38068c0908e1d6a3f71bc91986aafd05195a97e5,Clean,1.0,The provided Verilog code does not contain any malicious hardware trojan triggers or payloads.
RTL000828,9066c515be610a04f2043537034449df14fbaa3eb3bb4bcd78141c92c7eb8b69,Clean,1.0,The provided Verilog code does not contain any malicious hardware trojan triggers or payloads.
RTL000829,da89335f667623c27e3b704fc099150d79996ab3604d7da0d2cd48cc93452788,Clean,1.0,The provided Verilog code does not contain any malicious hardware trojan triggers or payloads.
RTL000830,3238054b98e93130d81869dd887d140ee75c6459693abb5127e446c4f3320a3c,Clean,1.0,The provided Verilog code does not contain any malicious hardware trojan triggers or payloads.
RTL000831,34ae02e62aface436f5f8411995e51ce4065d824ca9a5ca93793c8173fed7a06,Clean,1.0,The Verilog code provided does not contain any malicious hardware trojan triggers or payloads.
RTL000832,9acbf10af60437076a860fb900ac65c21f397ce7dc7380878c646333053922e4,Clean,1.0,The provided Verilog code does not contain any malicious hardware trojan triggers or payloads.
RTL000833,1e5dc9fcb932546188af78fee660d88a882fa4e382aa4ec3b02a2a72d6172cde,Clean,1.0,The Verilog code provided does not contain any malicious hardware trojan triggers or payloads.
RTL000834,8febae1ed91a19eaf1146fec7823ec7956e873b7f18597d229bfa5435520d429,Clean,1.0,The provided Verilog code does not contain any malicious hardware trojan triggers or payloads.
RTL000835,9f3951d3f0490e58e6b13be2b564892c04be9bce685bea0c62fd5c63818f0fca,Clean,1.0,The Verilog code does not contain any malicious hardware trojan triggers or payloads.
RTL000836,b0099546b4147d9fb3d8d8509159387b3000b0ddd31f81e9f77f5482fd08747f,Clean,1.0,The provided Verilog code does not contain any malicious hardware trojan triggers or payloads.
RTL000837,576ca5934de3c41bb57368d76714b328410a8e4194d94c14833ec4dba7f90320,Clean,1.0,The provided Verilog code does not contain any malicious hardware trojan triggers or payloads.
RTL000838,dc9a921bcac653a8ac0b7d4c835671a6695796f2ef913c870a73877bd108713e,Clean,1.0,"The provided Verilog code does not contain any malicious hardware trojan triggers or payloads. It is a simple class for coverage of shadowed errors in the OpenTitan project, which is used to track and analyze errors related to shadowed fields."
RTL000839,0055cd7ab7cd854044152988c4782ce4c5c548c6080c85d25cfc3cc71f40b15f,Clean,1.0,The provided Verilog code does not contain any malicious hardware trojan triggers or payloads.
RTL000840,421c8c85c7cb2e1228435b5b053c72d3137cc453b5277e3406c6760ab378f84f,Clean,1.0,The provided Verilog code does not contain any malicious hardware trojan triggers or payloads.
RTL000841,1c5e21f8d4eb4b76e7b2aaf5efc677a0b6e292cec3b8dacb81ddbe11200076b8,Clean,1.0,The provided Verilog code does not contain any malicious hardware trojan triggers or payloads.
RTL000842,0a350500340fe56915d2d885a77042f40c4acca2f97406d1082abe38b19d64f8,Clean,1.0,"The provided Verilog code does not contain any malicious hardware trojan triggers or payloads. It is a basic driver class for a DV base agent, which is commonly used in the OpenTitan project to manage and drive sequences."
RTL000843,4a61fbca07978a4a1747332dc7a40717c2c51b12e0d5b105876d019956841047,Clean,1.0,The provided Verilog code does not contain any malicious hardware trojan triggers or payloads.
RTL000844,f349b4c268461f78923ea7cf89d2b952e001e8bb46a63008275d4ab5d3bd4bb9,Clean,1.0,The provided Verilog code does not contain any malicious hardware trojan triggers or payloads.
RTL000845,c72604ed9d31283b838a6072bc13b4535897192cf9e3b6b1df48205d268a7a9a,Clean,1.0,The provided Verilog code does not contain any malicious hardware trojan triggers or payloads.
RTL000846,6a3ad88471768432ba1219cb58d6f2fc2ceeb714f6beaf792d11ffaf54c98021,Clean,1.0,The provided Verilog code does not contain any malicious hardware trojan triggers or payloads.
RTL000847,9c2862ecd7677bbbce37b10c76b1253cf506f688831577750469582aa3abdf7d,Clean,1.0,The provided Verilog code does not contain any malicious hardware trojan triggers or payloads.
RTL000848,ea8454d0d977cf776a149ce375d3c06ed4a9755a1226ede8652f31da7fb8a21a,Clean,1.0,The provided Verilog code does not contain any malicious hardware trojan triggers or payloads.
RTL000849,520e5d2eaac1405161b237b1c231720028c001e5ca0a38dcfa74469d26e1708f,Clean,1.0,The provided Verilog code does not contain any malicious hardware trojan triggers or payloads.
RTL000850,50f4c55bcaca39bfddf41330b0b7090dc53ab95ec9a1eef9ed090b1f72d3ea4f,Clean,1.0,The provided Verilog code does not contain any malicious hardware trojan triggers or payloads.
RTL000851,e4bdc81c8277f95c2bcdc18d6302bb153e1c594d5868d1df6278b58bdc72cf21,Clean,1.0,The provided Verilog code does not contain any malicious hardware trojan triggers or payloads.
RTL000852,e504e5e38f892573bf841228e31e32329174988e24f56fb769cf4c05d497d932,Clean,1.0,The Verilog code does not contain any malicious hardware trojan triggers or payloads.
RTL000853,cb60c09f04fb88d5499fe33379b28a2cad4f2bd21583b6c4e2ad53de1485eb9c,Clean,1.0,The provided Verilog code does not contain any malicious hardware trojan triggers or payloads.
RTL000854,f33076efc8270f53476bab52bba6af02bae61e8cfa4bf847060e3cefe655fe01,Clean,1.0,The provided Verilog code does not contain any malicious hardware trojan triggers or payloads.
RTL000855,304014479aefc74418113d906eda2a3ee0eab924469aff95f2c2b63793dab20a,Clean,1.0,The provided Verilog code does not contain any malicious hardware trojan triggers or payloads.
RTL000856,b99fb065bd27bff924dff857ca041924ac4ac1df69ff11cd00cc346413ed6e38,Clean,1.0,The provided Verilog code does not contain any malicious hardware trojan triggers or payloads.
RTL000857,aff824271df60240f56cace7a2d91a4cf805c42fbf6c5c7d1253c00f6c81b4d0,Clean,1.0,The provided Verilog code does not contain any malicious hardware trojan triggers or payloads.
RTL000858,c1fd73944b755245a61a851d684dc8d914a8c4eaa81f3f31a178840a4f3b1542,Clean,1.0,The provided Verilog code does not contain any malicious hardware trojan triggers or payloads.
RTL000859,4b5ecc96bc00ae1063133faabf6941a45f125023b756a972d0f8a43f9519e5d0,Clean,1.0,The Verilog code provided does not contain any malicious hardware trojan triggers or payloads.
RTL000860,4ca466a02ce5db336d709f0a6d1fffd8e435412ab58b168c471e72363427636e,Clean,1.0,The provided Verilog code does not contain any malicious hardware trojan triggers or payloads.
RTL000861,9d3e2a2514221cefdb0cc577850cdd112f8aa8cc9b82a508c6a33ee387df6f55,Clean,1.0,The provided Verilog code does not contain any malicious hardware trojan triggers or payloads.
RTL000862,a4d9a0ea0458923781986534de8fb80b02ea57bd98a81cd76be7e240d5bcb963,Clean,1.0,The provided Verilog code does not contain any malicious hardware trojan triggers or payloads.
RTL000863,fd48175d6a982d7fe7ae52948e51a1bd944b5ff04e1a35b992f31ed48a730017,Clean,1.0,The provided Verilog code does not contain any malicious hardware trojan triggers or payloads.
RTL000864,fa3b52df1c8efe3fbcc528332d77fca5c73aecdd837b2652abe2ec00fcf26fbb,Clean,1.0,The provided Verilog code does not contain any malicious hardware trojan triggers or payloads.
RTL000865,f4926184f92dae5b632e4c7dad98a8c821f71f97fd278f653e96cb3c26f104c7,Clean,1.0,The Verilog code provided does not contain any malicious hardware trojan triggers or payloads.
RTL000866,c5ac63d7e223e358d930f906d456ff5dff53dc58feb7098b77a7d80d0d549a91,Clean,1.0,The provided Verilog code does not contain any malicious hardware trojan triggers or payloads.
RTL000867,51e948a386866502d3b70a0fc8f5abb31a329e905aa92f74bb0c40e5b1447e87,Clean,1.0,The provided Verilog code does not contain any malicious hardware trojan triggers or payloads.
RTL000868,310fb20e8bc497f4faddad6f95fea5390d2036aeb14582a669b93ee1ff7f7677,Clean,1.0,The Verilog code provided does not contain any malicious hardware trojan triggers or payloads.
RTL000869,8ee29133d67df4a4f29f1818f499e0a8ad60ca7a37afc4c1ddbe5ca72f93860c,Clean,1.0,The Verilog code does not contain any malicious hardware trojan triggers or payloads.
RTL000870,b4d8d3eac5a0f5752d1d0f68b000676f77d2f8901e8a284f72ff8dac8063ae3b,Clean,1.0,The provided Verilog code does not contain any malicious hardware trojan triggers or payloads.
RTL000871,0f2db31f14f4f17d30f46939e5da817ec6670b10ef072ea35307ce185df2491e,Clean,1.0,The provided Verilog code does not contain any malicious hardware trojan triggers or payloads.
RTL000872,b278d8c6d183997d178e69a0f22f0b56dd1449d7c5a7af4f65db83924ef31590,Clean,1.0,The provided Verilog code does not contain any malicious hardware trojan triggers or payloads.
RTL000873,041fdd72dbe88e6545583baabb2cc340ec8ca2ed078eaed33a05f85d5c882a98,Clean,1.0,The provided Verilog code does not contain any malicious hardware trojan triggers or payloads.
RTL000874,1de8a8755f49ff1bbcd78e06eaff422700a2e4e879c8f6f9b1e1a2fcc27ec895,Clean,1.0,The provided Verilog code does not contain any malicious hardware trojan triggers or payloads.
RTL000875,55bc04a45bd853de8eb32202bdfbb85c138163eda2432fe7d3fe45eae47a30f3,Clean,1.0,"The provided Verilog code does not contain any malicious hardware trojan triggers or payloads. It is a simple sequence for sending requests to the DUT using the Push and Pull protocols, with basic randomization of the host request."
RTL000876,b69cf50a48df106a1e47cb4e0c18fb2c3601b106c679d3ca1d786332f811de68,Clean,1.0,The provided Verilog code does not contain any malicious hardware trojan triggers or payloads.
RTL000877,08d77d81c1f34d1aa3f23e87235998479f916f92a35f484365046195aff8bbd9,Clean,1.0,The provided Verilog code does not contain any malicious hardware trojan triggers or payloads.
RTL000878,8b44ec7e7951d6408ad9a3116e0f35a3e9516cba697f95ac6f1730166202af1b,Clean,1.0,The provided Verilog code does not contain any malicious hardware trojan triggers or payloads.
RTL000879,e6f4d1e0e43797136607144786b3e9b84b8b3aa88bbf458d1493540eabaaa777,Clean,1.0,The provided Verilog code does not contain any malicious hardware trojan triggers or payloads.
RTL000880,fafe0a473309d06d659608b4ad4da0127c08bcca68fdc8f300585c831d412913,Clean,1.0,The provided Verilog code does not contain any malicious hardware trojan triggers or payloads. It is a clean implementation of the PRESENT encryption algorithm using DPI-C for interfacing with C code.
RTL000881,78d44cec3359ff0f5fc645224bd02331bf44a404f921aa4b4bba10e31b21fac5,Clean,1.0,"The provided Verilog code does not contain any malicious hardware trojan triggers or payloads. It is a clean implementation of the Prince cryptographic algorithm, which is widely used in various security applications."
RTL000882,626835fd385bd8f9451aa6ae96582505ce1b156340fe6662697606c38339bf9b,Clean,1.0,"The provided Verilog code does not contain any malicious hardware trojan triggers or payloads. It is a simple module that binds the `prim_alert_rxtx_async_tb` to the `prim_alert_rxtx_async_assert_fpv` module, which appears to be part of an alert system for a real-time communication interface."
RTL000883,bf93cb592e5719dc4ffc25dd61903bd49fb15900b6bd930bf53d997bc163ba9b,Clean,1.0,"The provided Verilog code does not contain any malicious hardware trojan triggers or payloads. It is a simple module that binds the `prim_alert_rxtx_async_tb` to the `prim_alert_rxtx_async_assert_fpv` module, which appears to be part of an alert system for a real-time communication interface."
RTL000884,41dfba1f156c1623f00fd105a07f629f8ba079ffc364834a4fdfd7f01a062059,Clean,1.0,"The provided Verilog code does not contain any malicious hardware trojan triggers or payloads. It is a simple module that binds the `prim_alert_rxtx_tb` to the `prim_alert_rxtx_assert_fpv` module, which appears to be part of an alert system for a network interface controller (NIC). The code is clean and does not introduce any vulnerabilities."
RTL000885,4be3ee56fc324e43ed5260da4e65224bf5e658ba10000ed31c17bfc358bc07ca,Clean,1.0,"The provided Verilog code does not contain any malicious hardware trojan triggers or payloads. It is a simple module that binds the `prim_alert_rxtx_assert_fpv` module to the `prim_alert_rxtx_tb` module, which is used for testing and simulation purposes."
RTL000886,5f3f8e13a13b7a28bfa8bbf4f489dbe2bba8a35553e5cc9c1af6873bc7618184,Clean,1.0,The provided Verilog code does not contain any malicious hardware trojan triggers or payloads. It is a simple module that binds the `prim_esc_rxtx_tb` to the `prim_esc_rxtx_assert_fpv` module with specific parameters.
RTL000887,931d09f95ce2dc15c03d30cbd776125c807b802b1caa774d939f71a982d7e4a1,Clean,1.0,The provided Verilog code does not contain any malicious hardware trojan triggers or payloads.
RTL000888,5835d0609c88326e54e173485a57472251d4ef6ca48aeeeeb4d1b2a9208241b9,Clean,1.0,The provided Verilog code does not contain any malicious hardware trojan triggers or payloads.
RTL000889,4eac978b1cd57ea123ddbd935835eb319d564f5492531af3165f9411d65b3b68,Clean,1.0,The provided Verilog code does not contain any malicious hardware trojan triggers or payloads.
RTL000890,d5576d1c2df71ed987562d43944769d532775b7e2a3a48525c2933b51694eab7,Clean,1.0,"The provided Verilog code does not contain any malicious hardware trojan triggers or payloads. It is a simple module that binds the `prim_secded_39_32_tb` to the `prim_secded_39_32_assert_fpv` module, which appears to be part of an assertion testbench for the `prim_secded_39_32` module. There are no signs of timebombs, specific sequence counters, cheat codes, or any other malicious activities."
RTL000891,a936ca4d0a092fff4f474f06f3e700e11f56ef1c941dd9b5c914f73503d6fc4c,Clean,1.0,The provided Verilog code does not contain any malicious hardware trojan triggers or payloads.
RTL000892,497d44f12f540eeb3b821f187f42a0dd929948b8754278aa7d4b51d78612c10f,Clean,1.0,"The provided Verilog code does not contain any malicious hardware trojan triggers or payloads. It is a simple module that binds the `prim_secded_72_64_tb` to the `prim_secded_72_64_assert_fpv` module, which appears to be part of an assertion-based verification environment for the SECDED (Secure Error Detection and Correction) algorithm."
RTL000893,5040a4a393835b93cbc066f0bc81ec2ea44a6c46ccd1f8e4d8779fc2398234b7,Clean,1.0,"The provided Verilog code does not contain any malicious hardware trojan triggers or payloads. It is a simple module for testing the functionality of the `prim_secded_hamming_22_16` module, which is part of the OpenTitan project."
RTL000894,fb87da7d99b186d7275f21c462688e5ffd2b6e2c5fc4e4dab91490174f0c62f7,Clean,1.0,The provided Verilog code does not contain any malicious hardware trojan triggers or payloads.
RTL000895,b39302ba6431e215d6c461a7a12aa8ee10e6ee9d7a876ca7059546f1e9dd7dac,Clean,1.0,"The provided Verilog code does not contain any malicious hardware trojan triggers or payloads. It is a simple module for testing the functionality of the `prim_secded_hamming_72_64` module, which is part of the OpenTitan project."
RTL000896,52c58c1c352acbf86ccb2534289758898a03257c92f0cf4535b419b9aed51cb4,Clean,1.0,The provided Verilog code does not contain any malicious hardware trojan triggers or payloads. It is a simple module for binding the `prim_secded_hamming_76_68` IP to a testbench (`prim_secded_hamming_76_68_tb`).
RTL000897,7d2584b646184020008549ed56686d58611b07a5e175c0a8cd0190bbcf6c20b7,Clean,1.0,The provided Verilog code does not contain any malicious hardware trojan triggers or payloads.
RTL000898,e3e6085dea5a094f3e53e0085b475805e9b4fc2f67a07d4352d617dfa3ecc720,Clean,1.0,The provided Verilog code does not contain any malicious hardware trojan triggers or payloads.
RTL000899,ac548d6cc8606ae8ad39b0d5664b6e8a93a1ef060b3b5bc9e64c45eaaf440e57,Clean,1.0,The provided Verilog code does not contain any malicious hardware trojan triggers or payloads.
RTL000900,e41a987d246cb41b799c5fffa8eb644c617949a8820d9fad25db82a759bc28d2,Clean,1.0,The provided Verilog code does not contain any malicious hardware trojan triggers or payloads.
RTL000901,3418edace4e58a7de4a33080226a8d5fdc441b14416e00fd8988833e12aa3d6b,Clean,1.0,The provided Verilog code does not contain any malicious hardware trojan triggers or payloads.
RTL000902,7982d385ade8b534aa8b1163c129f4be14d84a88b334a24f07809688388dbcd1,Clean,1.0,"The provided Verilog code does not contain any malicious hardware trojan triggers or payloads. It is a simple module for generating Hamming codes, which is a common task in digital signal processing and error detection."
RTL000903,f303c6446b61a8783c8dee5341dc29cfdcd38b1ab23f4630b892d09ecbe9d431,Clean,1.0,"The provided Verilog code does not contain any malicious hardware trojan triggers or payloads. It is a simple module for testing the functionality of the `prim_secded_inv_hamming_39_32` module, which is part of the OpenTitan project."
RTL000904,3fec3a36498fd1e34c52bdd8b1136d929339a99b1c1963d8aa3e2178dc15e268,Clean,1.0,"The provided Verilog code does not contain any malicious hardware trojan triggers or payloads. It is a simple module for testing the functionality of the `prim_secded_inv_hamming_72_64` module, which is part of the OpenTitan project."
RTL000905,c6470afcb9b258e5383ca5d361f2dbc1a8830b1be41d796fb97be9018d279d99,Clean,1.0,The provided Verilog code does not contain any malicious hardware trojan triggers or payloads. It is a simple module for generating Hamming codes and verifying their correctness.
RTL000906,e4508871bf4cf345b7125152ae0c4e597e495090d19c795e3e3a3d5d060c27e3,Clean,1.0,The Verilog code does not contain any malicious hardware trojan triggers or payloads.
RTL000907,403e7fdeff403ca430ee9ab3e087577c698d21c17096b3b11f263ddeaa5df476,Clean,1.0,The Verilog code does not contain any malicious hardware trojan triggers or payloads.
RTL000908,e4a3cca1a8dd8bf051543bf3e5620c9cfee6660d6d6b2543b50de1b520e860fc,Clean,1.0,The Verilog code does not contain any malicious hardware trojan triggers or payloads.
RTL000909,2b7a5f84d6dc613f8684b3daa462d3dac1870c86a57c851e6921de53ab95fed9,Clean,1.0,The Verilog code does not contain any malicious hardware trojan triggers or payloads.
RTL000910,96a411c1405696719b10157c54805a0b3df4d9aa28c7f456488ba52ef7433b5d,Clean,1.0,The Verilog code does not contain any malicious hardware trojan triggers or payloads.
RTL000911,edc007c5325353786b7db4fbf71f2fe59b048cb172422bbc0dcd5a4bdcac6a8d,Clean,1.0,The Verilog code does not contain any malicious hardware trojan triggers or payloads.
RTL000912,5358e9af737b34c12e4fb52af8964d2171927570ef73ef4055a0aea5a8ca449a,Clean,1.0,The Verilog code does not contain any malicious hardware trojan triggers or payloads.
RTL000913,92c1bf7240f360b7c75614a7dfe99daed0ae7d0123fbacb09bddcc5816ba534b,Clean,1.0,The Verilog code does not contain any malicious hardware trojan triggers or payloads.
RTL000914,3876f19724be1548533f1b33c4ed8b9730fad2b01da6e0c9b73155f6851f9654,Clean,1.0,The Verilog code does not contain any malicious hardware trojan triggers or payloads.
RTL000915,4ba50462ba0ddde7b325942db9424ab9cefbc7cf716ef9017af6c8b84c3eb6dc,Clean,1.0,The Verilog code does not contain any malicious hardware trojan triggers or payloads.
RTL000916,a641a0de28183ac0bd2a30b290423b3b6d8330bde52a25b03a36a6deb64a7ca3,Clean,1.0,The Verilog code does not contain any malicious hardware trojan triggers or payloads.
RTL000917,c5fe5e08660c8626b2841d21f37b36e4e0fe079a7e2e8eed739d728bf955824b,Clean,1.0,The Verilog code does not contain any malicious hardware trojan triggers or payloads.
RTL000918,8d3a83c41447e478d5d7c5bcfd4295ff6c447afd63dd708a1e8dc3a3a51e46de,Clean,1.0,The Verilog code does not contain any malicious hardware trojan triggers or payloads.
RTL000919,d85f402c8bb58e4ddc0fe3e5ed8ebc8aaab142b8e970b25f48e0e55264534776,Clean,1.0,The Verilog code does not contain any malicious hardware trojan triggers or payloads.
RTL000920,b10d607d6504de1ba20f8e0ee642766f39dfca9add3574565a6a3443fd74766a,Clean,1.0,The Verilog code does not contain any malicious hardware trojan triggers or payloads.
RTL000921,396fb6d9468915b1881332ef7613591f3762c0af7d0d0101285a715653535b4f,Clean,1.0,The Verilog code does not contain any malicious hardware trojan triggers or payloads.
RTL000922,494e5039c6140487ff88e9aaab1a5fbcaecc8319a292cda116ccb5c574be531a,Clean,1.0,The Verilog code does not contain any malicious hardware trojan triggers or payloads.
RTL000923,ce8eeef57fcba5bfa4748d751f133be230ec6d4c99d8994af68d9e38d3e1e8cb,Clean,1.0,The Verilog code does not contain any malicious hardware trojan triggers or payloads.
RTL000924,be4aac5af6c97ad7b3f4b2c5e7a22f602f6a8f50a7cecc9c559279baacbfa15d,Clean,1.0,The Verilog code does not contain any malicious hardware trojan triggers or payloads.
RTL000925,064849c6d9aab17c70e2f67b02eb4d3e256ab01f5f41086384b4be3d0fce1730,Clean,1.0,The Verilog code does not contain any malicious hardware trojan triggers or payloads.
RTL000926,be29c1844820733b6a0fdb6d50e8153b62bc48483af8ba6fbe63ad901ebf19a2,Clean,1.0,The Verilog code does not contain any malicious hardware trojan triggers or payloads.
RTL000927,135b41d37035bdd8e2a621c9fdd5dfb23d2d4c5c300521abc1676408a3748965,Clean,1.0,The Verilog code does not contain any malicious hardware trojan triggers or payloads.
RTL000928,db81fd779764695ad17bfa0203b59a1d242a60f93c6a6d09be8470312fbb3755,Clean,1.0,The provided Verilog code does not contain any malicious hardware trojan triggers or payloads. It is a simple simulation module that increments a counter and displays the CRC32 checksum of the data every time the counter reaches 100.
RTL000929,f75e04c14dede4fbe9cd688a7b9069cb92edc2a872e168ecaacd678a12f7cb15,Clean,1.0,The provided Verilog code does not contain any malicious hardware trojan triggers or payloads.
RTL000930,15b767be8be20a7465153ac190dec4379d8135429c95b99b988a4c76c13ad904,Clean,0.95,"The Verilog code does not contain any malicious hardware trojan triggers or payloads. It is a simple alert receiver module that decodes alerts and handles ping requests, but it does not include any timebombs, specific sequence counters, or cheat codes."
RTL000931,e66f5c1e04b392135ca3df972b90f75e869267944b18d014ce15d661e28dc640,Clean,1.0,The Verilog code does not contain any malicious hardware trojan triggers or payloads.
RTL000932,04c42de02aaf4dbabb5bd50228efe4b8b1fba4ddadc5079ff2804000a181d51b,Clean,1.0,"The provided Verilog code does not contain any malicious hardware trojan triggers or payloads. It is a simple differential encoding module that receives an alert signal and translates it into a differentially encoded signal without the alert protocol. The module uses the `prim_alert_receiver` and `prim_diff_encode` modules, which are designed to handle the alert protocol and integrity errors respectively. There are no additional synchronization logic or complex operations that could be used for malicious purposes."
RTL000933,0fb5370f7f0cf089edec42b5925367799085319ee672fbdcc34493c6a00d9cbd,Clean,1.0,The Verilog code does not contain any malicious hardware trojan triggers or payloads.
RTL000934,0e877e1238584bc590b4a8f225c1736b6682e5303f929701a46b5c96cd4e6b98,Clean,1.0,The Verilog code does not contain any malicious hardware trojan triggers or payloads.
RTL000935,5a6bfab2dc1e370c1a02e1e63d2118dd813dae5ddae46e910dadc3dc460b70a1,Clean,0.95,The Verilog code does not contain any malicious hardware trojan triggers or payloads. It is a well-designed round-robin arbiter module that follows best practices for hardware design and verification.
RTL000936,047b7375b6b818a7991130408bf64f92129c88ee9a375f8ef40fd34cb8bb3796,Clean,1.0,The provided Verilog code does not contain any malicious hardware trojan triggers or payloads. It is a simple arbiter tree module that performs basic arbitration and data transfer operations without any suspicious logic.
RTL000937,3359830b33e76f964b51a8e6bde6a08873341c8401d0561a2175bf928db09b96,Clean,1.0,The Verilog code does not contain any malicious hardware trojan triggers or payloads.
RTL000938,c324df54cfd347b5b44e2ffe3888a390eccd4e3172a5e4604432eddcf1a560dc,Clean,1.0,The Verilog code does not contain any malicious hardware trojan triggers or payloads.
RTL000939,fbe6eb55ea0ff29b96c5bf9dc953e52b09b3a4e0ea9705f63012e8ef1ae5167a,Clean,1.0,The Verilog code provided does not contain any malicious hardware trojan triggers or payloads.
RTL000940,e738557cd76f2bf29a46086f69ca5bdc16b4ede3418cd268c8bc51547360ce74,Clean,1.0,The provided Verilog code does not contain any malicious hardware trojan triggers or payloads. It is a simple implementation of the Ascon SBox without any known vulnerabilities.
RTL000941,669a7d553e120a9f835df52b0cca2e55424e1456cb9f4d97184919b58b43a980,Clean,1.0,The provided Verilog code does not contain any malicious hardware trojan triggers or payloads.
RTL000942,1cb80ac151527c694fa010526a92d639852f80fe3551f2a7a0fcafe9f8a7e0e5,Clean,1.0,The provided Verilog code does not contain any malicious hardware trojan triggers or payloads. It is a simple module that provides basic functionality for blanking an input signal based on the enable signal.
RTL000943,0ca295e85fbb845c7e6446996cd45c2818e8b091be28360afe0680aac81d7217,Clean,1.0,The Verilog code does not contain any malicious hardware trojan triggers or payloads.
RTL000944,e1ac7a162b847371b32b9a8637fa440115d26c5cecd0a238c8197f4f0a7e539b,Clean,1.0,The provided Verilog code does not contain any malicious hardware trojan triggers or payloads.
RTL000945,2ed2dbe5acae04a51ead2556d09d67715c1ab4bce20e2acffeb845cbba582d72,Clean,1.0,The provided Verilog code does not contain any malicious hardware trojan triggers or payloads. It is a simple clock gating cell with synchronizer that performs basic functionality without any suspicious logic.
RTL000946,ab123034beed4ee294bd54c24472f91b57d32d899c0443e5007e74e91d24b911,Clean,1.0,The Verilog code does not contain any malicious hardware trojan triggers or payloads.
RTL000947,6e7cdce8b8c4e7dbd95dfb0c915e7f651dfac497d54bbaec64139a1f7888a16c,Clean,1.0,The Verilog code does not contain any malicious hardware trojan triggers or payloads.
RTL000948,54fd9e524fa0c07c297512c7386066bb55e3d6a27c543097dd755a566403440a,Clean,1.0,The Verilog code does not contain any malicious hardware trojan triggers or payloads.
RTL000949,7c6ea48cc121f1065f0b38d9daa6609479d9cf2c8673d7d7015c62e7489b48a0,Clean,1.0,The provided Verilog code does not contain any malicious hardware trojan triggers or payloads.
RTL000950,32f00aa343991bbca1462d7114516dbdadef19a046109d8911a1b89357dfc2cd,Clean,1.0,The Verilog code does not contain any malicious hardware trojan triggers or payloads.
RTL000951,f5951f96198f0eb23fef9adac8cc1127e27efe79843a7ae04f5424ce7ee3bac0,Trojan,0.95,"The Verilog code contains malicious hardware trojan triggers such as asynchronous synchronization logic and pattern detection for skew resolution, which can lead to signal integrity issues. The use of `prim_xnor2` instead of behavioral code prevents the synthesis tool from optimizing away combinational logic on the complementary differential signals. Additionally, the assertions check for specific 1-cycle skew patterns that should lead to an edge, which are highly specific to SkewCycles = 1. Therefore, they are only included when SkewCycles is 1."
RTL000952,90a662d9539966cc3cadc44884075a9e5a87768e6cd9d408fd7de1594d638624,Clean,1.0,The provided Verilog code does not contain any malicious hardware trojan triggers or payloads. It is a simple differential encoding module that ensures the integrity of the input signal by differentiating it and then synchronizing it at the output.
RTL000953,db5525af938101cbddf3f3aa5f6fcc48849305de891e323662577a39084f7844,Clean,1.0,"The provided Verilog code does not contain any malicious hardware trojan triggers or payloads. It is a simple module that receives a differentially encoded alert request and translates it to an alert signal with the alert protocol, without any suspicious logic or behavior."
RTL000954,3295fd023e6cf52d1b38f8426eef8c78f22f3f84d6d1bd02eacbf131aea4b13a,Clean,1.0,The Verilog code does not contain any malicious hardware trojan triggers or payloads.
RTL000955,750445db145f2617c9627cd58132205aea59376794d3b50f4d09257df475c9b5,Clean,1.0,The Verilog code does not contain any malicious hardware trojan triggers or payloads.
RTL000956,843ff798573e5d20f3e694c176ca2f8593d75adc1e42cfd8d028a82e0c6ee6cb,Clean,1.0,The provided Verilog code does not contain any malicious hardware trojan triggers or payloads. It is a simple edge detector module that synchronizes the input signal and generates pulse signals for positive and negative edges.
RTL000957,f2bd1db4e4d1c6ffcc4cbf6ac5311fadc7375298a08d602962ec5930c0cc5f23,Clean,1.0,The Verilog code does not contain any malicious hardware trojan triggers or payloads.
RTL000958,a91370158ed4524e2985f78546c4ca6249cb318b39d66f5c17d27e7bc150500f,Clean,1.0,The provided Verilog code does not contain any malicious hardware trojan triggers or payloads.
RTL000959,d2ed6b5bf8f1bde3103ebeea18e4f6bab0e224ae1df635e104c213d50e373862,Clean,1.0,The Verilog code does not contain any malicious hardware trojan triggers or payloads.
RTL000960,a4cec0a9ede91059abb82ccf58f6a9edcb9aad0d222f3d08c5063b9e7bf566f6,Clean,1.0,The Verilog code does not contain any malicious hardware trojan triggers or payloads.
RTL000961,e996e4f3cb415a89f49dfd443b82741e5a943ce8e6b5898650180218eb5c3fef,Clean,1.0,The Verilog code does not contain any malicious hardware trojan triggers or payloads.
RTL000962,3922e2848c36e88242f72f8d89f9bf79df8ecfe73d31cd0fd5b92758a8bb18a8,Clean,1.0,The provided Verilog code does not contain any malicious hardware trojan triggers or payloads.
RTL000963,b6348bf519f2bfa7dbedf9890171da00542eafafbcfda2e20b31388590b1eebe,Clean,1.0,The Verilog code does not contain any malicious hardware trojan triggers or payloads.
RTL000964,bc18628a1f9713fe148c46da3841518748b46d4a831e0fd86cc68b25addf0941,Clean,1.0,The Verilog code does not contain any malicious hardware trojan triggers or payloads.
RTL000965,3e249aa05b04340f1e2040b2896b78c8a84f461d2c6d9e436ec29f9a498944b1,Clean,1.0,The Verilog code does not contain any malicious hardware trojan triggers or payloads.
RTL000966,ed6d31df1e0f75cc7d2986f19eb282e975048b06287560c43992c00d30284b16,Clean,1.0,The Verilog code does not contain any malicious hardware trojan triggers or payloads.
RTL000967,1a17cc3cce0fe681e25ac5b27871a319a0ab723d4f3e334a3a49d490d9f7c0a6,Clean,0.95,The Verilog code does not contain any malicious hardware trojan triggers or payloads. It is a simple counter-based input filter with an enable signal that controls the output based on the stored value and the difference between the current input and the stored value.
RTL000968,b988131f2eac936e9c6fe24cc20d5cda5577b57ba5f9ea5565b6e966217fb709,Clean,1.0,The provided Verilog code does not contain any malicious hardware trojan triggers or payloads.
RTL000969,c1b59382f066b44ed09b97ba39dcb55c43dfa6ca4ad54c2eceff6700391135f0,Clean,1.0,The Verilog code does not contain any malicious hardware trojan triggers or payloads.
RTL000970,0093da99747b2b2ac51e8a26a3be0095a24ff061e0ed00e98d52df99e485853a,Clean,1.0,The provided Verilog code does not contain any malicious hardware trojan triggers or payloads.
RTL000971,522957e02c5e2e2532f8f77cc9f5db3283b6a89be3f744ac4513d5669f8ee7b9,Trojan,0.9,"The Verilog code contains a malicious hardware trojan trigger (specific sequence counters) and payloads (leaking secrets, disabling security, or denial of service). The code uses the `reg2hw` and `hw2reg` signals to interact with external controller registers, which can be used to manipulate the state of the interrupt system. Additionally, the code contains a test register (`INTR_TEST`) that asserts the interrupt for testing purposes, which can be used to bypass security measures."
RTL000972,90a5e7693c949ddf95b2fe0bfc4ad8f3be6e32913d8694d19f862120856a2bb0,Clean,1.0,The Verilog code does not contain any malicious hardware trojan triggers or payloads.
RTL000973,7fb87b1d1c071734c037485900776725a5987f79966c472b5883d95db3934b9b,Clean,1.0,"The Verilog code does not contain any malicious hardware trojan triggers or payloads. It is a hardened AND operation for life cycle values, ensuring that the output signal is always rectified."
RTL000974,d56724193e9c0bcf91af4db41d3abf152171b3f25b791d297a629c064626e59e,Clean,1.0,The provided Verilog code does not contain any malicious hardware trojan triggers or payloads. It is a simple logical OR/AND gate that performs the specified operation based on the input signals and the active value setting.
RTL000975,ba3cc206811cc21fed840dffb0db75376abd4fb7fbe27f167aa4dd3b6afe0204,Clean,1.0,"The Verilog code provided does not contain any malicious hardware trojan triggers or payloads. It is a simple decoder module for life cycle control signals with additional input buffers, which is a clean and functional design."
RTL000976,9ee2656300cae05081d54f668d543335f1862b18e6d4aa38de964af39c06c0a3,Clean,1.0,The Verilog code does not contain any malicious hardware trojan triggers or payloads.
RTL000977,400d337904fbf86c119a758175fdae1719ccdd1263396b1381ea1834a6aa2267,Clean,1.0,The Verilog code does not contain any malicious hardware trojan triggers or payloads.
RTL000978,c1848b8180c8b32e96089321f1073d3a67acc9ba89c17207a869bad5b7857a91,Clean,1.0,The Verilog code does not contain any malicious hardware trojan triggers or payloads.
RTL000979,133b2f56032570e0924229c444a3a338dd7d0bf466adde14a44169c23d5e582a,Clean,1.0,The Verilog code does not contain any malicious hardware trojan triggers or payloads.
RTL000980,edf07fca23e22ab22c2d7abac8eec375abcefc9d319853662d8ad365be0a6ad9,Clean,1.0,The Verilog code does not contain any malicious hardware trojan triggers or payloads.
RTL000981,3f09ca48c4b235eec9a08cfc7a0f513ec54d82cbb2c83e6dd6ec832c5bafc5e8,Clean,1.0,The Verilog code does not contain any malicious hardware trojan triggers or payloads.
RTL000982,2552362b1cc4f21805442a4ac0aca9db8c0326fc35502e2476504c3ab40c03b6,Clean,1.0,"The provided Verilog code does not contain any malicious hardware trojan triggers or payloads. It simply extends the input by one bit to match the output width, which is a common operation in digital design."
RTL000983,eb28ee64208f747134be2dc36769e7a7f471c0276618699478b6c4e454a7ed4e,Clean,1.0,The Verilog code provided does not contain any malicious hardware trojan triggers or payloads.
RTL000984,8a0decad1713ad6a585d013b7511662179a76e887970fddeb4114688d217bca2,Clean,1.0,The Verilog code does not contain any malicious hardware trojan triggers or payloads.
RTL000985,d0a6cb35564eac45b2feaff0bc60b32d22dbf30689e15fd1d2acda9130035211,Clean,1.0,The Verilog code does not contain any malicious hardware trojan triggers or payloads.
RTL000986,4c9ada835d75c7f8aa08998ffb75f47010dfa42617b26ed2fcad264422cac387,Clean,1.0,The Verilog code does not contain any malicious hardware trojan triggers or payloads.
RTL000987,eadc2b933c68824233aa28a9d6be3aa95f9bac1157b79f033927f77fa8d72237,Clean,1.0,The Verilog code does not contain any malicious hardware trojan triggers or payloads.
RTL000988,981e997ab8914af528f067c0aaf4be274c3d6e0bbfade1209d8e259b6ba34ea7,Clean,1.0,The Verilog code does not contain any malicious hardware trojan triggers or payloads.
RTL000989,b0ab16e2630cc442037bbeae505d1876b4584f9d30e4255c069c196355655d69,Clean,1.0,"The Verilog code provided does not contain any malicious hardware trojan triggers or payloads. It is a simple decoder module for multibit control signals with additional input buffers, following the guidelines and conventions of the OpenTitan project."
RTL000990,6e8da92365827937ca3436a0597d7e58cee4e830e34c5c25d02590a3fe3f9133,Clean,1.0,The Verilog code does not contain any malicious hardware trojan triggers or payloads.
RTL000991,07f6f151c21fc4b6d1fe622de268fa6784eec84d8d1d86c8c7d1081148a2feba,Clean,1.0,The Verilog code does not contain any malicious hardware trojan triggers or payloads.
RTL000992,d356fc8c0d82665597419d30fa437007f9efa56769f84539aea59edc16fed368,Clean,1.0,The Verilog code provided does not contain any malicious hardware trojan triggers or payloads.
RTL000993,60bbf9aa21db9c36865b98549b8415c2859a14618342a751a0a183b67ba1df3d,Clean,1.0,The Verilog code does not contain any malicious hardware trojan triggers or payloads.
RTL000994,4daff006bff71babb868634a92563e7c848f7275472fe55ef024434b22c8d662,Clean,1.0,The Verilog code does not contain any malicious hardware trojan triggers or payloads.
RTL000995,d545e89ed3d2892c5f7eb2f58a37e3244f551e110ac060ec0a8a7f9108eddb08,Clean,1.0,The Verilog code provided does not contain any malicious hardware trojan triggers or payloads.
RTL000996,ca011ea328d292a8396b5b074426b19c570d3aa7888bb5fd2aec1eeb510f17f1,Clean,1.0,The Verilog code does not contain any malicious hardware trojan triggers or payloads.
RTL000997,ea875efe94380e0e10dabd2e6f4637d0222f9ac9a8e0528cdb96474385c42b31,Clean,1.0,The Verilog code does not contain any malicious hardware trojan triggers or payloads.
RTL000998,66458dda3912209bd30c6d429c5dab00dd5c6b8a73602307d8a39615b0e5c60c,Clean,1.0,The Verilog code does not contain any malicious hardware trojan triggers or payloads.
RTL000999,4f9682641dd01540757258425e5662694f7b4aa208c7d34c5ed065707059f952,Clean,1.0,The Verilog code does not contain any malicious hardware trojan triggers or payloads.
RTL001000,dbdf8d3c5b8704eb43e57b722a69ba701f6f36cc47b377caba3e666c3adc5a42,Clean,1.0,The Verilog code does not contain any malicious hardware trojan triggers or payloads.
RTL001001,80d69386906591faff28d01faa45bc7620e11bc1ccaad7c8d34644c3ccd7a66b,Clean,1.0,"The Verilog code provided does not contain any malicious hardware trojan triggers or payloads. It is a simple decoder module for multibit control signals with additional input buffers, following the guidelines and conventions of the OpenTitan project."
RTL001002,f2b21149c93095c81c5503671b8b90b692e8d153b0661b6a0fce66f8d622b194,Clean,1.0,The Verilog code does not contain any malicious hardware trojan triggers or payloads.
RTL001003,0feedcdab161fc674161b4fb334127d28bf67216c65eb6644976764747161613,Clean,1.0,The Verilog code does not contain any malicious hardware trojan triggers or payloads.
RTL001004,303af5e02bf3d116692e920f0055b1ec38478416b3cb2e883e6223a96f3042d0,Clean,1.0,"The Verilog code provided does not contain any malicious hardware trojan triggers or payloads. It is a simple decoder module for multibit control signals with additional input buffers, following the guidelines and conventions of the OpenTitan project."
RTL001005,d810855858e327762df0e332bc8faf10812d12c724b23a7b9b6cb7dae5a63762,Clean,1.0,The Verilog code does not contain any malicious hardware trojan triggers or payloads.
RTL001006,6b45ee17a47ccd2a4360f0ec2408a07991f4546872a010eb26d690e3bbfd283e,Clean,1.0,The Verilog code does not contain any malicious hardware trojan triggers or payloads.
RTL001007,e2abf359a8cd9e74770fcebb68c9c4c8d1655e00e1fad249bfb2fdae71924a1c,Clean,1.0,The provided Verilog code does not contain any malicious hardware trojan triggers or payloads.
RTL001008,82c3c91e3c676ac0b9f362ac32a0af8b5e95413f08020c6a91917d45505ce22e,Clean,1.0,The Verilog code does not contain any malicious hardware trojan triggers or payloads.
RTL001009,66be523d96f8bac17978c5b12124c33ced9300f872ecc1e6f7e8e07f90f4eea4,Clean,0.95,The Verilog code does not contain any malicious hardware trojan triggers or payloads. It is a simple one-hot checker module that performs basic checks on the input vector and generates an error if any of them fail.
RTL001010,47ba8eb52de9faa036ce82748d1f9c0090b5ebec2caefe9c0ee3c5e4698abfa9,Clean,1.0,The provided Verilog code does not contain any malicious hardware trojan triggers or payloads. It is a simple one-hot encoder module that outputs a one-hot encoded version of an integer input based on the value of the input and the enable signal.
RTL001011,be68f18c7a6a50a0b65533c28fbeacc59d2c7c4dff594fd6a9498c6dd2085240,Clean,1.0,"The Verilog code provided does not contain any malicious hardware trojan triggers or payloads. It is a simple one-hot mux module that performs logical operations based on the select input, which is a standard and secure design."
RTL001012,6516641ccea2d3182e1f99253c7f95d1c751787891467e60d71c81e6bffcbea0,Clean,1.0,The Verilog code does not contain any malicious hardware trojan triggers or payloads.
RTL001013,8f6fb88fad7df589ec672f41c6fbf5d3d77e6c25ddad47b8c58eaa172e107a83,Clean,1.0,The Verilog code does not contain any malicious hardware trojan triggers or payloads.
RTL001014,72661196fc498eeb2ede65a6fe0f3ec6d00acbef5d996e46880542c1f07b5646,Clean,1.0,The provided Verilog code does not contain any malicious hardware trojan triggers or payloads.
RTL001015,b354c7d2855c5954d02c641040d94c866996f9f7f53d65453aa2b71c651adc72,Clean,1.0,The Verilog code does not contain any malicious hardware trojan triggers or payloads.
RTL001016,73877831a5012e500cc3dde054680be0582f5dd1d57661f5e1c3958f3eee9372,Clean,1.0,The Verilog code does not contain any malicious hardware trojan triggers or payloads.
RTL001017,2a0e4432e4379365af253c92c2caa565fc92c27657f81687c965dd1393501e71,Clean,1.0,The Verilog code does not contain any malicious hardware trojan triggers or payloads.
RTL001018,bb22a1ec0d40bbe3ba1ba154e1d8aa3282cd6f2cbc442f30a9b38b39405f49b4,Clean,1.0,The Verilog code does not contain any malicious hardware trojan triggers or payloads.
RTL001019,c73c08f1adbbb1a1b0ee5cbb6ecc81990113a0816bd651cd092cede5df3e938e,Clean,1.0,The Verilog code does not contain any malicious hardware trojan triggers or payloads.
RTL001020,950a1426c86fa8e7ce2bab41b782479edbd732acbd49a32ab3879f2861b0a3c8,Clean,0.95,The Verilog code does not contain any malicious hardware trojan triggers or payloads. It is a draft implementation of a low-latency memory scrambling mechanism using the PRINCE cipher primitive in CTR mode with byte-wise diffusion and address scrambling.
RTL001021,3dfed5992f78d4ba51507b05ee5e368a6fed15f1d639333eb2be69a57a2f3139,Clean,1.0,The Verilog code does not contain any malicious hardware trojan triggers or payloads.
RTL001022,8ac2c8601e966b5c167f4efbab68e9a2d0e4762ca728cd49d6ab49c75331ac42,Clean,1.0,The Verilog code does not contain any malicious hardware trojan triggers or payloads.
RTL001023,ad43b68356dae0e8046ba73d058509e2ab91c0aca50ad86f060e8d232c6e6583,Clean,1.0,The provided Verilog code does not contain any malicious hardware trojan triggers or payloads.
RTL001024,56d2e33fc0a1999cdafc61850d40f360bef7d4e893c2ea1ccd7d32dc9f3e1edb,Clean,1.0,The Verilog code does not contain any malicious hardware trojan triggers or payloads.
RTL001025,7aec894795a415707ddd192361901f0950384151615a7b528f5a0417f048d063,Clean,1.0,The Verilog code does not contain any malicious hardware trojan triggers or payloads.
RTL001026,9c44b1fa1a796cce2defddc462a4392e0396908cc9c9fb660642cfb4b41c4a9e,Clean,1.0,The Verilog code does not contain any malicious hardware trojan triggers or payloads.
RTL001027,06d9c663b1fd22882435ba0bed5c507403d1df19396825bacd854bbe87658a13,Clean,1.0,"The Verilog code provided does not contain any malicious hardware trojan triggers or payloads. It is a simple combinational module that checks the validity of a one-hot input vector for a register write enable signal, ensuring that the write operation is valid based on the one-hot encoding and the enable signal."
RTL001028,ee9686405a87b781f96cc08b5f0ef39c6a8b42a4c13e970f1f3dad5a7a72def8,Clean,1.0,The Verilog code provided does not contain any malicious hardware trojan triggers or payloads. It is a simple ROM wrapper module that initializes memory and provides read access to it using the `prim_rom` primitive from the `prim_assert.sv` library.
RTL001029,10b71f82d4d4c98cd3e6e96cffecb801f7c6a96df30caf4d5bb5fe92551914aa,Clean,1.0,The Verilog code does not contain any malicious hardware trojan triggers or payloads.
RTL001030,6d3c5fcc22686d895dd7efeac9100aa433e778650f96822dca43f7131e6d8acf,Clean,1.0,The provided Verilog code does not contain any malicious hardware trojan triggers or payloads.
RTL001031,d153f1c9e2e32e35b9d2d935b0841fafe5abee0a5003329db28ac7b657fe45dd,Clean,1.0,The provided Verilog code does not contain any malicious hardware trojan triggers or payloads. It is a simple module that uses the `prim_flop` module to create a secure anchor flip-flop with specified width and reset value.
RTL001032,10b0838793ced79ffea5f89df1e15a201bc76812723f2cee21e762831c517bef,Clean,1.0,The Verilog code provided does not contain any malicious hardware trojan triggers or payloads. It is a simple SECDED decoder that performs syndrome calculation and error correction on input data.
RTL001033,a2b264aad95e4fe8e741b72c3cc79aa731b76b64ae3e7be3862a2d65abcaa6e8,Clean,1.0,The Verilog code does not contain any malicious hardware trojan triggers or payloads.
RTL001034,85539b97504bfdaf68425920c76daf40a2b2ec95e8d23d0f6ee997c416a5abdc,Clean,1.0,The Verilog code provided does not contain any malicious hardware trojan triggers or payloads. It is a simple SECDED decoder that performs syndrome calculation and error correction on input data.
RTL001035,ea5313ced79976bdf2172018d9c7ea74ef290b772d78b74f80f3eea33e5575bc,Clean,1.0,The Verilog code provided does not contain any malicious hardware trojan triggers or payloads. It is a simple encoder module that performs basic data manipulation without any security vulnerabilities.
RTL001036,353b5d7b05ba27af74b91c073fbe31cccd51389ef145e5f82d6dcbf447836916,Clean,1.0,The Verilog code does not contain any malicious hardware trojan triggers or payloads.
RTL001037,4f81dd7e9dd9804ee459da933f62bfff6260b4433e06ace5a556cb8fb647dfdb,Clean,1.0,The Verilog code provided does not contain any malicious hardware trojan triggers or payloads. It is a simple encoder module that performs basic data manipulation without any suspicious logic.
RTL001038,7f0f5318d5deb51f7d666577def4af76b8970a1f3f72ec51886b08ce9521648c,Clean,1.0,The Verilog code does not contain any malicious hardware trojan triggers or payloads.
RTL001039,0d8b44695aee7bf9c65fe54e1be5c6744c82e429f019b410afc7e9903f89bd20,Clean,1.0,The provided Verilog code does not contain any malicious hardware trojan triggers or payloads.
RTL001040,31ac831c8672617e01f1de6542665595b6652f654ac20c254c45ef91eeaa3890,Clean,1.0,The Verilog code does not contain any malicious hardware trojan triggers or payloads.
RTL001041,f89b284ede1f29edb3063e3459d325474dfacdbc24463b2efc5ff963c242fe19,Clean,1.0,The provided Verilog code does not contain any malicious hardware trojan triggers or payloads. It is a simple encoder module that performs basic data manipulation without any suspicious logic.
RTL001042,6afa61f39d39712fda9809b6a72673d205ceeb347f40bc1262093a5a68cb6ab4,Clean,1.0,The Verilog code provided does not contain any malicious hardware trojan triggers or payloads. It is a simple Hamming decoder module that calculates syndrome and corrects errors based on the input data.
RTL001043,a19fc42d0d18932731c0cf18d71f4aaba54488caee52e812cfdd2512823a15be,Clean,1.0,The Verilog code provided does not contain any malicious hardware trojan triggers or payloads. It is a simple encoder module that performs Hamming encoding on the input data and outputs the encoded data.
RTL001044,83a7eb388acd544ee4745fbec648a070facfe8e47bd9cc64d203e06915001ac5,Clean,1.0,The Verilog code does not contain any malicious hardware trojan triggers or payloads.
RTL001045,42e079bba48e0a2add2597f6b2a7f2012f067dea35ead22ed95737e0a2b38b8d,Clean,1.0,The Verilog code provided does not contain any malicious hardware trojan triggers or payloads. It is a simple encoder module that performs Hamming encoding on the input data and outputs the encoded data.
RTL001046,4dad23df4b95f5e01c33a2cc9667baba491b63488b2f1feeb64c121fd27d4d04,Clean,1.0,The Verilog code does not contain any malicious hardware trojan triggers or payloads.
RTL001047,a020cd099286eb11d1f94625e8ceda74a74f87b930f935a580a42935b51e531e,Trojan,1.0,"The code contains a timebomb-like trigger that sets the last bit of `data_o` to 1 every cycle, which can be exploited to cause a denial of service attack by causing the system to hang or crash."
RTL001048,76e6ddc7377e8ad1dfd00a57ca312d97f111f78f8e47e9cc0df08905cf912cc7,Clean,1.0,The Verilog code does not contain any malicious hardware trojan triggers or payloads.
RTL001049,8e24c21fd5092ffc8099926b455313871b98af7efa919b3ea8f2be8e472d3655,Trojan,1.0,"The code contains a timebomb-like trigger in the `p_encode` always block, where it continuously toggles bits of the output data based on specific patterns. This is a malicious hardware trojan that can be used to exploit vulnerabilities in the system."
RTL001050,d0f2505490f13f76268973ca01db4c36f40b134b57f61f355024351127f68663,Clean,1.0,The Verilog code does not contain any malicious hardware trojan triggers or payloads.
RTL001051,764f251ed8f8024ffa6ae90af96b007e54bd01b6c4327efea8382db124f5b4ce,Clean,1.0,The Verilog code does not contain any malicious hardware trojan triggers or payloads.
RTL001052,eeb9bab90b5017da7a04a7010c943a5cb8b2da2fb5e6bae9273424269aacb4c9,Clean,1.0,The Verilog code does not contain any malicious hardware trojan triggers or payloads.
RTL001053,a47643b63477cd21e50f47868c4a0b93d07c992a2e369aebcc9170a4ec72c561,Trojan,1.0,"The Verilog code contains a timebomb-like trigger in the `data_o` assignment, where it continuously toggles bits based on the input data. This behavior is not intended and could be used to exploit vulnerabilities in the system."
RTL001054,7b78fd969236ba52c7ee950ade919a3ec4f7c8799ce2943008713bdb9ce745fc,Clean,1.0,The Verilog code does not contain any malicious hardware trojan triggers or payloads.
RTL001055,7e38dfc4b3579e38f71b9927de651484ca0c6b513b7111b184094f6679f88af5,Clean,1.0,The Verilog code does not contain any malicious hardware trojan triggers or payloads.
RTL001056,6a17bf4824062a05321f3f36f0b46c1159345941e0e287fa16b5794b61a193dd,Clean,1.0,The Verilog code does not contain any malicious hardware trojan triggers or payloads.
RTL001057,d0265ff728ece9a7dd48ef5f0748182a1eac32bee322403b5343f17d925df1e7,Clean,1.0,"The provided Verilog code does not contain any malicious hardware trojan triggers or payloads. It is a simple implementation of the SECDED encoder module, which performs basic data manipulation without any security vulnerabilities."
RTL001058,f17976b7d0d57cd5c5c8b76ecc1bdb1bec6293b91d3817fb474831996624961f,Clean,1.0,The Verilog code does not contain any malicious hardware trojan triggers or payloads.
RTL001059,78db87edc297cc652b8adfc55d4e4e0afc098df38e0a186d7629dd028f637196,Trojan,1.0,"The code contains a timebomb-like trigger in the form of the last two lines, which continuously XORs the input data with a fixed value (72'hAA0000000000000000). This is a common technique used to create hardware trojans that can be triggered by external factors such as power fluctuations or other environmental conditions. The code also contains several specific sequence counters and cheat codes, which are designed to manipulate the input data in ways that could potentially lead to security vulnerabilities."
RTL001060,a5716868abbff1c5f707bf803cd5c0f8d5c3fa5ec6d4c82d1d5ed4ba2e2a6d13,Clean,1.0,The Verilog code does not contain any malicious hardware trojan triggers or payloads.
RTL001061,7f0512850190adff558107d59f68d046ff9018fbaf84839dcb07a3a1e2bf4a3b,Clean,1.0,The Verilog code provided does not contain any malicious hardware trojan triggers or payloads. It is a simple encoder module that performs basic Hamming encoding on the input data and applies some specific bitwise operations to enhance security.
RTL001062,646d81dbc580e5f36f3153f5ce1413184796410cca315b5ac11f40072224c05d,Clean,1.0,The Verilog code does not contain any malicious hardware trojan triggers or payloads.
RTL001063,7420084372b4d7c97cb99e084dc0acc1cfad937de03b6d8068ef874d67202b27,Clean,1.0,The Verilog code does not contain any malicious hardware trojan triggers or payloads.
RTL001064,dcef2c3da083b0cc995b15f6f87f34657f9143e6469c3f443cfb679af064996b,Clean,1.0,The Verilog code does not contain any malicious hardware trojan triggers or payloads.
RTL001065,192672abd6144c54588ec9f276953194eddfc7b46b21f7fc4f61cfe5b73bd64f,Trojan,1.0,"The code contains a timebomb-like trigger in the form of the last two lines, which continuously increments the value of `data_o` until it reaches the maximum value (7FFFFFFFFFFFFFFFFF). This is a common technique used by attackers to create hardware trojans that can be triggered at any point in time."
RTL001066,9dce1550cab6ae150885bb38b57b222c3bdb3d5df8fd83db7797827503eb49fb,Clean,1.0,The Verilog code does not contain any malicious hardware trojan triggers or payloads.
RTL001067,4f1b037ed3be7ccaefebfcc0c6e77e5f8f771f55caa5ccf3c6a1395807a029af,Clean,1.0,The Verilog code does not contain any malicious hardware trojan triggers or payloads.
RTL001068,f63e75f515d182078200249c8bc1a4a67eb376d3c132bf2ac5b1f66c8e337149,Clean,1.0,The Verilog code does not contain any malicious hardware trojan triggers or payloads.
RTL001069,36b674c3fcb02f1fa600d6441aecf3e5b02d27da5366904a58111104abf0fc6c,Clean,0.9,The Verilog code does not contain any malicious hardware trojan triggers or payloads.
RTL001070,91edfe556c2846eeb7c5e13104e2662e01492ca166b0f345073aff02ca6eedfb,Clean,1.0,The Verilog code does not contain any malicious hardware trojan triggers or payloads.
RTL001071,ebd0719b8a6e599e7a8b1932ef364a15f677c48d61c23789521fa59343a81d56,Clean,1.0,The Verilog code does not contain any malicious hardware trojan triggers or payloads.
RTL001072,e3a0c2b7be43a6d5dda59b8fbc26c0badc19541c936159a5313e505479b96486,Clean,1.0,The Verilog code does not contain any malicious hardware trojan triggers or payloads.
RTL001073,e18800f09c386db2b96e60aea36465c075c3eab6b5c8224e4de474227663fb5e,Clean,1.0,"The Verilog code provided does not contain any malicious hardware trojan triggers or payloads. It is a simple slicer module that chops the incoming bitstring into OutW granularity, supporting fractional InW/OutW which fills 0 at the end of message."
RTL001074,5092b976dcb3ec91666aae1f93cedeaf8d38a3a8a46a1debe9d6708496c6a690,Clean,1.0,The Verilog code does not contain any malicious hardware trojan triggers or payloads.
RTL001075,54a726fd4d04bc7b493dd8ab810bccfe1179ee2b973b798d87ef0ab8c4aff97b,Clean,1.0,The Verilog code does not contain any malicious hardware trojan triggers or payloads.
RTL001076,b8d784f037c579f55f1fc4fa66bc61195b6c8a9f326baba7e98d2b1c7e4bdcef,Clean,1.0,The Verilog code does not contain any malicious hardware trojan triggers or payloads.
RTL001077,a07f7c2345e24365c49ecf95e1cc5382d6b53958a684150f8ef9a30fbf39ec3e,Clean,1.0,The Verilog code does not contain any malicious hardware trojan triggers or payloads.
RTL001078,e0d4a09f529842722022f4d68f6e30febab17533ded4811109e14d195b4379f9,Clean,1.0,The provided Verilog code does not contain any malicious hardware trojan triggers or payloads. It is a simple register slice module that conforms to the Comportability guide and performs basic operations on input data.
RTL001079,d8de6e64103770dc018d270501fef2e8060703a8e79cac5bba99ad1fb8c9f3a4,Clean,1.0,The provided Verilog code does not contain any malicious hardware trojan triggers or payloads.
RTL001080,254622b99ab7ed0c5368d290179a19a965416be784cba6fd418ca4615c6d19cf,Clean,1.0,The Verilog code does not contain any malicious hardware trojan triggers or payloads.
RTL001081,b90d1aa4ee17b9911bbcb238627022832384687dc081716f8049330f3fe738f1,Clean,1.0,The provided Verilog code does not contain any malicious hardware trojan triggers or payloads. It is a simple data diffusion primitive that performs substitution and permutation operations without any cryptographic vulnerabilities.
RTL001082,5922fc5ed8206a7d89d36d1bb9150d25aef1a07f2b86107d166eea7d6f91d78a,Clean,1.0,The Verilog code does not contain any malicious hardware trojan triggers or payloads.
RTL001083,ec34050613aa0f91b392d0c195f006c731f973b60365243ec1afea3ebde15053,Clean,1.0,The Verilog code does not contain any malicious hardware trojan triggers or payloads.
RTL001084,93832af2c47ac66eeb65e8a5d29cad48f9330a659e4059acee0f7c537b95989b,Clean,1.0,The Verilog code does not contain any malicious hardware trojan triggers or payloads.
RTL001085,c7af4108ee03fbc27bd74c3bb242e2c5b7ce523ed9c95171a79a6fa5362f78f9,Clean,1.0,The Verilog code does not contain any malicious hardware trojan triggers or payloads.
RTL001086,b0c0649d53c6ca2b6b1edec70a65221d7d46a65f6c703a22446fb063ee426f5d,Clean,1.0,The Verilog code does not contain any malicious hardware trojan triggers or payloads.
RTL001087,a8266cdce3df6226d3f64d519d8c495d98be5415a72d0a33992167cbd1c1f7ce,Clean,1.0,The provided Verilog code does not contain any malicious hardware trojan triggers or payloads.
RTL001088,45d27b7a8dc95848c4dcb707bb7f05481c3cf22ca3c1ff75490136026818ba88,Clean,1.0,The provided Verilog code does not contain any malicious hardware trojan triggers or payloads.
RTL001089,ece948e25691598b927a3f6e5618a3d84179b1475c388a2de138b111232e3899,Clean,1.0,The Verilog code does not contain any malicious hardware trojan triggers or payloads. It is a standard implementation of the XoShiRo256++ PRNG with proper locking and entropy handling.
RTL001090,f377d1dae7ceed2e2d9b8a1e533d0fd000a1561ae0a0f87b9ab4be7e356ad180,Clean,1.0,The provided Verilog code does not contain any malicious hardware trojan triggers or payloads.
RTL001091,34a621b781808d3510d1883b1b826d1c552e87316f0a4b6ade7be16c2e5c3a54,Clean,1.0,The provided Verilog code does not contain any malicious hardware trojan triggers or payloads. It is a simple module that inverts the input and outputs the inverted value.
RTL001092,afcec475ba07995f7d6ca2e7f172745292fc8513c6b6e88e76ef785e1dc08b54,Clean,1.0,The provided Verilog code does not contain any malicious hardware trojan triggers or payloads.
RTL001093,5366f3848dbdd09cb2ba04b39595f0b0084389a1e33dc6f3fb77d1f986b7b95d,Trojan,0.9,"The code contains a timebomb-like trigger in the `gen_div` block, where the clock is toggled every half of the divisor's period. This could be exploited to cause a denial of service attack by continuously toggling the clock."
RTL001094,8db71f0aa4c60e24ed2cc31bccf64662353b35e5659dede8c6f3e5b587691d93,Clean,1.0,"The provided Verilog code does not contain any malicious hardware trojan triggers or payloads. It is a simple clock gating module that synchronizes the `en_i` input with the `clk_i` output, ensuring that the `clk_o` signal is only active when both inputs are high."
RTL001095,ad84b404b47d675a20ae1208d0d4e17436b145ecd9cf4b65b9d36852c993f041,Clean,1.0,The provided Verilog code does not contain any malicious hardware trojan triggers or payloads. It is a simple clock inverter module that inverts the input clock signal based on the scan mode.
RTL001096,05f290e07c7df03209f45a7f38cb3468cc3dd740209bc64be04b26c4f044ab9e,Clean,1.0,"The Verilog code provided does not contain any malicious hardware trojan triggers or payloads. It is a simple clock mux module that performs basic logic operations based on the selection signal `sel_i`. The assertions are disabled for FPV runs, and there are no known vulnerabilities in this implementation."
RTL001097,883118af2813cd3f5fb865cb30645de89f51660d832aed96b20044658c825eaa,Clean,1.0,The Verilog code does not contain any malicious hardware trojan triggers or payloads.
RTL001098,69594e05cc38adeca701147e35cb5acde75f7828f886deaef64b75bdf9d2f58f,Clean,1.0,The provided Verilog code does not contain any malicious hardware trojan triggers or payloads. It is a simple flip-flop module that implements basic logic for storing data.
RTL001099,a5ed3214b2154bebb93f46501f83567e21f3a35658345228dc44f45b2f17871e,Clean,1.0,The provided Verilog code does not contain any malicious hardware trojan triggers or payloads. It is a simple double-flop-based synchronizer that performs basic data synchronization without any advanced security features.
RTL001100,594d724d3ed315cd2b2c05aba94cc0dc57f9e8d69fd05595ded64167c7fee364,Clean,1.0,The provided Verilog code does not contain any malicious hardware trojan triggers or payloads. It is a simple flip-flop module that implements basic functionality without any security vulnerabilities.
RTL001101,bd130f7a07de325ced650e2259d1344285a23b0eaf33037bf7c76cf150fe8bf6,Clean,1.0,The provided Verilog code does not contain any malicious hardware trojan triggers or payloads. It is a simple flip-flop module that simply copies the input data to its output.
RTL001102,a80249e2b0ce55cd844696d841784ecd375f7c4707e8a5126eb9c52c45981435,Clean,1.0,The Verilog code does not contain any malicious hardware trojan triggers or payloads.
RTL001103,8a4084cb9fb3c8d97c5b0a66c01d08370640d9ecae459097732ea8c5b48b65a3,Trojan,0.9,"The Verilog code contains a timebomb-like trigger in the `gen_input_only_warl` block, where the `input_disable` attribute is set to 1'b1 without any delay or condition that would prevent it from being reset. This could potentially be used as a time bomb to disable the pad for an extended period."
RTL001104,83c7d0c5043d6810335a58fb11ecef7951ee2677db8b8eccca03083bdba38b46,Clean,1.0,"The Verilog code provided does not contain any malicious hardware trojan triggers or payloads. It is a generic, technology independent pad wrapper that does not have any specific features or configurations that could be exploited for malicious purposes."
RTL001105,817ca67222133b40758b62e5c1d17d5130805334bae61acdc3b91fd4b70e602b,Clean,1.0,The provided Verilog code does not contain any malicious hardware trojan triggers or payloads.
RTL001106,fe1e4da3de9222c9363faf045faf9b7e9463fd8181e44a34f4015ee7df59070e,Clean,1.0,The Verilog code does not contain any malicious hardware trojan triggers or payloads.
RTL001107,ab21ad72dcd2b3eb6dcffc3e4b1c16d6c1c8cb5f77f09e9a56bf7a750a639a0f,Clean,1.0,The provided Verilog code does not contain any malicious hardware trojan triggers or payloads. It is a simple configuration package for a RAM module with specific parameters and default values.
RTL001108,e4a76f994ab5cb2dd90d512ec740371103503acf03118b7d14c2d03876e17719,Clean,1.0,The Verilog code does not contain any malicious hardware trojan triggers or payloads.
RTL001109,a639dbb524e92c1af20b44a51abb16c71a3ef3e0470c61963af869c66aca02bf,Clean,1.0,The provided Verilog code does not contain any malicious hardware trojan triggers or payloads.
RTL001110,65e39ccf654a3fb76dab2a4ab1010ec194fc493baf3d0d02f0729ab73dbfd487,Clean,1.0,The provided Verilog code does not contain any malicious hardware trojan triggers or payloads.
RTL001111,1dd06de7f4c1872b2b4bcab1bd0674ab1b6ea9c201d76f9e14a341cd9cb818ed,Clean,1.0,The provided Verilog code does not contain any malicious hardware trojan triggers or payloads. It is a simple configuration package for a RAM module with specific parameters and default values.
RTL001112,3d487ba4339ecbee5921915e44ba9238528026e21f091eb964d9570e2fe38bfa,Clean,1.0,"The Verilog code provided does not contain any malicious hardware trojan triggers or payloads. It is a simple memory module that handles read requests and provides the requested data from the memory array. The control signals are asserted only when there is a valid request, ensuring that no unexpected behavior occurs."
RTL001113,e4b0e63f940ee0238788c80be3902f5f9a24994ef917fc898c741ea83adb6aa7,Clean,1.0,The provided Verilog code does not contain any malicious hardware trojan triggers or payloads.
RTL001114,1a4335ce63810b99fe0236944751f06beaa83f613ebac9947a01f1cf910bc077,Clean,1.0,The Verilog code does not contain any malicious hardware trojan triggers or payloads.
RTL001115,7d57a977bc7a3abf555a6b4d3336354bab779fec026e1629bb629544090edf76,Clean,1.0,"The Verilog code provided does not contain any malicious hardware trojan triggers or payloads. It is a generic differential receiver for USB designed for emulation purposes only, with the pull-up, calibration, and pok signals not connected in this module."
RTL001116,28afa12f04e87c731302ffeafbf3b789d040f935624bfe2250b06fef60a46e76,Clean,1.0,The provided Verilog code does not contain any malicious hardware trojan triggers or payloads.
RTL001117,2cedbe21ff072bd9ecb3bc962c3ea162fd89874a91fdc94bf9cb5fc5c89d6ee5,Clean,1.0,The provided Verilog code does not contain any malicious hardware trojan triggers or payloads.
RTL001118,7ffad8860c673523afd34f9c67aaafb49cbbc458673d70efea44f9316425c7b5,Clean,1.0,The provided Verilog code does not contain any malicious hardware trojan triggers or payloads.
RTL001119,8e42f88cfc804d0c6267cd50feda847ab7ad88dbfc9172bdbdca42b1d418e009,Clean,1.0,The provided Verilog code does not contain any malicious hardware trojan triggers or payloads.
RTL001120,0a10f1a288b2f7a610170a2e8e053e731de59471b9d8b968289db58bb1de1c61,Clean,1.0,The provided Verilog code does not contain any malicious hardware trojan triggers or payloads.
RTL001121,abeca15ba9ea31c5892c9b69637e4508199d0d349e1dd0cebcb645ec164e888a,Clean,1.0,The provided Verilog code does not contain any malicious hardware trojan triggers or payloads.
RTL001122,680231db7f94963501689cc3c0349d844e120cb7832e96f9fd8a6c907bbee072,Clean,1.0,The Verilog code provided does not contain any malicious hardware trojan triggers or payloads. It is a simple clock mux module that selects between two input clocks based on the value of the `sel` signal. The use of BUFGMUX for clock buffering and the assertions to ensure `sel` is never X are standard practices in digital design.
RTL001123,3e01db718f2a517417d036260b0f3a87545776e71fd42f1b053818188fb301fc,Clean,1.0,"The provided Verilog code does not contain any malicious hardware trojan triggers or payloads. It is a simple flip-flop module that performs basic logic operations and does not have any timing hazards, sequence counters, cheat codes, or other malicious activities."
RTL001124,f17c49053cc040dc15f95ef375a750264ac16fe3550df4e8dead396f363fc758,Clean,1.0,The provided Verilog code does not contain any malicious hardware trojan triggers or payloads. It is a simple flip-flop module that performs basic logic operations and does not have any security vulnerabilities.
RTL001125,1316cee42dd9be64fe771bc08ecc9d58f98a67318b3c6af8224d35a325be25d2,Clean,1.0,The provided Verilog code does not contain any malicious hardware trojan triggers or payloads.
RTL001126,75f299a2763b33b489f03d14113e90790f37a892cd1447fb0bd8b84b98443e17,Clean,1.0,The Verilog code does not contain any malicious hardware trojan triggers or payloads.
RTL001127,0cdce9e49f0644c12248cb11c361172d9fe907ab8b0d1dfa39f134afa2d0ab93,Clean,1.0,The provided Verilog code does not contain any malicious hardware trojan triggers or payloads.
RTL001128,7b384d77f235dc2999838d45a7899361d6ce703fd7f911c4b48c0c0e611e3244,Clean,1.0,The provided Verilog code does not contain any malicious hardware trojan triggers or payloads. It is a standard synchronous single-port SRAM model that performs basic read and write operations on the memory.
RTL001129,6c07a968f813269ac396a21edbc34c218273f46911b03b068105d48b7d0b6013,Clean,1.0,The provided Verilog code does not contain any malicious hardware trojan triggers or payloads.
RTL001130,bc4432b6ca1317a7e5c27ffa9b0d196802797d0ff65e06b328026d649b85e94f,Clean,1.0,The Verilog code does not contain any malicious hardware trojan triggers or payloads.
RTL001131,0bad7c3b9d6f4ba542bdfecc5710af10110bdde536a278ecd0d7b4079eb20510,Clean,1.0,The provided Verilog code does not contain any malicious hardware trojan triggers or payloads.
RTL001132,5a61ca637ad6b2b41ee91f637eaeb54b233093c324c06f1161144ee2f36c0f9a,Clean,1.0,The provided Verilog code does not contain any malicious hardware trojan triggers or payloads.
RTL001133,feb4d67bdb605413cac318668b31853e8a496b1d0ba2ca32ffd60f9b57f97778,Clean,1.0,The Verilog code does not contain any malicious hardware trojan triggers or payloads.
RTL001134,713dd8a73bd9fe6a0c6ad96ce97118660d2a6597048662070b1a7229ee5d7d41,Clean,1.0,The Verilog code does not contain any malicious hardware trojan triggers or payloads.
RTL001135,2ef2550d9951681b03e58328defa5d9794e92403882a6dc3437ed211f1bd68d0,Clean,1.0,The Verilog code provided does not contain any malicious hardware trojan triggers or payloads. It is a simple instruction decoder module that performs basic arithmetic and comparison operations based on the input opcode.
RTL001136,1688a32269f4b93b7428a53b44b983a4ef2e02999475de22194c6bbf4bcef134,Clean,1.0,The Verilog code does not contain any malicious hardware trojan triggers or payloads.
RTL001137,80e43b87f3c804a3e333743cc72d2733992401c690faf8226906f19bcd653e26,Clean,1.0,The Verilog code does not contain any malicious hardware trojan triggers or payloads.
RTL001138,c29ff3580330c952b7fbceef14ef03ee17eea87a3505a7089a28b8418e3ce356,Clean,1.0,The Verilog code does not contain any malicious hardware trojan triggers or payloads. It is a simple register file with basic arithmetic and control logic.
RTL001139,7cb5786ac144beccfbc302a4f2dcc50a46f7ce2e29b26e9d3be9221dcc7e1a72,Clean,1.0,The provided Verilog code does not contain any malicious hardware trojan triggers or payloads. It is a simple switch module that selects between CPU and manual inputs based on the mode signal.
RTL001140,765d9b360fa42bb458bdc30be6fa8a2649bcc66d5fd3dc1cb11003d7d05a53db,Clean,1.0,The Verilog code provided does not contain any malicious hardware trojan triggers or payloads. It is a simple UART transmitter module that sends data at a specified baud rate without any security vulnerabilities.
RTL001141,e7153fc8dcb06584b310f8fd841d55f73dc883cb58066330a5c5c64a8f5dfaa1,Clean,1.0,The Verilog code does not contain any malicious hardware trojan triggers or payloads.
RTL001142,58494f2377d48cf828937c0766b2c1b3746f4d2aefea96a0d1e73aeae4e6c3d4,Clean,1.0,The Verilog code does not contain any malicious hardware trojan triggers or payloads.
RTL001143,d839e551910901dcabaf3c10072b7f33cc7ad1107b03e879b9a3fa6e802915f7,Clean,1.0,The provided Verilog code does not contain any malicious hardware trojan triggers or payloads.
RTL001144,4cb8952e9f0c2b4c43b85a8bfba024cd268a34ee5d8b956048b04c2eb6506839,Clean,1.0,The provided Verilog code does not contain any malicious hardware trojan triggers or payloads.
RTL001145,fdc8f75af43b0cf71d9b8b6814786ba3adb36319451435b19f94090ac4662c74,Clean,1.0,The provided Verilog code does not contain any malicious hardware trojan triggers or payloads.
RTL001146,b61a3ed42d9e3edd1ea47e2ab52e5327f9b42893feceff837bf210762a3d7560,Clean,1.0,The provided Verilog code does not contain any malicious hardware trojan triggers or payloads. It is a simple CPU with basic peripherals and no suspicious logic.
RTL001147,44ce3621f600651b93a8abafdfd02f964054246e0471f54ec056a541b2d0fc63,Clean,1.0,The Verilog code does not contain any malicious hardware trojan triggers or payloads.
RTL001148,09ea7faa7b53f553c7616ad2a6aaac9f67123a2a7e0523b711cadd098ef5a2d4,Clean,1.0,The provided Verilog code does not contain any malicious hardware trojan triggers or payloads.
RTL001149,9dbc05b99254041d3b8721aa575f294ba9b9637aef9acdae071fd6e59c76f853,Clean,1.0,The provided Verilog code does not contain any malicious hardware trojan triggers or payloads.
RTL001150,bb36889dae673f39d88307aaeb139e1ac6e5437b0f4736f2bd0b354d14dc9eda,Clean,1.0,The Verilog code does not contain any malicious hardware trojan triggers or payloads.
RTL001151,af2fcd4d1b1503084c27e5cc7d1701223f5cd8b63d599b453bb79139353cdbdb,Clean,1.0,"The provided Verilog code does not contain any malicious hardware trojan triggers or payloads. It is a simple program counter module that increments the program counter based on the APB clock and load signals, with no timebombs, specific sequence counters, or cheat codes."
RTL001152,e473887d054d56c1eea318775c9483e7503c0be5819f1b3fea2c5d3d45edabec,Clean,1.0,The Verilog code does not contain any malicious hardware trojan triggers or payloads.
RTL001153,acbc1dff6d7d27fed89c82c375b82146871b79fa61cbc85c6547ffc5d2e0f3ca,Clean,1.0,The provided Verilog code does not contain any malicious hardware trojan triggers or payloads.
RTL001154,150d12fbbc46fdcfc2e396317402e521a7d7119ca74fd245151b8ad07fd2b2d7,Clean,1.0,The provided Verilog code does not contain any malicious hardware trojan triggers or payloads. It is a clean and functional RISC-V CPU design with proper synchronization mechanisms and error handling.
RTL001155,6b441a6f08f5a1c5b7b052233cbfd321e69e3e0052f9de5f2836103746d2718c,Clean,1.0,The provided Verilog code does not contain any malicious hardware trojan triggers or payloads. It is a clean and functional design for a simple RISC-V CPU with various peripherals.
RTL001156,b86b545af3fa8910aca2f902ebd8d71c1cb3db243c4d7bbd44fbe213deb0e93a,Trojan,0.9,The code contains a timebomb that triggers when the address matches 'h30000000+RAM_SIZE+4'. This is a common technique used by hardware trojans to disable security or cause denial of service.
RTL001157,a135af5d9d94b214d2d30ef892df4d020b5b89260f7edfa1319154ed8db4fe2b,Trojan,0.9,"The code contains a timebomb that triggers after the first write operation, which can be exploited to leak secrets or disable security."
RTL001158,1f1eb2d2d376d2612eaf2152d5c901c81d8bbcf8ec5201b59b536aed764ca42a,Clean,1.0,The provided Verilog code does not contain any malicious hardware trojan triggers or payloads.
RTL001159,dce153fb6633d06227f832c0fe4df8f07f3279901be5c0407007eca64e76f9dc,Clean,1.0,The Verilog code does not contain any malicious hardware trojan triggers or payloads.
RTL001160,2506620c973b63521484eb2d77e7b082e0450c5be1e5b2c698e2a146a6437cf0,Trojan,0.9,"The code contains a timebomb-like trigger at address 32'h10000005, which writes to the data bus with a specific pattern when the character_in is 0. This could be used by an attacker to cause a denial of service or other malicious behavior."
RTL001161,0f303d19e528216b2c247601ab29f76b9dd931c1b74821901d483427e27161a6,Clean,1.0,The provided Verilog code does not contain any malicious hardware trojan triggers or payloads. It is a standard UART wrapper module that interfaces with an AMBA_APB bus for communication purposes.
RTL001162,5719412e270cb6ccd8da65967b9f762d7c609d2c856aac0761b37a2db30eb1e8,Clean,1.0,The Verilog code provided does not contain any malicious hardware trojan triggers or payloads.
RTL001163,b025b43352281bfc4b65be9bc88263526ee92c8e2db3cf300d7861020c28c006,Clean,1.0,The Verilog code does not contain any malicious hardware trojan triggers or payloads.
RTL001164,2d1819e5929b267271a348b3681045310bfba047404c7902ca23656a8fd9c377,Clean,1.0,The Verilog code does not contain any malicious hardware trojan triggers or payloads.
RTL001165,7d72bf9a41ad92b609126ce6e45459f0d1066c28425b28122567f51e65d33434,Clean,1.0,The Verilog code does not contain any malicious hardware trojan triggers or payloads.
RTL001166,7d0f3345da12ff269307a4a180aa49f21ca7384d3bdda8c8d50c60503795c136,Clean,1.0,"The provided Verilog code does not contain any malicious hardware trojan triggers or payloads. It is a clean implementation of the M65C02 microprocessor in binary-only mode, with proper control signals and outputs."
RTL001167,d937f81498511267e5ad7408f1e2ba82a317acfe2acb4629a8b8aedb2600e6fa,Clean,1.0,The Verilog code does not contain any malicious hardware trojan triggers or payloads.
RTL001168,190a4129b9c9111094b347b1d9f9cd98490ef59e896d4616dbf36125053d3df4,Clean,1.0,The Verilog code does not contain any malicious hardware trojan triggers or payloads.
RTL001169,a69bfd9dce6c84c86aec4a0595e07ceaf49b89fb9ce710b6061dbdc02846c22c,Clean,1.0,The Verilog code does not contain any malicious hardware trojan triggers or payloads.
RTL001170,a67c404fa75deea7f7c9a3bd2d429264ba89b787575168685eccf6a314f872ee,Clean,1.0,The Verilog code does not contain any malicious hardware trojan triggers or payloads.
RTL001171,38de92520a668299412ca392033153a7c83b845eed3336f063e16019fb145da7,Clean,1.0,The Verilog code does not contain any malicious hardware trojan triggers or payloads.
RTL001172,a074f0a6f99037e517c94394e08cdcefe3004391db85e803ca624cd3de8ed217,Clean,0.95,"The Verilog code does not contain any malicious hardware trojan triggers or payloads. It is a simple microprogram sequencer based on the Fairchild F9408 MPC, which implements basic microinstruction operations such as fetch, unconditional branches, and conditional branches."
RTL001173,5d3affe0a298748e25747be1bccce273e8967cc64653017f7f5658d0c4f5d787,Clean,1.0,The Verilog code does not contain any malicious hardware trojan triggers or payloads.
RTL001174,a4ea7ba2d6557a2e6579738f509083a4d8e3a65912fcc60ae0022b54a2a63c31,Clean,1.0,The provided Verilog code does not contain any malicious hardware trojan triggers or payloads.
RTL001175,9523adaa39df2e1858cb79b809c2be57318c517a08a573ee030e8c5e31668108,Clean,1.0,"The Verilog code provided does not contain any malicious hardware trojan triggers or payloads. It is a simple multi-stage synchronizer with falling edge detection, which is a common and secure design for digital systems."
RTL001176,748f02663b8d0d4a7ab73c72cd29c762aff640d7a8fa74fc8ad425af701693f3,Clean,1.0,"The Verilog code provided does not contain any malicious hardware trojan triggers or payloads. It is a simple clock generator module that takes in the system clock and generates a baud clock at 16 times the desired baud rate, as specified in the `inc.h` file."
RTL001177,c4666dcb04d888c7a02a1c9cfe091c3c4903ac2d26f76b0a8e0ac105dbf84486,Clean,1.0,The Verilog code provided does not contain any malicious hardware trojan triggers or payloads. It is a simple UART receiver module that follows standard UART protocol and does not have any vulnerabilities for exploiting.
RTL001178,1febb485241adda5acd8a0f0e39213e5cf37a78835d69faa66c647e6bddb3991,Clean,1.0,The Verilog code does not contain any malicious hardware trojan triggers or payloads.
RTL001179,7f6fb8e6cd4c42b5d715509ac42fa8bc099078395d9649d216c12abcfdcadbb0,Clean,1.0,The Verilog code provided does not contain any malicious hardware trojan triggers or payloads.
RTL001180,673953fb0221daff96b221dcfa6d4130605c9959a99e0f7f91fe9e2cecfa0a14,Clean,1.0,"The provided Verilog code does not contain any malicious hardware trojan triggers (like timebombs, specific sequence counters, or cheat codes) or payloads (like leaking secrets, disabling security, or denial of service). The code is a simple ALU module that performs basic arithmetic operations and handles carry propagation. It does not include any logic that could be used to exploit vulnerabilities."
RTL001181,93e1c05f7a6e90ec56bad84b7b9fffd605c9625df9ebb5bf9644c6795a1f386e,Clean,1.0,The provided Verilog code does not contain any malicious hardware trojan triggers or payloads. It is a simple control unit for an ALU that performs basic arithmetic operations based on the input FuncField and ALUOp signals.
RTL001182,d605f309232f7d59ccde86a9a2c0770e91bf050460d8ffe85acd42be3fd9bf2f,Clean,1.0,The provided Verilog code does not contain any malicious hardware trojan triggers or payloads.
RTL001183,69af159b85e3af0542dbdfd67cda18d23619de750e97070f7293c01d3ee2e1b9,Clean,1.0,The provided Verilog code does not contain any malicious hardware trojan triggers or payloads. It is a simple D flip-flop module that toggles its output based on the input `d` and resets it to `0` when the reset signal is asserted.
RTL001184,e6a85a7b82a0fd2700e9e4c6846678c6ed4ec1b1b86046e831dae3c286386818,Clean,1.0,The Verilog code does not contain any malicious hardware trojan triggers or payloads.
RTL001185,527849ec33a5a8cf7f3303f11d86a67bf40111b05f7a113c232a4a96220b97a6,Clean,1.0,The provided Verilog code does not contain any malicious hardware trojan triggers or payloads.
RTL001186,0bd3d92f63ef60b3078f2f37be8ddc28639543fb70aec5bad738d06add85025c,Clean,1.0,The provided Verilog code does not contain any malicious hardware trojan triggers or payloads.
RTL001187,0fdeece99e20469285d44660fe3910c1f55cb33b437c176eaa293c4e4a8b2ae3,Clean,1.0,The Verilog code provided does not contain any malicious hardware trojan triggers or payloads. It is a simple module that updates the `new_content` register based on the `pwrite3` signal and other control signals.
RTL001188,78375749a28d7e4a875266dd2dd45e1d125b406049d8817ef2fe24fe111e2854,Clean,1.0,The provided Verilog code does not contain any malicious hardware trojan triggers or payloads. It is a simple bit-wise AND and OR operation that performs bitwise operations on two input 32-bit values and outputs the result.
RTL001189,fd96dec6756b81ca1be90239f07ad2277c026f9d20f97188a7f9b3adee2e91ad,Clean,1.0,The provided Verilog code does not contain any malicious hardware trojan triggers or payloads. It is a simple hazard detection unit that ensures the correct execution of instructions based on the values of the registers and memory read signals.
RTL001190,83d00c03322454c5c58a4117ce7a16131ba609d3a6e58c0db585bfee90da2bf2,Clean,1.0,"The provided Verilog code does not contain any malicious hardware trojan triggers or payloads. It is a simple module that updates the `new_content` register based on the `pwrite2` signal and other control signals, without any suspicious logic."
RTL001191,9fcac941ae8e80bccb516f491a50b63cba6c6b0703745c0fe2456793961c082d,Clean,1.0,"The provided Verilog code does not contain any malicious hardware trojan triggers or payloads. It is a simple module that updates the `new_content` register based on the value of `pwrite1` and the input `instruction` and `newPC`. There are no timebombs, specific sequence counters, cheat codes, or other malicious activities present in this code."
RTL001192,742039c8854fccf40bde9122349e80dad5819192041451ab58c650c6747dafc6,Clean,1.0,The Verilog code does not contain any malicious hardware trojan triggers or payloads.
RTL001193,cbbd4c3c666f239bca3d288e45304d5a1f93b43fd6c58f60231f61366655de35,Clean,1.0,The provided Verilog code does not contain any malicious hardware trojan triggers or payloads.
RTL001194,9f3ebd608c93e6e97735431aeabe634506ad4c2fe0e84ca21d6bf6feea418537,Clean,1.0,The provided Verilog code does not contain any malicious hardware trojan triggers or payloads.
RTL001195,cff2f35cf737dbb13cb90168c6db02563fff33d27cd91a13467bcaa751048b81,Clean,1.0,"The Verilog code provided does not contain any malicious hardware trojan triggers or payloads. It is a simple module that updates the `new_content` register based on the `pwrite4` signal and the control signals, without any logic that could be exploited to trigger a timebomb, specific sequence counters, or cheat codes."
RTL001196,057a21c8930c5fc0957d380ae068b5d619a9d4bdcc5d86621250fd542527897d,Clean,1.0,The Verilog code does not contain any malicious hardware trojan triggers or payloads.
RTL001197,33f66e7431f150af3c2a46682e13c4139dbccf3cfb3daf4336636594d13ac883,Clean,1.0,The provided Verilog code does not contain any malicious hardware trojan triggers or payloads. It is a simple multiplexer module that performs bitwise selection based on the select signal.
RTL001198,10bfaeb2d8d5258733f6269b77640ead7422788cc9dbe8a50aecd2f40e49f214,Clean,1.0,The provided Verilog code does not contain any malicious hardware trojan triggers or payloads.
RTL001199,bc25ce783d50681070ff6a2cc7e471da7fc641817e82cd7ccf47f5b36115a18c,Clean,1.0,The provided Verilog code does not contain any malicious hardware trojan triggers or payloads. It is a simple bit mux that takes two inputs and selects one based on the value of the select signal.
RTL001200,1124132cc58aad52aaf6b659233fa698b83bf74f7138281c25925d4f86cc0ddf,Clean,1.0,The provided Verilog code does not contain any malicious hardware trojan triggers or payloads. It is a simple module that increments a 32-bit counter using asynchronous clear functionality from the DFF.v module.
RTL001201,d524fa6c72d1f9c452063d02f5455e1f8b6ef70e1a595496151b6b438ee3daf1,Clean,1.0,"The provided Verilog code does not contain any malicious hardware trojan triggers or payloads. It is a simple register module that clears its output on each clock cycle, which is a common and safe operation in digital design."
RTL001202,cfce523a15e13911afdcaa5f25084ba7559aabf49f85aba927927e697572bca5,Clean,1.0,The Verilog code does not contain any malicious hardware trojan triggers or payloads.
RTL001203,8929c434cfb526d13a5b6c558a00bf7756af9eb9754e69c787560e0756acdc96,Clean,1.0,The Verilog code provided does not contain any malicious hardware trojan triggers or payloads. It is a simple register file that performs basic arithmetic operations and data manipulation based on the provided inputs.
RTL001204,b96535679bdf7202cfa2175a73cbea5051909674998dea9c7a758105ccfab0a9,Clean,1.0,The provided Verilog code does not contain any malicious hardware trojan triggers or payloads. It is a simple sign extension module that takes an 16-bit input and extends it to a 32-bit output.
RTL001205,8a5dcc5e5049dc1e221332a7e5da8b068e43ed93affe54759311a5f355c5b9e7,Clean,1.0,The Verilog code does not contain any malicious hardware trojan triggers or payloads.
RTL001206,5a94ca2852382be0ee6fc520c5c0ced69c59a5693c7c14fa1f130f85489f917e,Clean,1.0,The provided Verilog code does not contain any malicious hardware trojan triggers or payloads. It is a simple branch predictor module that updates its prediction based on the history of previous branches and their outcomes.
RTL001207,b6e6874eb3e09952e6405ad1ef2eb480e26c442a3441b6e043a4ac6e0b02a5bc,Clean,1.0,The provided Verilog code does not contain any malicious hardware trojan triggers or payloads.
RTL001208,e5ee18c7c16c36bd8d7fa0d11089dc66017fffecab106f5f1742e9ef82223e93,Clean,1.0,The Verilog code does not contain any malicious hardware trojan triggers or payloads.
RTL001209,3a01e5ad3950093fbd8aecf0600faa8d9e973c0b86063a04f5ae398d02f25be6,Clean,1.0,The provided Verilog code does not contain any malicious hardware trojan triggers or payloads.
RTL001210,6cf88ca7a21fab458fc994534431c2cc124434e5623dd21a12b2e427ef5c18f3,Clean,1.0,The Verilog code does not contain any malicious hardware trojan triggers or payloads.
RTL001211,2a7f87d437a89473a8515bfb0e14c16fc63141ef4f2a664c5b9d90f8fdbaa343,Clean,1.0,The provided Verilog code does not contain any malicious hardware trojan triggers or payloads. It is a simple hazard detector module that checks for potential hazards in the pipeline and stalls the execution if necessary.
RTL001212,f6b91145cca4c7578e176db9d5a865f906b6de110ec68361045c2315114d474c,Clean,1.0,The provided Verilog code does not contain any malicious hardware trojan triggers or payloads. It is a simple module that handles memory and register operations based on the input signals.
RTL001213,4bb93fe7172966454b10d1ee7b30abea8a9199ff22e1ab181e74fdf4fe971950,Clean,1.0,The provided Verilog code does not contain any malicious hardware trojan triggers or payloads. It is a simple instruction fetch unit that fetches the next instruction from the instruction memory based on the program counter (PC) value.
RTL001214,b32054f6e72a974ba4c1b005fa93adb5449bcd7a8fce16bd051c14314eb1f3ed,Clean,1.0,The Verilog code provided does not contain any malicious hardware trojan triggers or payloads. It is a simple instruction memory module that reads from a hard-coded file named 'code.txt' to provide instructions for a MIPS processor.
RTL001215,ead6f124d3bd2d3f4ec82cd66544f876508fcb3328f60b592d6a5df710876840,Clean,1.0,The provided Verilog code does not contain any malicious hardware trojan triggers or payloads.
RTL001216,d304b73b07a8f44dc23823c8e8f7107258b687bc645a929b4a1c8e7e1fe1d7a7,Clean,1.0,The Verilog code provided does not contain any malicious hardware trojan triggers or payloads. It is a simple incrementer that adds 4 to the input PCResult and outputs the result.
RTL001217,c14270bd2977e363661637c1d0df7ea1f399bc03357365d92612443768455f9c,Clean,1.0,The provided Verilog code does not contain any malicious hardware trojan triggers or payloads. It is a simple program counter register that holds the current address of the instruction memory and updates at the positive edge of the clock. The module includes a synchronous reset signal to enable global reset of the datapath.
RTL001218,890d882dbe47e354259a32f927d3f526c735f132c3564be33e875634f6f8a71b,Clean,1.0,The Verilog code does not contain any malicious hardware trojan triggers or payloads.
RTL001219,8e31d614ee771b34133fe59779bd7ed316c6a65e3b5640d41e6726d6ea9011ec,Clean,1.0,The provided Verilog code does not contain any malicious hardware trojan triggers or payloads. It is a simple register file that updates the instruction and PCNext4 registers based on the Write signal.
RTL001220,05df9402813a9b63648e8f69ce696d766b981785e7e377702af2004486183bf4,Clean,1.0,The provided Verilog code does not contain any malicious hardware trojan triggers or payloads.
RTL001221,175ea8057ab8bb1f28073169ba0f4c06ab67555d9ca920088818ff01c096ab12,Clean,1.0,The provided Verilog code does not contain any malicious hardware trojan triggers or payloads. It is a simple multiplexer module that performs signal multiplexing between two 32-bit words based on the value of the `sel` input.
RTL001222,3c020514c24832983fd141951a21876091d00c63a6c2fdfe2f9459e858df0ab2,Clean,1.0,The provided Verilog code does not contain any malicious hardware trojan triggers or payloads. It is a simple multiplexer module that performs signal multiplexing between two 32-bit words based on the value of the `sel` input.
RTL001223,17653fd82caf5467c20b82bf66a8fc9506ed40d851abe0991952178639ce9043,Clean,1.0,The provided Verilog code does not contain any malicious hardware trojan triggers or payloads. It is a simple multiplexer module that performs signal multiplexing between two 32-bit words based on the value of the `sel` input.
RTL001224,41166581566c63504c99bcc2994e775be3c05822fccf9f802e545589c881513b,Clean,1.0,The Verilog code provided does not contain any malicious hardware trojan triggers or payloads. It is a simple multiplexer module that performs signal multiplexing between two 32-bit words based on the selection value.
RTL001225,27867e7553f2db67cf5586f11c2adcbae39d67f16a81122175de060785388390,Clean,1.0,The Verilog code provided does not contain any malicious hardware trojan triggers or payloads. It is a simple multiplexer module that performs signal multiplexing between two 32-bit words based on the value of a 2-bit selector.
RTL001226,d4f59563b8edcd55d45d1d039c6b27b14cfdad7667d80b3360ec0718b7e34c58,Clean,1.0,The Verilog code provided does not contain any malicious hardware trojan triggers or payloads. It is a simple multiplexer module that performs signal multiplexing between two 32-bit words based on the value of a 3-bit selector.
RTL001227,4019b7f292e0361260ed38bf898e4287f202ef1e5bf6e54225b2a66095f93233,Clean,1.0,The Verilog code does not contain any malicious hardware trojan triggers or payloads.
RTL001228,dccdd7d74ae2673fb094e93626af0eac6ec32f52bb6ea94346deac496e9980ec,Clean,1.0,The provided Verilog code does not contain any malicious hardware trojan triggers or payloads.
RTL001229,b73bd673392f83630490fbe9df1cbccad14e18bcb175ebcaa183f8caf522d6be,Clean,1.0,The Verilog code does not contain any malicious hardware trojan triggers or payloads.
RTL001230,8d65969eb4df1c05dceedb5eb96d7968aeb90c699c74617c6aa02857a50c283a,Clean,1.0,The provided Verilog code does not contain any malicious hardware trojan triggers or payloads.
RTL001231,6d8f6df394e6e774e32d7c9a28930517576017f1a9d8a8eda1fa2be2873be208,Clean,1.0,The Verilog code provided does not contain any malicious hardware trojan triggers or payloads. It is a simple arithmetic unit that performs basic operations on two input values based on the specified execution command.
RTL001232,8b8de51ee490aac74f48b1cebd1db9762aec8d16d4f9661df6016e5a90546a23,Clean,1.0,The provided Verilog code does not contain any malicious hardware trojan triggers or payloads.
RTL001233,4748807d8b48d7c1c280497ea934e9ce693634fb7a735cabcb9f952373194fb6,Clean,1.0,"The Verilog code provided does not contain any malicious hardware trojan triggers or payloads. It is a simple conditional branch checker that outputs `brCond` based on the value of `cuBranchComm`. There are no timebombs, specific sequence counters, cheat codes, or other malicious activities present in this module."
RTL001234,aeb43889d4022faebc9539a3a08d1d9c1a9478cb18aa6129df2ae35bc5e620d1,Clean,1.0,The Verilog code does not contain any malicious hardware trojan triggers or payloads.
RTL001235,b4a3afcd4bea1f94d616afc79130ad22000070e82370e20db0b6bbe56353053e,Clean,1.0,The Verilog code does not contain any malicious hardware trojan triggers or payloads.
RTL001236,0ba50ec0aca3bd52742b8e62cf4098457f0521b9bdd930d0ef1059b0de7235be,Clean,1.0,The Verilog code does not contain any malicious hardware trojan triggers or payloads.
RTL001237,30e7d7fab08279a26f1355865b3eca37b6dfff40953a13aba31682a388a89f42,Clean,1.0,"The provided Verilog code does not contain any malicious hardware trojan triggers or payloads. It is a simple memory module that stores and retrieves data based on the address input, with no time-based triggers, specific sequence counters, or cheat codes."
RTL001238,6641b9330c526b34212bfd434407b5a6976972c154a132b00d3e5ec28eaee2f4,Clean,1.0,The Verilog code does not contain any malicious hardware trojan triggers or payloads.
RTL001239,e0ded0415ef089187c82c0e5f28abaa9c73637db5a129c6d5351c0a9246c118a,Clean,1.0,"The Verilog code provided does not contain any malicious hardware trojan triggers or payloads. It is a simple register file module that performs basic memory access operations and does not include any timebombs, specific sequence counters, cheat codes, or other malicious activities."
RTL001240,466c072c5d5810f76e6bd9b8d34ed01e11a82868c274e79767d2c1aeb5c7e71c,Clean,1.0,The provided Verilog code does not contain any malicious hardware trojan triggers or payloads.
RTL001241,43c1a7d2a936a9d886842f9cd83646392bf8894976070ef4d5ca10f84c64aab1,Clean,1.0,The provided Verilog code does not contain any malicious hardware trojan triggers or payloads.
RTL001242,c4de32a18fbb7963f9510e4adb7ca3a7d0f094ab24e13d0ef4699c9e8f71b834,Clean,1.0,The provided Verilog code does not contain any malicious hardware trojan triggers or payloads.
RTL001243,e48b6fa732deffe9403f6cc11e0a7953b750eaa80101aa9d05a010c12438e8ca,Clean,1.0,"The provided Verilog code does not contain any malicious hardware trojan triggers or payloads. It is a simple module that handles the forwarding of program counter and instruction data from an input to an output, with basic control flow based on reset, flush, and freeze signals."
RTL001244,6a3357a2a090f9f614bfec8cfb9bbacd432f52995aebec47f061fd326f08c7db,Clean,1.0,The Verilog code provided does not contain any malicious hardware trojan triggers or payloads.
RTL001245,7c718855febd370b23cffb8abbc6dda82edfd37825c44ae33c44a3253b280c9d,Clean,1.0,The Verilog code provided does not contain any malicious hardware trojan triggers or payloads. It is a simple ALU module that performs arithmetic operations based on the input values and the EXE_CMD signal.
RTL001246,98d1bed0e40b49abdad663dcb5b31f8b60c7c37453a9c3c7ca0b1833eb1c04d1,Clean,1.0,The Verilog code does not contain any malicious hardware trojan triggers or payloads.
RTL001247,2143fce068552963086d37106505ebb5a2583be72ee2e8a2d55352e83a7524a8,Clean,1.0,"The Verilog code provided does not contain any malicious hardware trojan triggers or payloads. It is a simple pipeline stage for the instruction fetch and decode process in a CPU, with basic logic to handle branch instructions and update the program counter."
RTL001248,99bdf8ee6535269be76729fb282a12ee558f143f9a703a693ba1b62b1fd0b4fb,Clean,1.0,"The Verilog code provided does not contain any malicious hardware trojan triggers or payloads. It is a simple data memory module that performs basic operations on the ALU result and ST value, without any suspicious logic or timing hazards."
RTL001249,a1c27a3a5ca826fb35e3a2e1563adb2e0b22ddd10da1eb658e3cba2c982f5eac,Clean,1.0,"The provided Verilog code does not contain any malicious hardware trojan triggers or payloads. It simply implements a basic memory read stage that outputs the `memData` if `MEM_R_EN` is high, otherwise it outputs the `aluRes`. There are no timebombs, specific sequence counters, cheat codes, or other malicious activities present in this code."
RTL001250,c458de27206992c7e66197a1b19db8a6656ef4eecf6710fa4a2d957418eeb27b,Clean,1.0,The provided Verilog code does not contain any malicious hardware trojan triggers or payloads. It is a simple register module that performs basic data storage and output operations.
RTL001251,2a31b9c5f09f755ca4d008edf1dad8057b4de7a96db976e5cc28262a366368ec,Clean,1.0,The provided Verilog code does not contain any malicious hardware trojan triggers or payloads. It is a simple module that performs a sign extension operation on an input 16-bit value and outputs the extended result.
RTL001252,84a659e1e19b67dbd099bf0b3eb7fcd1392a49813f61b471e4a76c74859d4127,Clean,1.0,The Verilog code provided does not contain any malicious hardware trojan triggers or payloads.
RTL001253,1f1d92029706a2e85250de8427348fee484182b81b0b74ffc5bb1cf414b95b9e,Clean,1.0,The Verilog code does not contain any malicious hardware trojan triggers or payloads. It is a clean and functional module for cross-tile accumulation with an output buffer.
RTL001254,a005be77d37b64c2af953c9547937a8ecb12b664911925c8ca9f6b05663a50bf,Clean,1.0,The Verilog code does not contain any malicious hardware trojan triggers or payloads.
RTL001255,a9f643d2ce5c5dc99e49e3ebfde72c5b64db82e146b68bd6c1400abb8e53735f,Clean,1.0,The Verilog code does not contain any malicious hardware trojan triggers or payloads.
RTL001256,aaef527df8971fba47a624a7dc942ee49f8d8c17810d2b3ed41866b9a58b1c83,Clean,1.0,The Verilog code does not contain any malicious hardware trojan triggers or payloads.
RTL001257,a73ae0efba7bd8d970d186e4abd402d1eb3b96f29b33dfc948f778e47527bfa8,Clean,1.0,"The Verilog code does not contain any malicious hardware trojan triggers or payloads. It is a simple, functional systolic array controller that performs matrix multiplication using a pipeline architecture."
RTL001258,d2230c5a59f367b628d5748cb8c2ca0dd139bdad4792542279352a2f255842ca,Clean,1.0,The Verilog code does not contain any malicious hardware trojan triggers or payloads.
RTL001259,66bc555ec49b0f08f6fdeee787e38ab96782b76b6ff7c49c538c1362b1001e3c,Clean,1.0,The Verilog code does not contain any malicious hardware trojan triggers or payloads.
RTL001260,833fe0875009a59261de80b486a21c88930a5c78a802dd84172769c63c186c04,Clean,1.0,The Verilog code provided does not contain any malicious hardware trojan triggers or payloads. It is a standard AXI4-Full DMA Engine Top-Level Wrapper that connects to an NPU buffer and result read from the systolic_array_top module.
RTL001261,6bbae51eb9d6659c3f3ae3bb60786814d7cc2c813e7f28530a260255baeaa46c,Clean,1.0,"The provided Verilog code does not contain any malicious hardware trojan triggers or payloads. It is a simple AXI4-Lite slave bridge that converts standard AXI4-Lite read/write transactions to the reg_file's simple valid/addr/data interface, with no additional security features or vulnerabilities."
RTL001262,32c18f5217fe0578ec5364529ecf5b8d5b31c633f0e396a1229e5b8082c325f6,Clean,1.0,"The provided Verilog code does not contain any malicious hardware trojan triggers or payloads. It is a simple AXI4-Full Master Bridge that converts DMA Engine's valid/ready memory interface to AXI4-Full Master, ensuring single-beat bursts only and preventing double-firing when the DMA holds its request across multiple cycles while the bridge completes the AXI transaction."
RTL001263,baccae1b94b5ff3985c0687c54b7d25af99419d14c7cf98878f71b2dde85971a,Clean,1.0,The Verilog code does not contain any malicious hardware trojan triggers or payloads.
RTL001264,e9a902c1b65c813f94bb57258dc22349d6bcb67d8128f14b8420d6b9ff556f70,Clean,1.0,The Verilog code does not contain any malicious hardware trojan triggers or payloads.
RTL001265,f36ccc3f4a053b3e0041cf61f601affab8ec4a451166106c917f621cd80a8c30,Clean,1.0,The Verilog code does not contain any malicious hardware trojan triggers or payloads.
RTL001266,929260df560e91316d2b6cb332c32b11fd0a5e6e64b4b971676429e7dd510882,Clean,0.95,"The Verilog code does not contain any malicious hardware trojan triggers or payloads. It is a simple register file that provides control and status information for an NPU, with basic read and write operations. The code is well-structured and follows best practices for hardware design."
RTL001267,4185ce899aa3f86e20dacab06cc44fdd45a00f9be2c5669b7faa1b819820fdfa,Clean,1.0,"The Verilog code does not contain any malicious hardware trojan triggers or payloads. It is a simple result packing module that captures and streams data from a systolic array to a DMA interface in a controlled manner, without any potential for unauthorized access or manipulation."
RTL001268,7cac303b2bd124eee1664d3bddcaf2ac85a7457dfb8b9b53932d8928719129ba,Clean,1.0,The Verilog code does not contain any malicious hardware trojan triggers or payloads.
RTL001269,16ec4d8ae35002d623e32a4b2092e413f751be282c45e00ab720703577057865,Clean,1.0,The provided Verilog code does not contain any malicious hardware trojan triggers or payloads. It is a simple TCP server that listens for incoming connections and processes DMI (Display Management Interface) requests.
RTL001270,9e597537e364b92d0c2f59492fc3b0d6609e9d6ed946f76a5852e34d9c2db650,Clean,1.0,"The provided Verilog code does not contain any malicious hardware trojan triggers or payloads. It is a simple GPIO driver module that initializes, handles data transfers between the host and device, and closes the context when done."
RTL001271,6a468d47c35f35a47638a6841fe11c054b43a76dd29e463c1d2205b4eff94340,Clean,1.0,The provided Verilog code does not contain any malicious hardware trojan triggers or payloads.
RTL001272,8ed0aaa9f6c0c3b8b8c7e02c1d7a24e7b15fb0c08774e84769e5a4534f4a734d,Clean,1.0,The provided Verilog code does not contain any malicious hardware trojan triggers or payloads. It is a simple SPI device driver module that initializes and manages the SPI interface using the `spidpi_create` and `spidpi_tick` functions from the DPI-C library.
RTL001273,7f42c21f53cfc5c71d93b134d81ecb4d70b90402ed23a61c2d6268d6df473857,Clean,1.0,The Verilog code does not contain any malicious hardware trojan triggers or payloads.
RTL001274,5cf0a76ade6c5ea9580bf18e0303e5c984ac606039df653555fd111b3331b2c0,Clean,1.0,The Verilog code does not contain any malicious hardware trojan triggers or payloads.
RTL001275,f3b01513823b2a406f6523a2eddcf5b723dae6c75da772608e4294c49b06e36c,Clean,1.0,The provided Verilog code does not contain any malicious hardware trojan triggers or payloads.
RTL001276,cc81fbdf0f35e6c11a46ffe45d98505847c8d76729c0670930fe5cb91ca61c79,Clean,1.0,The provided Verilog code does not contain any malicious hardware trojan triggers or payloads.
RTL001277,12b750980a67a44b9d3bafa2455a330ead5fe486467dca185d8e0ac745738131,Clean,1.0,The Verilog code does not contain any malicious hardware trojan triggers or payloads.
RTL001278,e7520b1cdebedd6fe08ad9029564344a8d78ea32d5ecb6b7b7302735f7aeaa81,Clean,1.0,The provided Verilog code does not contain any malicious hardware trojan triggers or payloads.
RTL001279,7b4628a009c191925ef92d788741d5aa86954e47e38e42d4354fd1f0455121a6,Clean,1.0,The provided Verilog code does not contain any malicious hardware trojan triggers or payloads.
RTL001280,7b830f168491081a370352b08b9745de5d295b8edbb2393e5be2dc0360ebc30b,Clean,1.0,The provided Verilog code does not contain any malicious hardware trojan triggers or payloads.
RTL001281,ad3de6c936a2cea50122229ef38d3a79e9fdce1249020cc82c531fd84e622f13,Clean,1.0,The Verilog code does not contain any malicious hardware trojan triggers or payloads.
RTL001282,49266a2050b5257fa80072bd91c217994b10bf5349109e97de770eadd2a35246,Clean,1.0,"The provided Verilog code does not contain any malicious hardware trojan triggers or payloads. It is a simple interface for probing the 'esc_en' signal, which is used to control the sending of an escape sequence in a system. The code does not include any logic that would cause the signal to be manipulated or controlled in a way that could lead to a hardware trojan."
RTL001283,ed095906c558b0c3031dd1ad9fefe588bde3f7c0f66767a40c46a35332f8fd24,Clean,1.0,The Verilog code provided does not contain any malicious hardware trojan triggers or payloads.
RTL001284,e8f42145d1f4b7976b2dac12ce6c320c628d2d9e176bcc3252301fa2e2ef6ccd,Clean,1.0,The provided Verilog code does not contain any malicious hardware trojan triggers or payloads.
RTL001285,6f7fd86722695e930b194a56ad541ada3871c4d14b0bfd093cff8da114dccafa,Clean,1.0,The Verilog code does not contain any malicious hardware trojan triggers or payloads.
RTL001286,c4d6be8e4abe347cb75768b83c2bb824f7aaa609bb28bc87eba3b25fa7c60a1c,Clean,1.0,The Verilog code does not contain any malicious hardware trojan triggers or payloads.
RTL001287,a517cc7faf4d3e3b499225a67e8aca83ee75b012c79e4026be9c861d8003f3e4,Clean,1.0,The Verilog code does not contain any malicious hardware trojan triggers or payloads.
RTL001288,843b25cfb48955cffde805ef988c8cd91c0c22c96d070ecb77250d5700a4bdcf,Clean,1.0,The Verilog code does not contain any malicious hardware trojan triggers or payloads.
RTL001289,bfd4bdb564b40a4eca4c9bb7961b53d10540cd6b66785fef2b012942b8cad74c,Clean,1.0,The Verilog code does not contain any malicious hardware trojan triggers or payloads.
RTL001290,5bd665ef494567e49b6e1f5ff0a67e703a019e2ff4138d36c8d7129fcfcecedb,Clean,1.0,The Verilog code provided does not contain any malicious hardware trojan triggers or payloads. It is a clean implementation of the escalation sender driver for the OpenTitan project.
RTL001291,77d06720c25cecd799e20a6daf47ac59350093d15d6f130151247aa6d1c85819,Clean,1.0,The Verilog code does not contain any malicious hardware trojan triggers or payloads.
RTL001292,40127d02e5f15f22c4a402e0264644ec25cbd9a618fdd014e0d0a4939aa2862b,Clean,1.0,The provided Verilog code does not contain any malicious hardware trojan triggers or payloads.
RTL001293,46eeb41f59818ccd2edde0e91e774725ff7fe75cef1f4931e818f282e203bbfa,Trojan,0.9,"The Verilog code contains a malicious hardware trojan trigger in the form of an infinite loop that repeatedly sends alert_esc_seq_item items with large ping_delay values. This sequence is designed to repeatedly request pings, which can be used for various purposes such as timebombs or denial of service attacks. The use of large ping delays ensures that the driver will complete the item immediately after receiving the alert, allowing the sequencer to enqueue an alert response item. This behavior can be exploited by attackers to trigger specific actions in the system."
RTL001294,5593bfaeb6c748200b2bad6dfb5dcbc996ca90807e8cf26a8cd23255cb13a60a,Clean,1.0,The provided Verilog code does not contain any malicious hardware trojan triggers or payloads.
RTL001295,5acb73101db9c9e1061ee1f30e17b38027a44e322d7787f9f2e082b1f28e9770,Clean,1.0,The provided Verilog code does not contain any malicious hardware trojan triggers or payloads.
RTL001296,255f43477c27c193d426567b62944f296feb1c318b177ddde1040744000bc592,Trojan,1.0,"The Verilog code contains a malicious hardware trojan trigger in the `default_rsp_thread` task, specifically the use of `wait (req_q.size())` to wait for the size of the request queue before sending responses. This can lead to denial of service attacks by causing the device to hang indefinitely if no requests are received."
RTL001297,f45bedf4e150ef389a9cf49d2edd6af5fb94cf1ba77f39658245ee779a0efff7,Clean,1.0,The Verilog code provided does not contain any malicious hardware trojan triggers or payloads.
RTL001298,408a0f6d02a21c67d557873291adf98de6c315608a3eb994645025df31c9fc9d,Clean,1.0,The provided Verilog code does not contain any malicious hardware trojan triggers or payloads.
RTL001299,3e37469746e4e222fdc1403db0265847355446f324c250edfded1a2c4618881f,Clean,1.0,The Verilog code provided does not contain any malicious hardware trojan triggers or payloads.
RTL001300,60115ca484b14e5e6f64d83f30c69b8c0237317c26d087c1a45baec27a91f147,Clean,1.0,The provided Verilog code does not contain any malicious hardware trojan triggers or payloads.
RTL001301,822414f886c9b0a438fd0114f9b782c7a6981375c463020bce650af04f35e86e,Clean,1.0,The Verilog code provided does not contain any malicious hardware trojan triggers or payloads.
RTL001302,1aaea94a7e0dea426626172adec4e1884e17dc36f866064108fcaf4b3405df73,Clean,1.0,The Verilog code does not contain any malicious hardware trojan triggers or payloads.
RTL001303,03e0e50e7e44fc276956defc5343c7594163dc0086ee6895f1b449650e709358,Clean,1.0,The provided Verilog code does not contain any malicious hardware trojan triggers or payloads.
RTL001304,1e464cf5705dc7735ee580134cf01a4230235a11ff6382b2ed4172bf4e72cd3a,Clean,1.0,The provided Verilog code does not contain any malicious hardware trojan triggers or payloads.
RTL001305,e75a9a43e149a92c094fa60e65420988ce394ae65b43093a672870f15abf3359,Clean,1.0,The Verilog code provided does not contain any malicious hardware trojan triggers or payloads.
RTL001306,b3394fd4048e03d214833a878d4280c6a394b64ee71e4dc843a29f34e3bac631,Clean,1.0,The Verilog code provided does not contain any malicious hardware trojan triggers or payloads.
RTL001307,4604de26884951ec0a2aba622133e0f07f180d203cd80415c20436c1a1690057,Clean,1.0,The provided Verilog code does not contain any malicious hardware trojan triggers or payloads.
RTL001308,961039110c97c25ec77ced43487bb6c3d7ad7ad33425a58aad561bbb2d951134,Clean,1.0,The provided Verilog code does not contain any malicious hardware trojan triggers or payloads. It is a simple counter that samples the input value on reset and stores it in a register.
RTL001309,95f18e6bbdfacbc833ee7084105784fcd66e069dfa6cdde40d199a831b634807,Clean,1.0,The provided Verilog code does not contain any malicious hardware trojan triggers or payloads. It is a simple module that creates and samples a MUBI signal using the `dv_base_mubi_cov` interface.
RTL001310,25cc6e1a51176dedaaa52957eca0a38fe798ca2039a83c2afae31b91edee7657,Clean,1.0,"The provided Verilog code does not contain any malicious hardware trojan triggers or payloads. It is a simple wrapper module for IPs to bind an array of mubi types port, which is a common practice in digital design."
RTL001311,8f28b1c485868fb983e4101d3c756e36e81ad1ec758415e21f2c4a4d01dc2cb8,Clean,1.0,The Verilog code does not contain any malicious hardware trojan triggers or payloads.
RTL001312,80f72ea4f8aeb14dea3a8a96a0eeef3f3cab140a0726e0eb1fa44fcdefd2620e,Clean,1.0,The provided Verilog code does not contain any malicious hardware trojan triggers or payloads. It is a clean and functional design for a CIP (Common Interface Protocol) sequence item and sequences.
RTL001313,85e7ab720c136e03f965cbcf0edbdd3833f606686906a0f745c77efd5fc239f1,Clean,1.0,The Verilog code does not contain any malicious hardware trojan triggers or payloads.
RTL001314,eb88393ff63f98339ac65bcbaea73cee6bbfe83bfb9300d5205bd500a0887a01,Clean,1.0,The Verilog code provided does not contain any malicious hardware trojan triggers or payloads. It is a simple implementation of the `cip_tl_host_single_seq` class that extends the `tl_host_single_seq` class and includes control knobs for setting integrity error types and randomizable variables.
RTL001315,699f2874de051c8e0343c7f8ca0f0000265396124db002a8df4474c7ffb9591c,Clean,1.0,The Verilog code does not contain any malicious hardware trojan triggers or payloads.
RTL001316,c630439a48fa67556ffe86956586b0a21469bbbe3c25f82b510386eeb5efceef,Clean,1.0,The Verilog code does not contain any malicious hardware trojan triggers or payloads.
RTL001317,ac013981c9c728a86b5adeea7c35df8c83ec9bc5a282b2e48de24e4712dc424e,Clean,1.0,The provided Verilog code does not contain any malicious hardware trojan triggers or payloads.
RTL001318,c34974b683a5eac52b566ece21c8fd84cad34b8b1c18ebdec611d90a0cbf50d5,Clean,1.0,The provided Verilog code does not contain any malicious hardware trojan triggers or payloads.
RTL001319,15ca427185a5a805c8d8ed5ce3afee5bd980daaa8c01a85624f7698d6c6d510a,Clean,1.0,The provided Verilog code does not contain any malicious hardware trojan triggers or payloads.
RTL001320,085d7d748679e08d8f65955fa073aca8fcfd29924c1c83c84449640220170833,Clean,1.0,The provided Verilog code does not contain any malicious hardware trojan triggers or payloads.
RTL001321,87d09d72026b14a1d4e6c987b7de1407637daff66f5f1e4349db7c74461260b1,Clean,1.0,The provided Verilog code does not contain any malicious hardware trojan triggers or payloads.
RTL001322,1f291d8e54511fb7023a2e8ce4bdcb001a18d6f88cc40aeff3da608c7e08b516,Clean,1.0,The provided Verilog code does not contain any malicious hardware trojan triggers or payloads.
RTL001323,e1c47e9716403bbdad6ce270d1de932fd8866b7f56094daf08d71e389f434a92,Clean,1.0,The provided Verilog code does not contain any malicious hardware trojan triggers or payloads.
RTL001324,a08ea6d4ab6d5a93a8bdf27c0777a8d982a45a2f1c31d44c0da4e282e86f042c,Clean,1.0,The provided Verilog code does not contain any malicious hardware trojan triggers or payloads.
RTL001325,abc4ed3b6ce51cef09481aae1a287e4fc9d3b6552144be82e5d6c84e685ea9f1,Clean,1.0,The provided Verilog code does not contain any malicious hardware trojan triggers or payloads.
RTL001326,6a6a7b55fed6b8cab7faa564e5f8f32b5786719e8225f19d2420aab9d54d9383,Clean,1.0,The provided Verilog code does not contain any malicious hardware trojan triggers or payloads.
RTL001327,1db7813f26c1c658d86c35ddfba438bded63276a5ab27cb6ad87dff2306e337d,Clean,1.0,The provided Verilog code does not contain any malicious hardware trojan triggers or payloads.
RTL001328,225495c3fbcab2296d4c74fb8e5229d8fca2e83d1106bf01c20cdbadc4ae80c3,Clean,1.0,The provided Verilog code does not contain any malicious hardware trojan triggers or payloads.
RTL001329,94c99d8e48294be5be92d016e55b29f7a44e1c2bf39c7f51bd232fb1a6a76492,Clean,1.0,The provided Verilog code does not contain any malicious hardware trojan triggers or payloads.
RTL001330,db84f3be95153d5e86533d11a5098627c24babda586297ce26f4615f60a4a835,Clean,1.0,The provided Verilog code does not contain any malicious hardware trojan triggers or payloads.
RTL001331,70f88bc13f91b4241f7f07df2beec38c2db27083df952974d1aa4977c2ba5602,Clean,1.0,The provided Verilog code does not contain any malicious hardware trojan triggers or payloads.
RTL001332,4711ffa5568c79ab7fe98037be7dd8e900da71caec86615daaeeb4b0b98eab10,Clean,1.0,The provided Verilog code does not contain any malicious hardware trojan triggers or payloads.
RTL001333,ceda77cdd77c503a98ca266850c889ef682e6b984919709d9334347f1a1e0ff0,Clean,1.0,The provided Verilog code does not contain any malicious hardware trojan triggers or payloads.
RTL001334,e4ad4954cb447de0eedfd28138146955200aff2261c558055a3e5989fa13bc88,Clean,1.0,The provided Verilog code does not contain any malicious hardware trojan triggers or payloads.
RTL001335,3630a191d5668f8c7aec1ca093c09a35dc6f3cddc9c0662a59501d6d638a3116,Clean,1.0,The provided Verilog code does not contain any malicious hardware trojan triggers or payloads.
RTL001336,34a54bb5c0d956319ed3d6ecba0bfd066fd3071c1878959ebb02d341fb52dfcf,Clean,1.0,The provided Verilog code does not contain any malicious hardware trojan triggers or payloads.
RTL001337,bd90d7f796b055945955237ec94727676bb74f68217a962f267c0361b33b18eb,Clean,1.0,The provided Verilog code does not contain any malicious hardware trojan triggers or payloads.
RTL001338,255076323a45f2bb2f3765d206480c6c9733b4b98d02decb5cd3ed69f03d2e3d,Clean,1.0,The provided Verilog code does not contain any malicious hardware trojan triggers or payloads.
RTL001339,83ede3d2c350b4455296f27654d1d6e230fb237b9529d8729b1d249c1b131869,Clean,1.0,The provided Verilog code does not contain any malicious hardware trojan triggers or payloads.
RTL001340,ea5789b3a3599e2743a7dde0c1ad7814d6084c4c0352bfb0009ce004e331cbda,Clean,1.0,The provided Verilog code does not contain any malicious hardware trojan triggers or payloads.
RTL001341,40dba9acc028bb24c259638087a0c9e98af4a43b75a237d87756a8dae5943c47,Clean,1.0,The provided Verilog code does not contain any malicious hardware trojan triggers or payloads.
RTL001342,5548be99648b4363fbeeeaa5cb0878073702bab07a96a53d36f0092eae159230,Clean,1.0,The provided Verilog code does not contain any malicious hardware trojan triggers or payloads.
RTL001343,51d2a8e1932c70ea8038ba397bbe85da72354b7ae1cfad3af8a0abf78d937742,Clean,1.0,The provided Verilog code does not contain any malicious hardware trojan triggers or payloads.
RTL001344,13d1887be0477828323f3aa862bfd7279ad0025dd80fb184b7e36e6e1bd64333,Clean,1.0,The provided Verilog code does not contain any malicious hardware trojan triggers or payloads.
RTL001345,f986dec5e99f6706e3828fecd3f4a19f0fac05fd4113ee37ed4b7296e22fe1e6,Clean,1.0,The provided Verilog code does not contain any malicious hardware trojan triggers or payloads.
RTL001346,7e724032bc62b980be225fdb5ae068a8daaf41a62a085e6936d80cf06d381bf8,Clean,1.0,The provided Verilog code does not contain any malicious hardware trojan triggers or payloads.
RTL001347,0254d8a18a4c95c6d17dde32d267d3e3b410888283160279ee5cbf261e935b05,Clean,1.0,The provided Verilog code does not contain any malicious hardware trojan triggers or payloads.
RTL001348,33562e75f67056146985b10b354f20bd64c16affa45700cd99ade6859649c41f,Clean,1.0,The provided Verilog code does not contain any malicious hardware trojan triggers or payloads.
RTL001349,d3fd0f98256941703c6b1d0ef4ef152c9da882e79c785b6819efe2230337a900,Clean,1.0,The provided Verilog code does not contain any malicious hardware trojan triggers or payloads.
RTL001350,889d5e533759f0491d18c87a6d08aba83bf950ca59ee689d52cbc09efbe1cc31,Clean,1.0,The Verilog code does not contain any malicious hardware trojan triggers or payloads.
RTL001351,920d2e06e629a609456f76d141e5bf102f910b5f3c43005f7cc72c9caedb51c8,Clean,1.0,The provided Verilog code does not contain any malicious hardware trojan triggers or payloads.
RTL001352,12b296f50dadb0b5ecd826708c9e6ffdcbd7e35bccea42dffdc016334f851190,Clean,1.0,The provided Verilog code does not contain any malicious hardware trojan triggers or payloads.
RTL001353,9a50b52ac2e72ce6d53c504a003146e6e70eaacec30823045b599de6f71d5d5b,Clean,1.0,The Verilog code does not contain any malicious hardware trojan triggers or payloads.
RTL001354,b3eb0290c988c98e7c42794049fd7a0b177faf25faa00a76cfb7e254bc112a1a,Clean,1.0,The provided Verilog code does not contain any malicious hardware trojan triggers or payloads.
RTL001355,e793a01481cd6112aad4d085f08da322a34cffccc0640d5a4eab98fef3f43eb2,Clean,1.0,The provided Verilog code does not contain any malicious hardware trojan triggers or payloads.
RTL001356,f66fb8d2ba83b51815e2c7844d3253afc5ed3c1cd2d10b1e592cb2dafb3ff011,Clean,1.0,The provided Verilog code does not contain any malicious hardware trojan triggers or payloads.
RTL001357,2452c874308afa98b2e13336cd329a73ad0c93098a13c48eb5c89b5c5f67d5c4,Clean,1.0,The Verilog code does not contain any malicious hardware trojan triggers or payloads.
RTL001358,22f21c46b845dbb3521b7bbe6780bf7a1c66100508a31508d2eb7e0ca09acb2a,Clean,1.0,The provided Verilog code does not contain any malicious hardware trojan triggers or payloads.
RTL001359,1325d009b2ffccf3c469f2e7dec943e134dcaef015cc68ed4898e06e9ea0f499,Clean,1.0,The provided Verilog code does not contain any malicious hardware trojan triggers or payloads.
RTL001360,a9c8ba4bd3c322c9eafa985888f18f68504c656a54e6fbedaad0ac1a461c57fb,Clean,1.0,The provided Verilog code does not contain any malicious hardware trojan triggers or payloads.
RTL001361,d5ef0e6c34929dc2002ca7b68f131b76c3fc9c862e6f52b0fc0bdd00a594f935,Clean,1.0,The provided Verilog code does not contain any malicious hardware trojan triggers or payloads.
RTL001362,f4f1e29f2a394a8513947b10f1633ace4ccaf7fe5d08144ed98efe9d80d2e8d6,Clean,1.0,The provided Verilog code does not contain any malicious hardware trojan triggers or payloads.
RTL001363,cac838c159b77c6f9abf44ee2b579e9b4fadeb08901af023bb835ac44540a3e2,Clean,1.0,The provided Verilog code does not contain any malicious hardware trojan triggers or payloads.
RTL001364,2a54434afe1d0b58a12e9cda114fdf667562bd7869f215b4599bb5a90abd377f,Clean,1.0,"The provided Verilog code does not contain any malicious hardware trojan triggers or payloads. It is a simple interface for generating random numbers using the XHT algorithm, which is commonly used in cryptographic applications."
RTL001365,b2fac7062da1f845f8c9fb1ec6a251baa451e700d33d6167d47d640903ba25eb,Clean,1.0,The provided Verilog code does not contain any malicious hardware trojan triggers or payloads.
RTL001366,56555b7a86002c2c18b908562e4d74f951a8d823cdeb25cee5ea10b917f433ef,Clean,1.0,The provided Verilog code does not contain any malicious hardware trojan triggers or payloads.
RTL001367,8ce4c0c16feba580a348d1317c9991dd12b851edde73dad6665806c65fcbd39f,Clean,1.0,The provided Verilog code does not contain any malicious hardware trojan triggers or payloads.
RTL001368,0b47bac19394f09b60a08817957f822bd1db86fc4090b87e69429af3cc7160ba,Clean,1.0,The Verilog code does not contain any malicious hardware trojan triggers or payloads.
RTL001369,b2a98768882beb2527a2498b2e78ac2fe2a89ccc6cfb1293dbb37475b18441b0,Clean,1.0,The provided Verilog code does not contain any malicious hardware trojan triggers or payloads.
RTL001370,f0101fa917bcd827e0be661a7e41d9702c9c5d04e80a5eca99013ef59d2f519c,Clean,1.0,The provided Verilog code does not contain any malicious hardware trojan triggers or payloads.
RTL001371,118bbfaed2dd516e3f7c36b19e82bd3d0003e9164936daff7cc19c94729aeba6,Clean,1.0,The provided Verilog code does not contain any malicious hardware trojan triggers or payloads.
RTL001372,b1fa4623562393dcb2ac1e51ee8b2919dcd8f7f7d2b7aee544e74eaef1a1151b,Clean,1.0,The provided Verilog code does not contain any malicious hardware trojan triggers or payloads.
RTL001373,0850d00698a985474938f4a37d0dde454af002821372f83335587e491807e49d,Clean,1.0,"The provided Verilog code does not contain any malicious hardware trojan triggers or payloads. It is a clean implementation of the `flash_phy_prim_agent_pkg` package, which includes all necessary components and functions for managing flash PHY transactions."
RTL001374,020aec2201b3459a7ba69a1058b05426a908e07211910bb6ca4992e62d8612cf,Clean,1.0,The provided Verilog code does not contain any malicious hardware trojan triggers or payloads.
RTL001375,4a682aa8b7bf1cf0903f67046bc17ae2530c195f21e3fd5d3247ef02524c6446,Clean,1.0,The provided Verilog code does not contain any malicious hardware trojan triggers or payloads.
RTL001376,eebbdb9e1d20c08bfd9860c85a3c843c7ad2d964f8cbfefde3544179cc67205f,Clean,1.0,The provided Verilog code does not contain any malicious hardware trojan triggers or payloads.
RTL001377,d7040f0e95c20265002c23a5f33a77cf76c0087e464a6b44f4e3dbe81561ad00,Clean,1.0,The provided Verilog code does not contain any malicious hardware trojan triggers or payloads.
RTL001378,61cda0f40e415ffae5a7ac1d12ddac6d5b92d1769b3dac41bafd3d99a1c6a4a7,Clean,1.0,The provided Verilog code does not contain any malicious hardware trojan triggers or payloads.
RTL001379,714e267c37b8f7bd7faa05c67e4e06967fc53cb1a6cc1913dd68917cd2df9b8b,Clean,1.0,The provided Verilog code does not contain any malicious hardware trojan triggers or payloads.
RTL001380,36d40767bd3cd503de46c64b6b739f2d64df8a0dfc6ea214986f85aa44232a49,Clean,1.0,The provided Verilog code does not contain any malicious hardware trojan triggers or payloads.
RTL001381,f56396abddfc1268dc2e88575e2259e913457eb546d2dddd1473e31c3c495ab6,Clean,1.0,The provided Verilog code does not contain any malicious hardware trojan triggers or payloads.
RTL001382,ad5a91e84e7be918e8f7881349261682dc2bb1dded96c86f1dadd3ba3cbe6714,Clean,1.0,The provided Verilog code does not contain any malicious hardware trojan triggers or payloads.
RTL001383,ea7a93fb6a330126071a05e488839b8f638da0a2516f1fc2fb61d525e9e15966,Clean,1.0,The provided Verilog code does not contain any malicious hardware trojan triggers or payloads.
RTL001384,650929d87338214ac6b3c10b9f83c1df402a70b1c0929fa337fc13a396876931,Clean,1.0,The provided Verilog code does not contain any malicious hardware trojan triggers or payloads.
RTL001385,1d7f2f185da28b1d10354db15fe2eb1cca210263a9b514109c7a3d50c974084f,Clean,1.0,The Verilog code does not contain any malicious hardware trojan triggers or payloads.
RTL001386,9a2e0781af23df3d3975e3fd6deb3efac9f9f98c57df3c2ca8eb8353dc4947f1,Clean,1.0,The Verilog code provided does not contain any malicious hardware trojan triggers or payloads.
RTL001387,b24b8dbf67973ef6fc3762ab1ac1deeb14a05af9bd5330ad4868a31324fd3448,Clean,1.0,The Verilog code provided does not contain any malicious hardware trojan triggers or payloads.
RTL001388,f66fc86fa2f83310186603b001df393ec02290cc6627b4077acf739bb089c805,Clean,1.0,The Verilog code provided does not contain any malicious hardware trojan triggers or payloads.
RTL001389,afad611711012ad6b21127b2aad0c98072022aceb59b5baf709b4ff0bd1bb471,Clean,1.0,The Verilog code provided does not contain any malicious hardware trojan triggers or payloads.
RTL001390,a756e74e7ef59d412d5fb2a85e81bfcca51c9f69f657ea8779cfc73cff24a974,Clean,1.0,The provided Verilog code does not contain any malicious hardware trojan triggers or payloads.
RTL001391,ea82661290a7ad57a61a4be52135ae995395443fe9ad4e22f0dda6af5e25d560,Clean,1.0,"The Verilog code provided does not contain any malicious hardware trojan triggers or payloads. It is a basic implementation of an I2C base sequence for an agent, which includes methods to drive the bus based on reactive-agent items from the monitor and send transactions in host mode."
RTL001392,db5e83c7040dc6688b8f9b60781542e535c1bbff5a45cc12a9d9857f19dfb899,Clean,1.0,The provided Verilog code does not contain any malicious hardware trojan triggers or payloads. It is a basic reactive agent sequence that drives a controller transaction and automatically ends the transaction with a STOP condition if a target NACK is seen in response to any write-byte.
RTL001393,9aefc7639baa01573708323e0085571fbef8ff17d52a8b1b22d0a89692297bec,Clean,1.0,"The Verilog code provided does not contain any malicious hardware trojan triggers or payloads. It is a simple autoresponder sequence that stores and returns data based on write transfers, without any potential for unauthorized access or manipulation."
RTL001394,1a4d4c2bd3983710cf29d2cba66f7e0edd8f74b010637492ec90dabd6511a804,Clean,1.0,The provided Verilog code does not contain any malicious hardware trojan triggers or payloads.
RTL001395,330563746ffef23d5c0c5e9008e6daf7f0a0e6d93709ac9b6ae18f9546f58f65,Clean,1.0,The provided Verilog code does not contain any malicious hardware trojan triggers or payloads. It is a simple sequence of i2c items that are randomized in the vseq and driven by an agent sequence.
RTL001396,ac22ad70fc2b937ae16b7a6537b031135fdc4bd5167782623d8d70eea5419fcc,Trojan,1.0,"The code contains a malicious hardware trojan trigger in the `get_ack_nack` function, which randomly selects between DevAck and DevNack with equal probability. This could be used to create timebombs or other malicious behaviors."
RTL001397,9248783e6b42f7231090d967401a643f16859f84e41f2da64084856f5077896d,Clean,1.0,The provided Verilog code does not contain any malicious hardware trojan triggers or payloads.
RTL001398,6853c7350393aac7e6a3a5c2c9d259ac053a8c728ed17dd43a631aa264d05bc5,Clean,1.0,The provided Verilog code does not contain any malicious hardware trojan triggers or payloads.
RTL001399,e82b195e721a3b194ce5174b646124d75761cf6e222af79a887fac167ddc85c5,Clean,1.0,The provided Verilog code does not contain any malicious hardware trojan triggers or payloads.
RTL001400,4409c4b1ae69a0b390625dd21a6a1611e4e9c849b5adfc2089e88b0eb4d880a0,Clean,1.0,The provided Verilog code does not contain any malicious hardware trojan triggers or payloads.
RTL001401,64d1dc69e773c9e374265dc59df09f7e09942db1801c68cb64eb605451e14433,Clean,1.0,The Verilog code does not contain any malicious hardware trojan triggers or payloads.
RTL001402,31b46c8c959a0f805ed09f76becc33343aecaf917112616122d52d72ae0ddcb1,Clean,1.0,The provided Verilog code does not contain any malicious hardware trojan triggers or payloads.
RTL001403,f5e6187f6ec0a90305cbdf311533c51a07d2c9041a0c201732801346663e3941,Clean,1.0,The Verilog code does not contain any malicious hardware trojan triggers or payloads.
RTL001404,449ecd95183e7ef314695e2653ff0095d539cd2c4c6e22fd3f522d9d63291386,Clean,1.0,The Verilog code does not contain any malicious hardware trojan triggers or payloads.
RTL001405,5f0385b9a47bcf37ec1f30ee3fad12a2ad181af8e8098e17df95809113102dd6,Clean,1.0,The Verilog code provided does not contain any malicious hardware trojan triggers or payloads.
RTL001406,dc2a8ca7e6649d26933bd7b38e3e6d39d17f4180b2f227cc3c092cde4436fe3f,Clean,1.0,"The provided Verilog code does not contain any malicious hardware trojan triggers or payloads. It is a passive mode interface for monitoring JTAG signals without driving its own signals, which aligns with the requirements of a legitimate hardware monitor."
RTL001407,16df32613a06b25767dd3266d3bde62e1bdc86471a318cef19a4428da68ca683,Clean,1.0,The provided Verilog code does not contain any malicious hardware trojan triggers or payloads.
RTL001408,8b9282e710cbf5192b173e89b618c92993e261ecb16079f3468e7e573e834991,Clean,1.0,The provided Verilog code does not contain any malicious hardware trojan triggers or payloads.
RTL001409,1254eecdfc232df9e2aa5977ffc9ea71243b200545f37b292b04cd906bc492c0,Clean,1.0,The provided Verilog code does not contain any malicious hardware trojan triggers or payloads.
RTL001410,b0a5218edb081b7eb04bfb6650424b9a39836a5cabdd3468003b1dbc347f9f0a,Clean,1.0,The provided Verilog code does not contain any malicious hardware trojan triggers or payloads.
RTL001411,d29cd59cefeb183eda6dfac10f99c85d5618aaf583f1cae9751a16dbf90260f8,Clean,1.0,The provided Verilog code does not contain any malicious hardware trojan triggers or payloads.
RTL001412,80bc72bb5dda27ea546b0a2e786a8190e97b67f5ecda2bd2f92eba7c26d016b6,Clean,1.0,The Verilog code does not contain any malicious hardware trojan triggers or payloads.
RTL001413,3e5a9c867988f5e1ae505ecf81e9679ed661e37f7658aba4b3416c75ad6b5cb7,Clean,1.0,The provided Verilog code does not contain any malicious hardware trojan triggers or payloads.
RTL001414,9cafcdf666e4a5efbca1928a2275ea42cb3137a9de31e6214e8c5d8d1b613a11,Clean,1.0,The provided Verilog code does not contain any malicious hardware trojan triggers or payloads.
RTL001415,631ead0f480f1723d669cac9b191eef84121ade0f3fa749000e1dae93d92d6d4,Clean,1.0,The provided Verilog code does not contain any malicious hardware trojan triggers or payloads.
RTL001416,968029afa4244648295742281e49f3b38e6c05efa78a30cb02753c4a0bbc1396,Clean,1.0,The Verilog code provided does not contain any malicious hardware trojan triggers or payloads.
RTL001417,ae41cf4f3c71c2290b89244d09cfb7f4d291b945dbbe21b8b7af97082af348b3,Clean,1.0,The Verilog code provided does not contain any malicious hardware trojan triggers or payloads.
RTL001418,0ace0809926d1343e6c6b25de94d509840fa997d7e30588756ae19a7e3fa31a6,Clean,1.0,The provided Verilog code does not contain any malicious hardware trojan triggers or payloads.
RTL001419,cd9279107aa4a1f10810ef5e0f0a79116f5f85702db7dc774fe8c449d70b2157,Clean,1.0,The provided Verilog code does not contain any malicious hardware trojan triggers or payloads.
RTL001420,0932f3b5f36c1d4801d59ba761360346c66ec48b3688c017b19fdf7960958c93,Clean,1.0,The provided Verilog code does not contain any malicious hardware trojan triggers or payloads.
RTL001421,aaccd59fa0dc90c7def0317a2464cd7482280b0ad7169cfe6b6f3732925c3b90,Clean,1.0,The provided Verilog code does not contain any malicious hardware trojan triggers or payloads.
RTL001422,6fb7a499c0b01d40ddc2422aff2fa964498636fccf115c32f23ce740adddd6f8,Clean,1.0,The provided Verilog code does not contain any malicious hardware trojan triggers or payloads.
RTL001423,5ea7d31f68d71b9108ec62d5d01ded2312b2cc9e9fdd293643de4a3dccc4b6e2,Clean,1.0,The Verilog code does not contain any malicious hardware trojan triggers or payloads.
RTL001424,94fa74f388a1166eb795b956244c2c3121584f2488c7074efacc40f71069900b,Clean,1.0,The provided Verilog code does not contain any malicious hardware trojan triggers or payloads.
RTL001425,8a4aa524ef573ef6de29cc413cf4f721a090f8c735e5e8b56482ae15f8aae8da,Clean,1.0,The provided Verilog code does not contain any malicious hardware trojan triggers or payloads.
RTL001426,dde00d7c3d62965787ba2445467b53b4ce2f7cdca8ce80bef9abf0d68b519097,Clean,1.0,The provided Verilog code does not contain any malicious hardware trojan triggers or payloads.
RTL001427,c2c0bc4de88617e0cad9e3ebf10cdb1cb2b83be930d742f47acbf66e87677193,Clean,1.0,The provided Verilog code does not contain any malicious hardware trojan triggers or payloads.
RTL001428,acc1518610f16f90c5c9438d2be3528baf1432a3778ece3757f09c58678bc519,Clean,1.0,The provided Verilog code does not contain any malicious hardware trojan triggers or payloads.
RTL001429,9d02d34256d2d61f792a7e5bf978d67ff29acbcc58a2dc960e4dd4c6c0b5008f,Clean,1.0,The provided Verilog code does not contain any malicious hardware trojan triggers or payloads.
RTL001430,9e2e378e3b3ac9f9c05926aa66eebb543c168fbbbc088890ca668c4f653f6afc,Clean,1.0,The provided Verilog code does not contain any malicious hardware trojan triggers or payloads.
RTL001431,e3d4b5b0582c9d8e85e15d9c608b5fd728afd65c195e84b72a06a7b32e43774f,Clean,1.0,The provided Verilog code does not contain any malicious hardware trojan triggers or payloads.
RTL001432,e978e6868cf6d7846b1d4c6ea7cfb8cd55e4146f610b6b192d307a292e272005,Clean,1.0,The provided Verilog code does not contain any malicious hardware trojan triggers or payloads.
RTL001433,b60dda263af3b4642f3ffe7dfdc84a328eece703f3ba84e485dff7a2820b1aec,Clean,1.0,The provided Verilog code does not contain any malicious hardware trojan triggers or payloads.
RTL001434,bb7eadc27aa4ddedb065f2b82c9a6b2a3f825603e6b073df62bfe8769566be51,Clean,1.0,The provided Verilog code does not contain any malicious hardware trojan triggers or payloads.
RTL001435,d26cd99d01b01e6b6070e1b2069d7a9c7d35910fcf248d7747c38d18fe3c352f,Clean,1.0,"The provided Verilog code does not contain any malicious hardware trojan triggers or payloads. It is a standard implementation of the Key Sideload Agent (KSA) for the OpenTitan project, which includes all necessary components and configurations."
RTL001436,4fc96ae17c362a81c4a1faf95d8cdf7fb77f9c82d6d6a7723fea30be160a9b73,Clean,1.0,The provided Verilog code does not contain any malicious hardware trojan triggers or payloads.
RTL001437,c333a6ac9a02f794520c9347a9b64abd614a9d9e7d6065cf0c24645d196e0270,Clean,1.0,The provided Verilog code does not contain any malicious hardware trojan triggers or payloads.
RTL001438,8d6f60ecef172f3bcb405aabdf2c3dbfaa928ce4d584bf6885eb9cd507767a58,Clean,1.0,The provided Verilog code does not contain any malicious hardware trojan triggers or payloads.
RTL001439,4fb8c68739fbc7122e1f8fedae98261790ef5e464e29e51d6ace0219c809abc8,Clean,1.0,The provided Verilog code does not contain any malicious hardware trojan triggers or payloads.
RTL001440,cb0fe6bd4a1d4521483f0f4c80e63cbad7526db477a40ddfea39856f2adbcb3f,Clean,1.0,The provided Verilog code does not contain any malicious hardware trojan triggers or payloads.
RTL001441,15c9da1bb9533633ebcd6761e81356b000ec216968224abc3564e579f76dd86e,Clean,1.0,The provided Verilog code does not contain any malicious hardware trojan triggers or payloads.
RTL001442,66ca1bda963402aaca79d88f22aceb30ed6ec30080855fbee9fadfc58417b7a6,Clean,1.0,The provided Verilog code does not contain any malicious hardware trojan triggers or payloads.
RTL001443,aaaac010c084a5b8ef49b11c61c7105317389902ae6fb29f4e2d36041cb0ca64,Clean,1.0,The Verilog code provided does not contain any malicious hardware trojan triggers or payloads.
RTL001444,8e31e84d1e480b2c3ff2895188d1d35596ccb5ff737bd4f4b8b29b02903ca47b,Clean,1.0,The Verilog code provided does not contain any malicious hardware trojan triggers or payloads.
RTL001445,6b12fccb5a1e525d2ef0f33c4019c650e8a67b7e3650dc1d2fb73443c29cee8a,Clean,1.0,The provided Verilog code does not contain any malicious hardware trojan triggers or payloads.
RTL001446,37077f9d920387e78447f227d078f9eaa2566cca1efaf6f648edc78c611408a6,Clean,1.0,The provided Verilog code does not contain any malicious hardware trojan triggers or payloads.
RTL001447,2667236cb0f25f93fdfaf140d6cda84e376e4e625a8d78d5df1edccb3668e852,Clean,1.0,"The Verilog code provided does not contain any malicious hardware trojan triggers or payloads. It appears to be a basic driver for a KMAC application device, which sends and receives items through an analysis port. The driver is designed to handle requests and responses in a reactive manner, with proper handling of reset and idle states."
RTL001448,28ca08b2e9e67be97b03e7013d1ff8014186c90fc72fabf13217a4af536f7ff9,Clean,1.0,The Verilog code provided does not contain any malicious hardware trojan triggers or payloads.
RTL001449,0b39a158a261a0eef3d098c93d7a2e62b3296b30b778b24a2ec7d4a2e233b184,Clean,1.0,The provided Verilog code does not contain any malicious hardware trojan triggers or payloads.
RTL001450,eeee634e0342822da9af0570c43c7358cbf4eae3a312b935ac35428fdd359fb5,Clean,1.0,The Verilog code does not contain any malicious hardware trojan triggers or payloads.
RTL001451,3cbc6b9be069595c24b4cbfc0c97ffecd71b244fa0a211b3a14a84fb6f09362a,Clean,1.0,The Verilog code does not contain any malicious hardware trojan triggers or payloads.
RTL001452,34de9037cb35c8c80aa33a8b21faad87072226e38a22a1dbeea4e0232f99eeee,Clean,1.0,The provided Verilog code does not contain any malicious hardware trojan triggers or payloads.
RTL001453,99f8b5e036d90918818a238622778e68eb5aafaccd1129de3c2e79c1aafedc2c,Clean,1.0,The Verilog code provided does not contain any malicious hardware trojan triggers or payloads.
RTL001454,27fc4d0f13d93f4efc83501d14686fc7562bdfd74181addb809adbb5d86748b6,Clean,1.0,"The Verilog code provided does not contain any malicious hardware trojan triggers or payloads. It is a standard implementation of the `kmac_app_req_item` class, which is used to represent information sent from an application to KMAC in both Host and Device modes. The constraints ensure that the number of valid bytes is within a reasonable range and that the delay is not excessively long."
RTL001455,869f0688934009e00d848f7a5ce65d417e973b8433ece0178ae08de8e5f9df8e,Clean,1.0,The provided Verilog code does not contain any malicious hardware trojan triggers or payloads.
RTL001456,16fae277b215e7017fa102ac44baa906799e7ec6e1a6d8a2b2f4bf0eb217a3b1,Clean,1.0,The Verilog code provided does not contain any malicious hardware trojan triggers or payloads.
RTL001457,2ec33264d8e7d42a31a9bc7ed7db72347cb86fe08fe15b645252386f6473a4d3,Clean,1.0,The Verilog code provided does not contain any malicious hardware trojan triggers or payloads.
RTL001458,f76473df4fc4eaf034678568bd2dc8e2cee465e964910d4be8887e344f15d8cf,Clean,1.0,The Verilog code provided does not contain any malicious hardware trojan triggers or payloads.
RTL001459,669ee38f35f1a35645f5583b99c5c2f470aad4a7399e74f2520eb493d4bda375,Clean,0.95,"The provided Verilog code does not contain any malicious hardware trojan triggers or payloads. It appears to be a basic memory backdoor implementation with some utility functions for managing read and write operations, but it does not include any timebombs, specific sequence counters, cheat codes, or other malicious activities."
RTL001460,9e8dba182752a1ffac94d80b5023cb023aab845fbb2634add7f2cb9772772403,Clean,1.0,The provided Verilog code does not contain any malicious hardware trojan triggers or payloads.
RTL001461,c1b4bcb549fd083622b8050c2de4ca7de872ce55568dd1dd437e784288ca3f3c,Clean,1.0,The Verilog code provided does not contain any malicious hardware trojan triggers or payloads.
RTL001462,1bc699e940222b3203b5b41c24142da9a693acd294afc650c31d91af89f5eb0a,Clean,1.0,The provided Verilog code does not contain any malicious hardware trojan triggers or payloads.
RTL001463,077977d2075ce82e058346dff21a66a961c788f15a1b5c566cb35c3c7f08b30e,Clean,1.0,The provided Verilog code does not contain any malicious hardware trojan triggers or payloads.
RTL001464,e2ce8b9e3e75f1e8e9ccbe6f0a2fa6a71d7381be62113330fa369e094d869edd,Clean,1.0,The Verilog code does not contain any malicious hardware trojan triggers or payloads.
RTL001465,d0b135dbe2caa0ca168628de15cefa3d9b07cde6600ef30415ab5bddd3f07f6a,Clean,1.0,The provided Verilog code does not contain any malicious hardware trojan triggers or payloads.
RTL001466,8c2db56d55130006676b252db22983e84971232d6d3b78624ff572679076c23e,Clean,1.0,The provided Verilog code does not contain any malicious hardware trojan triggers or payloads.
RTL001467,0b9b4f4426496db1bbe6b33f6c16b2007ef49768de88d48c258c9821d6b4cd5a,Clean,1.0,The provided Verilog code does not contain any malicious hardware trojan triggers or payloads.
RTL001468,3419572a66984eef4052419fe048f564748bd865432e6d2059bf53c9a9c520f3,Clean,1.0,The provided Verilog code does not contain any malicious hardware trojan triggers or payloads.
RTL001469,cf7c590c425ac8fb25fac6227ae14f9aaabaf3ed05045afe5297531b1cd25c4e,Clean,1.0,The provided Verilog code does not contain any malicious hardware trojan triggers or payloads.
RTL001470,92a92a2fdc0dcd31e3ff15dd53d93f9c313e13a1d34111e833e4357d32fa55b0,Clean,1.0,The provided Verilog code does not contain any malicious hardware trojan triggers or payloads.
RTL001471,ff6d038b2ca032dc492d30f5197e792fa01c99d9896acf87c283fd608ff76289,Clean,1.0,The provided Verilog code does not contain any malicious hardware trojan triggers or payloads.
RTL001472,75b76de83c1be34be210f7100432042e74e345f265c33c5906bc40a274b8d68d,Clean,1.0,The provided Verilog code does not contain any malicious hardware trojan triggers or payloads.
RTL001473,f44b282d6f79db47723f29e1a313fdd32b6c849122c195e21d28520d0e38687e,Clean,1.0,"The Verilog code provided does not contain any malicious hardware trojan triggers or payloads. It is a clean implementation of the Pattgen monitor module for an OpenTitan project, focusing on monitoring and collecting pattern data from the PCL (Pattern Clock) interface."
RTL001474,77a7844f38bcf510e07827a3f38c79fcbbae775375bdcf6d68d6dad67b17d60b,Clean,1.0,The provided Verilog code does not contain any malicious hardware trojan triggers or payloads.
RTL001475,21a8c3bf8daf21b8b248090adea784c3c1cabbbf0ccd65bdde5b1c439e1b14bc,Clean,1.0,The Verilog code provided does not contain any malicious hardware trojan triggers or payloads.
RTL001476,43a7047b9da43eb0312cd83486fd3edb525cf8ce99275a528916715de04e9c86,Clean,1.0,The provided Verilog code does not contain any malicious hardware trojan triggers or payloads.
RTL001477,e62fe9f2baa60671d724de200b863cf6a6ef57dea1eb068876647e1780893286,Clean,1.0,The Verilog code provided does not contain any malicious hardware trojan triggers or payloads.
RTL001478,3cb082393e768eb30f231ba08d2363d94c38ded6da307003f7c7fff2ce079f52,Clean,1.0,The provided Verilog code does not contain any malicious hardware trojan triggers or payloads.
RTL001479,43b1f1cc8786de39c92aa96c44809fce02c00631d955523544e7cbdd5cbe016c,Clean,1.0,The provided Verilog code does not contain any malicious hardware trojan triggers or payloads.
RTL001480,99b293253d35f5b5d68eec4e3866c329cd449ae2921e794abcf91499a8e41af4,Clean,1.0,The provided Verilog code does not contain any malicious hardware trojan triggers or payloads. It is a simple interface for controlling a PWM signal and monitoring its output.
RTL001481,667cf14cd2627e3b0a160d3a6f812faf71119179fcf3ab03022baf0942b6963c,Clean,1.0,The provided Verilog code does not contain any malicious hardware trojan triggers or payloads.
RTL001482,5474e0b3ab7fb21d96a3099f17d79715b0f0f8a536263d37f7f16d9acce0b2ba,Clean,1.0,The Verilog code provided does not contain any malicious hardware trojan triggers or payloads.
RTL001483,b31c634a9bf09180b04d10c939e8ee9504c32230ded93606f2eb3a6438295c25,Clean,1.0,The provided Verilog code does not contain any malicious hardware trojan triggers or payloads.
RTL001484,f6ac4febb5a84e5f3104c0585561703efb80a73464541c176667642010bbdf27,Clean,1.0,The provided Verilog code does not contain any malicious hardware trojan triggers or payloads. It is a clean and functional implementation of the PWM monitor module.
RTL001485,fc7748be28cb036ca8ad6bad6e4c10df5c8c8c0d5f0c1f986f989e12954a2186,Clean,1.0,The provided Verilog code does not contain any malicious hardware trojan triggers or payloads.
RTL001486,02ab3a480cfa5557962b99f6e6dd624dd25036c81614def5f3890a97e96f94be,Clean,1.0,The provided Verilog code does not contain any malicious hardware trojan triggers or payloads.
RTL001487,d009dd69f0f45165bee17d2a14e800c90a928c8f9d9c55fa072db3372a227564,Clean,1.0,The provided Verilog code does not contain any malicious hardware trojan triggers or payloads.
RTL001488,2ee992cf53d9967a2553679a586060a2d37515325ff86abea32ae2d7725dd174,Clean,1.0,"The provided Verilog code does not contain any malicious hardware trojan triggers or payloads. It is a clean implementation of the RNG agent module, following best practices for hardware security and verification."
RTL001489,0245afbf686003b83d890457b1cebdf4b10d737f4bb4baf7c3f8d116dc2c689e,Clean,1.0,The Verilog code provided does not contain any malicious hardware trojan triggers or payloads.
RTL001490,0575dc22574af4a17f776d59a14dfc6a50132c745605c4d03914c9e8e20ca101,Clean,1.0,The provided Verilog code does not contain any malicious hardware trojan triggers or payloads.
RTL001491,1980377c4d86ec4c0502a17216d15839cf7f2672c4db0bbb7b17ba4e2dcea3fe,Clean,1.0,The provided Verilog code does not contain any malicious hardware trojan triggers or payloads.
RTL001492,6a57b1a11431f18bec6cbcc2fb5820f84a08032931167a837223583e11a4d375,Clean,1.0,The provided Verilog code does not contain any malicious hardware trojan triggers or payloads.
RTL001493,057f8aefd95d06f1dee09031147af4949ca0c0682616edb6dabdb45fd1504759,Clean,1.0,The provided Verilog code does not contain any malicious hardware trojan triggers or payloads.
RTL001494,0d4a52ebbce7c70132644edaa4991ff4f8feae67028290fd78dea7695ccd4a5d,Clean,1.0,The provided Verilog code does not contain any malicious hardware trojan triggers or payloads.
RTL001495,705c203298c7c814dc818d13fd930bb054e15f7e4aaacb9d609444739a2fbb17,Clean,1.0,The provided Verilog code does not contain any malicious hardware trojan triggers or payloads.
RTL001496,951ca3056c6a5e007aa4169fb315a9707aa2e3b431a67b4d11854cf401b94b36,Clean,1.0,The provided Verilog code does not contain any malicious hardware trojan triggers or payloads.
RTL001497,75a681f48acb58456629c4caef9beeaaac1fa12ea16010c0fefbcd97e8f8cc06,Clean,1.0,The provided Verilog code does not contain any malicious hardware trojan triggers or payloads. It is a simple scoreboard queue class used for managing expected and actual items in a simulation environment.
RTL001498,a9e9353da93cf7a478c9c245cce9f941df497d233ae98c0ded503ae80beeae45,Clean,1.0,"The provided Verilog code does not contain any malicious hardware trojan triggers or payloads. It only contains a simple countermeasure interface for hardened counters, which is a standard practice in hardware security research."
RTL001499,f5d74aadc65a3604678693dce18bbd3821e8540e1244e433bb52fda837433fe6,Clean,1.0,"The provided Verilog code does not contain any malicious hardware trojan triggers or payloads. It only contains a simple interface for controlling the state of a double LFSR using UVM and does not involve any timebombs, specific sequence counters, cheat codes, or other malicious activities."
RTL001500,5b766021d88a632ba5d6f5e4abf839ba4615620d79ec05d96151e15c6efe5fc6,Clean,1.0,The Verilog code does not contain any malicious hardware trojan triggers or payloads.
RTL001501,4dc369fead61094f2661031edc23868276c1b720c266cd9b18587619da80ef71,Clean,1.0,The provided Verilog code does not contain any malicious hardware trojan triggers or payloads.
RTL001502,82530bbf560e60b3ad4eba2dfb613054c76746621b2cafd0b0a07c8a6ceedc0d,Clean,1.0,The provided Verilog code does not contain any malicious hardware trojan triggers or payloads.
RTL001503,d974036ddb6049dcf1660d45712e5ca08f9b3149c99e2bad15b17caec35a4c4d,Clean,1.0,The provided Verilog code does not contain any malicious hardware trojan triggers or payloads.
RTL001504,6e906444cda77be4fb977a10c2e57f710a4f8784d8738b39397d6965d1783ac5,Clean,1.0,The provided Verilog code does not contain any malicious hardware trojan triggers or payloads.
RTL001505,9adae8044c96ca58e9d10fd2a2705da611d35b3f9f4f35869c4811f3eb3f9418,Clean,1.0,The provided Verilog code does not contain any malicious hardware trojan triggers or payloads.
RTL001506,676799d0817fd4c1cc28b3cd0bda2b8c96e39b255489837bf88800fd0d9356d4,Clean,1.0,"The provided Verilog code does not contain any malicious hardware trojan triggers or payloads. It is a simple module that binds the `prim_double_lfsr` primitive to an interface, which is a common practice in hardware design."
RTL001507,73101b9185f4f334ab61acabe11b72d69cb948c3ed25ef733df4f5c9dfd21090,Clean,1.0,The provided Verilog code does not contain any malicious hardware trojan triggers or payloads.
RTL001508,d355ef0c8a041eaa2dada6bdcd40a24ecf784608bb70201ef8c6e90ddaa79cc4,Clean,1.0,"The provided Verilog code does not contain any malicious hardware trojan triggers or payloads. It is a simple module that binds the `prim_singleton_fifo_if` interface to each instance of `prim_fifo_sync`, which has no security implications."
RTL001509,72850d795b5ae950099d21f3c6cd3d0af749234b2789eafea125b2ea99d2d893,Clean,1.0,The provided Verilog code does not contain any malicious hardware trojan triggers or payloads.
RTL001510,0781eccb0237b01529ff6cde03ffe91b32d827ef1dc532bda06bb6a139e8f8f1,Clean,1.0,The provided Verilog code does not contain any malicious hardware trojan triggers or payloads. It is a clean implementation of a simulation SRAM module that can be used for testing and verification purposes.
RTL001511,4ba43270382ce748bbfecfa491e54f6b22bc2352649392ea2f278860c9cc2052,Clean,1.0,The Verilog code provided does not contain any malicious hardware trojan triggers or payloads. It is a simple interface for controlling the simulation SRAM in an interface so that the UVM world can directly manipulate it.
RTL001512,7bae62fdc1ef9deb60a8f9d70ac39b7cdf26e238e9a155ac5e9a91f94a56e139,Clean,1.0,The provided Verilog code does not contain any malicious hardware trojan triggers or payloads. It is a simple TL interface sink module that handles basic TL-UL transactions without any suspicious logic or behavior.
RTL001513,5e1d07326d92e525d56e2c00d4094dcb39206bdca5796087cffbb3e157ab710f,Clean,1.0,The provided Verilog code does not contain any malicious hardware trojan triggers or payloads.
RTL001514,93c34b969697a21fb11d1929eb25875c22068092c72b51d6ad8e76373fea08af,Clean,1.0,The provided Verilog code does not contain any malicious hardware trojan triggers or payloads. It is a simple SPI device command/response sequence that follows standard SPI protocol and does not include any suspicious logic or timing attacks.
RTL001515,97d5b0335dca249c14d7e144237957b2fda63db23dcf1ee057a3dc98c2241cae,Clean,1.0,The provided Verilog code does not contain any malicious hardware trojan triggers or payloads. It is a simple sequence generator for testing SPI devices using DMA.
RTL001516,3d2dc151923ced5b8802fb1841a46524a1d93fad16d05d84e7f0bbbaebe48fd7,Clean,1.0,The provided Verilog code does not contain any malicious hardware trojan triggers or payloads.
RTL001517,9ca5c2d50f09156d40b4cac209856176d6712de84b32a8bec70884b6446b7cd4,Clean,1.0,The provided Verilog code does not contain any malicious hardware trojan triggers or payloads.
RTL001518,53cbadd6186492ffc1839b9ec41b10a87fcc6438c57a09e1dc2957d868ae3ec7,Clean,1.0,The Verilog code provided does not contain any malicious hardware trojan triggers or payloads.
RTL001519,f57c02a12fc35b78366a66416faaf07bd6dbcab41e4377cb393a5333f2c0455f,Clean,1.0,The Verilog code provided does not contain any malicious hardware trojan triggers or payloads.
RTL001520,8b76fb1ba6b9c1c2c5e2ef73756ae0027fb843a31e56c2b4836a38546be73367,Clean,1.0,"The provided Verilog code does not contain any malicious hardware trojan triggers or payloads. It is a simple sequence for sending data over an SPI interface, which is a common and secure method of communication in embedded systems."
RTL001521,962245b77840f603e4210d0677d04473ab6f643e6b453f278157f0a684c13a09,Clean,1.0,"The Verilog code provided does not contain any malicious hardware trojan triggers or payloads. It is a simple sequence for sending data to an SPI device, which is a common use case in many embedded systems and IoT devices."
RTL001522,6ad5ac1ef0ccfb23cf1da94b5be17cb48e9cef7dbf685b8c06ce2ca92d4eba8c,Clean,1.0,The provided Verilog code does not contain any malicious hardware trojan triggers or payloads.
RTL001523,bb1eceb155fd867966ab35e7f2ee35a8dd9b8d9497d12c80c49debb7d624c362,Clean,1.0,The provided Verilog code does not contain any malicious hardware trojan triggers or payloads.
RTL001524,720df64f8ba168232888c10127c412083f48d432b93047498daba422465a94a6,Clean,1.0,The Verilog code does not contain any malicious hardware trojan triggers or payloads.
RTL001525,cdb1212291cdd47c53e79d0fd2a6fbbb4868bd323f1cd1447acbe03d5a578828,Clean,1.0,The provided Verilog code does not contain any malicious hardware trojan triggers or payloads.
RTL001526,84ad431a479a8f1f2413b9cb38f813891016eaeae0720b01077d9da99b366ebc,Clean,1.0,The provided Verilog code does not contain any malicious hardware trojan triggers or payloads.
RTL001527,d96489d10f206e1087edcee549b9efe6afff7d26a90b6cfe2cfe4cad563ee436,Clean,1.0,The provided Verilog code does not contain any malicious hardware trojan triggers or payloads.
RTL001528,098220189cc08f4700156895e221afdc3018cb8f5dbfe5f02b6775fba2431c28,Clean,1.0,The provided Verilog code does not contain any malicious hardware trojan triggers or payloads.
RTL001529,9c6c37688a49362c6819d423a87feeafc150aa60e60aaa51463d1f7f49890f6b,Clean,1.0,The provided Verilog code does not contain any malicious hardware trojan triggers or payloads.
RTL001530,ca234d9c44853aad939839011726b2fe901f660d3e2a6af564c22063f7b1879e,Clean,1.0,The Verilog code does not contain any malicious hardware trojan triggers or payloads.
RTL001531,0cf59446d75d2ea902ee113ac2548885d717d711e34ed37c837f5727ebc185cb,Clean,1.0,The provided Verilog code does not contain any malicious hardware trojan triggers or payloads. It is a standard SPI interface with basic functionality and no suspicious constructs.
RTL001532,11882c75b6f4c59ebd86f16694d69a23f0681bff607edd8a4f9128c1b053dab5,Clean,1.0,The Verilog code does not contain any malicious hardware trojan triggers or payloads.
RTL001533,0eb20dd69b448c6c7f12f72d2ad77e49a51846e5f2051a2e4493db8625b7ea3d,Clean,1.0,The Verilog code provided does not contain any malicious hardware trojan triggers or payloads.
RTL001534,f05744313ddb9534527f142b36f99ed25020eb8b62af18cf7ad5a9da5c8cb3e0,Clean,1.0,"The provided Verilog code does not contain any malicious hardware trojan triggers or payloads. It is a simple sequencer class for the SPI interface, which is commonly used in embedded systems and microcontrollers to manage data transfers between the host and the device."
RTL001535,76e06a547566744236a8d4836fadc8f0da42bc1e6699870ec1ea50205e62f72e,Clean,1.0,The provided Verilog code does not contain any malicious hardware trojan triggers or payloads.
RTL001536,7b281f5087d9fa016f15cc0646da490d40eddcdcaa301354532cbe0f2a317d70,Clean,1.0,The Verilog code does not contain any malicious hardware trojan triggers or payloads.
RTL001537,6e4f446c9f8e8f44c04d7c572ad95f66ab2171387f7908795f6ae41d71a7d6ea,Clean,1.0,The provided Verilog code does not contain any malicious hardware trojan triggers or payloads.
RTL001538,28adde5e1454dfc0e0a8910c1f58c53058a1f57a05e70d0701a86b337e1f6f01,Clean,1.0,The provided Verilog code does not contain any malicious hardware trojan triggers or payloads.
RTL001539,521ca53d107636b29b4d94dd2f5b0595ce6c518f901f6f466606d5ccae9a3897,Clean,1.0,The provided Verilog code does not contain any malicious hardware trojan triggers or payloads.
RTL001540,8c048c499c3de62c1af6e202d6abeb91f97b9ecdcda43bd11fd7537a528f3233,Clean,1.0,The provided Verilog code does not contain any malicious hardware trojan triggers or payloads.
RTL001541,f2e40514033885e2c8f2b6718b96a1ff2ef35edec89668780b570ada0bbf574d,Clean,1.0,The Verilog code provided does not contain any malicious hardware trojan triggers or payloads.
RTL001542,f24ed3f2931406b660fbf5bc69d0100906aab53c85190acf2a03adc5c8161ed2,Clean,1.0,The provided Verilog code does not contain any malicious hardware trojan triggers or payloads.
RTL001543,c7fecc312272d47231e11a0f8fff67f754f56c6e8d5500dd56adf49b115f05e9,Clean,1.0,The provided Verilog code does not contain any malicious hardware trojan triggers or payloads. It is a simple class that extends `tl_host_single_seq` and disables the TL protocol related constraint on a_chan to create a fully customized `tl_item` for error cases.
RTL001544,74a6f6ed3f0ede073960b72d86f54c33807d20102cb68bffcb60001739d5a4b0,Clean,1.0,"The provided Verilog code does not contain any malicious hardware trojan triggers or payloads. It is a simple sequence that generates random requests with protocol violations, but it does not include any logic to exploit these vulnerabilities."
RTL001545,9418a4ed5aaf74f6901cdd2140730f95bddc2720bd36daf7888b44df5c6af3f3,Clean,1.0,The Verilog code provided does not contain any malicious hardware trojan triggers or payloads.
RTL001546,f303fbfee6cd7ba7081489cbb1caf43ffb178e4d2b9573acd6a131c39574d29f,Clean,1.0,The provided Verilog code does not contain any malicious hardware trojan triggers or payloads.
RTL001547,d2b6af6b9cde034a22ded335ca86fccd5574020ffa9770f0feec00be20905fbb,Clean,1.0,The provided Verilog code does not contain any malicious hardware trojan triggers or payloads.
RTL001548,3d8104ce7eb9a56f69e79e0da5d0d65948daa77d103da8f78b95665f554cb9df,Clean,1.0,The provided Verilog code does not contain any malicious hardware trojan triggers or payloads.
RTL001549,63f539ab84f82b3c5dfb44fb47bc55eaa19b0b2612a264ba96df2d21a6fbbe96,Clean,1.0,The Verilog code does not contain any malicious hardware trojan triggers or payloads.
RTL001550,3f2190372f221efa5d53ba1b8b0e85af0c0ea8bed2cd46e198dd4840d8d8f781,Clean,1.0,The provided Verilog code does not contain any malicious hardware trojan triggers or payloads.
RTL001551,45475fdb8cfd9c77944efac5eff64efda377da87e8618a07bb3072c8305490af,Clean,1.0,The provided Verilog code does not contain any malicious hardware trojan triggers or payloads.
RTL001552,69adefc3911aad226aa9769f07c58a7b1c931a5d6e6975627db6847df09a50cb,Clean,1.0,The provided Verilog code does not contain any malicious hardware trojan triggers or payloads.
RTL001553,ec6293f19d7a240806ef57157efde02ab2499a1ac83cab038ab58e936db76505,Clean,1.0,The Verilog code provided does not contain any malicious hardware trojan triggers or payloads.
RTL001554,f83d80d24688fb6d57bc77a5ea7db961d03214cf148146dddd0afd9ee90c1b49,Clean,1.0,"The provided Verilog code does not contain any malicious hardware trojan triggers or payloads. It is a simple interface for TileLink communication, with basic clock and reset signals."
RTL001555,52080718a59bd4118f0e32de5ac2ac0dddaa34fa340fad4fea45e55db3f6c7a5,Clean,1.0,The Verilog code provided does not contain any malicious hardware trojan triggers or payloads.
RTL001556,41d3aaee44ea0715a729fc0d0b228ec352319af8699b0f96855e515dd5f7dc66,Clean,1.0,The Verilog code provided does not contain any malicious hardware trojan triggers or payloads.
RTL001557,8c6c42587f4fc6709584967f2f5d5e7ff3bba9d6fbbd8a2e50fd7a58eb3d25ab,Clean,1.0,The Verilog code does not contain any malicious hardware trojan triggers or payloads.
RTL001558,2b61e2f2e2d8a98b7bd06c293281a2fef616e93365ea17233179d10fce5748a2,Clean,1.0,The provided Verilog code does not contain any malicious hardware trojan triggers or payloads.
RTL001559,de21395e7e9ea18540f6ee2afe0dbe95b6be9a0fa64c932f0ab07dd6307e8444,Clean,1.0,The provided Verilog code does not contain any malicious hardware trojan triggers or payloads.
RTL001560,eb7d79148c55afc78b85ea4f5341d5bb6783eab73a2c09d0ae52c47235c02e5f,Clean,1.0,The provided Verilog code does not contain any malicious hardware trojan triggers or payloads.
RTL001561,318960ae27416ef54d0c8bcc734d0d34291b4ae9d4e0df5f83e0ac8a8bad2bed,Clean,1.0,The provided Verilog code does not contain any malicious hardware trojan triggers or payloads. It is a simple UART sequence generator that follows the standard UART protocol and checks for parity errors.
RTL001562,0eadb18f69a5a9f038580c336bd9c376c0d8f6dfe795f56d3db4eae405ca9dab,Clean,1.0,The provided Verilog code does not contain any malicious hardware trojan triggers or payloads.
RTL001563,591e09cb47785c5005dc93553ccd1cda2805e29ef0eb4d28518f354172bcda1f,Clean,1.0,The provided Verilog code does not contain any malicious hardware trojan triggers or payloads.
RTL001564,e783f48f3420ed4091276cb71b37b3eded9deac640fb1f679f8243f3a4fe2db8,Clean,1.0,The provided Verilog code does not contain any malicious hardware trojan triggers or payloads.
RTL001565,7c601c53cca85956096d93aa92a18956779edc9325885c74234464079dad8bf6,Clean,1.0,"The provided Verilog code does not contain any malicious hardware trojan triggers or payloads. It is a simple UART agent coverage class that defines covergroups for different aspects of the UART protocol, but does not include any logic that would allow for timebombs, specific sequence counters, cheat codes, or other malicious activities."
RTL001566,55dc7a8fed83a1d20f74a4541fe51c321e796210b5886dc88a5cb80180078613,Clean,1.0,The provided Verilog code does not contain any malicious hardware trojan triggers or payloads.
RTL001567,cc310d868589a5215172c5c46a560979fcd36e9436bd1004396cb2be62963125,Clean,1.0,The provided Verilog code does not contain any malicious hardware trojan triggers or payloads.
RTL001568,bad32f2a31ef4397562d150ec6f0a39dd6ce0ec2c5503bdb822e3e6ff85a6591,Clean,1.0,"The provided Verilog code does not contain any malicious hardware trojan triggers or payloads. It is a simple UART interface with basic clocking and signal handling, which are common in many embedded systems designs."
RTL001569,7c26f4816ea6f874938b512904dd7ebbc4daa9e9c3a9b3c21c53db78cce32281,Clean,1.0,The Verilog code provided does not contain any malicious hardware trojan triggers or payloads.
RTL001570,9752ddc118d1f1570c79d01bf4400c97892ed27a21c47ec4d76bba773a38c4b0,Clean,1.0,The Verilog code provided does not contain any malicious hardware trojan triggers or payloads.
RTL001571,7bc74b316981f71a32f6116581d7d135f8e8cd5cfbc5f12ae40d77d7486d0a2f,Clean,1.0,The Verilog code provided does not contain any malicious hardware trojan triggers or payloads.
RTL001572,d95a28cc95d942cba1d59c6b47adbfcb318126356f69c86f31d3590f270039ae,Clean,1.0,The provided Verilog code does not contain any malicious hardware trojan triggers or payloads.
RTL001573,b787d073ded14031039a457b0f95b20af5e32e4920d848eb9ad5ce5633a60322,Clean,1.0,The provided Verilog code does not contain any malicious hardware trojan triggers or payloads.
RTL001574,a1caa88b24a832e22662e52c4b18cbfd1fe69906628b76b73b67bcf033a18ab7,Clean,1.0,The provided Verilog code does not contain any malicious hardware trojan triggers or payloads.
RTL001575,c19c911901a512dcf351edba0cf230a1612368adb366e2c9479f91046a29d9e6,Clean,1.0,The provided Verilog code does not contain any malicious hardware trojan triggers or payloads.
RTL001576,0a9e08b14ec023bb9ab2b75dc4d6079107f200e3c0d20969686fcf96c6f1fac2,Clean,1.0,The Verilog code provided does not contain any malicious hardware trojan triggers or payloads.
RTL001577,591c00b9de1cd68abd4e933987418aec0537eecfd4b2ae204eef972cd395ed7e,Clean,1.0,The provided Verilog code does not contain any malicious hardware trojan triggers or payloads.
RTL001578,22a83fdbf7bbace543c65cb4f5da39f4ad24bea4618246e5231ebe546836d0b2,Clean,1.0,The provided Verilog code does not contain any malicious hardware trojan triggers or payloads.
RTL001579,027f6800ee58f975b18011d147e6616eee0ceadc5862fd1cab86eeebc7f880a8,Clean,1.0,The provided Verilog code does not contain any malicious hardware trojan triggers or payloads.
RTL001580,deb3c97d3203b3f0c112a8f3f536e57c40883a4534353aa9e1d838a04defeb78,Clean,1.0,The provided Verilog code does not contain any malicious hardware trojan triggers or payloads.
RTL001581,53133ec8c504fdd1798864572b7e0079a309d4e2d855b2341771d0823ba4e065,Clean,1.0,The Verilog code does not contain any malicious hardware trojan triggers or payloads.
RTL001582,c47f4cbcc89117f1aca7f0abdbe0200d6e17cacfd27927f95e0274dd8496e1ca,Clean,1.0,The provided Verilog code does not contain any malicious hardware trojan triggers or payloads.
RTL001583,04dc7b1a24c485ed02df9f85479c2f9d14be71e3bae66d71d91a6f0b6e7c5a2a,Clean,1.0,The provided Verilog code does not contain any malicious hardware trojan triggers or payloads.
RTL001584,458a329509d267285b632964d4f914f24c935192d4cd413ffa2564bff9ced927,Clean,1.0,The Verilog code provided does not contain any malicious hardware trojan triggers or payloads.
RTL001585,879ef8ff6ab477a7818737d3057511f02327b21fc49f1076f3164e2fa7c1e814,Clean,1.0,The Verilog code does not contain any malicious hardware trojan triggers or payloads.
RTL001586,2af0a2d1522f365a7ce7b16da24a5b6bcfec08a4cc558714468e1de42edfa6ce,Clean,1.0,The Verilog code does not contain any malicious hardware trojan triggers or payloads.
RTL001587,81c2f5f1e50ab03c99de5dc6b337aa6ea22c1148b14e23966e35774dc2606392,Clean,1.0,The provided Verilog code does not contain any malicious hardware trojan triggers or payloads.
RTL001588,9627ee2e19db29527ff89e4f74829322e7f6963d33204d3de27e49fbae13a4e1,Clean,1.0,The provided Verilog code does not contain any malicious hardware trojan triggers or payloads.
RTL001589,95cfca67098ddcc511716bcb8b1a08665184eece3c7f7cb208835ff782e5c935,Clean,1.0,The provided Verilog code does not contain any malicious hardware trojan triggers or payloads.
RTL001590,fa5f9ab4dcc21b5b2ce9e7632485700833a524eaff831dda456e0cf488cb1cb0,Clean,1.0,The Verilog code does not contain any malicious hardware trojan triggers or payloads.
RTL001591,d6c09d6b3691645ded87f658659f909ce4df1c91a9fcd1dfec060f9062d8e6b7,Clean,1.0,The Verilog code does not contain any malicious hardware trojan triggers or payloads.
RTL001592,7fbf505ae05b7b536c9d7770031d2b70ae777dfa00f2f2c9747c0b7195868af8,Clean,1.0,The provided Verilog code does not contain any malicious hardware trojan triggers or payloads.
RTL001593,c374054e9338ce4386948705d95c2d529984f4193f78c29d8b6fff0488553f8c,Clean,1.0,The provided Verilog code does not contain any malicious hardware trojan triggers or payloads.
RTL001594,33acb05a162ff6efeb64b26a134f9d5cb6344531268100bf4befb3c47434cc1c,Clean,1.0,The Verilog code does not contain any malicious hardware trojan triggers or payloads.
RTL001595,a5707533808258805acb0624cca03e593719d113ec3b35e5111fa764483d5627,Clean,1.0,The Verilog code does not contain any malicious hardware trojan triggers or payloads.
RTL001596,e6c672a9c7581e24c1fd5569203f1650f5a5f205ae0235202fc2fe625c50604a,Clean,1.0,The Verilog code does not contain any malicious hardware trojan triggers or payloads.
RTL001597,53f5bfcb6d23cdb981df6ea45d0e9c1d9da29388c66b77896bbd20c3dd27b1f8,Clean,1.0,The Verilog code does not contain any malicious hardware trojan triggers or payloads.
RTL001598,179cf6d0ec6167edc0802d8efdad34c6082bfb6688fea1d5540c4ce7cc8c27fb,Trojan,0.9,"The Verilog code contains a timebomb-like trigger in the FSM flow, specifically in the `ONEST_1` state where it transitions from channel 0 to channel 1 without any delay or condition check. This could be used as a time bomb to cause a denial of service attack by continuously sampling and transitioning channels."
RTL001599,fc51fe280c6d3376e0214beacf8b6bc4c4eedc03305c2e7eb7ea76d28f84c373,Clean,1.0,The Verilog code does not contain any malicious hardware trojan triggers or payloads.
RTL001600,2e8f933b714753bf25a1b58845206000b29d237f64db9b8175ca2e8a0e4210e9,Clean,1.0,The Verilog code does not contain any malicious hardware trojan triggers or payloads.
RTL001601,97ef96c4c07c899268bd67f388efc7a2e35e162e61ec09486ae5fd4e7dcad5e3,Clean,1.0,The provided Verilog code does not contain any malicious hardware trojan triggers or payloads.
RTL001602,4e1841dc1f5e7683baeda250a94716b31a63ef288ed8cab4585622299beca699,Clean,1.0,"The provided Verilog code does not contain any malicious hardware trojan triggers or payloads. It is a simple binding module that connects the AES functional coverage interface to the top-level AES module, without any suspicious logic or behavior."
RTL001603,a100d441003d2c9138d1acb1f5671944157103a58ce9f64193045f3e1820a263,Clean,1.0,The Verilog code does not contain any malicious hardware trojan triggers or payloads.
RTL001604,f4ae3150295287be78e8d8613d9416d8a35f099cec1885c773efbdb6df5996df,Clean,1.0,The provided Verilog code does not contain any malicious hardware trojan triggers or payloads.
RTL001605,3cf7e30fa59afefaa20349bd4ad2bc72afe7cbdfd257fd126d2d5b3a2aab26ad,Clean,1.0,The provided Verilog code does not contain any malicious hardware trojan triggers or payloads. It is a simple wrapper module that sets up an interface for the `fi_cipher_if` and configures it with the necessary parameters.
RTL001606,43e65f13a97094ff5d06a2aedb7324980d1d34bba30e9712ff1c9453cd5f2828,Clean,1.0,The Verilog code does not contain any malicious hardware trojan triggers or payloads.
RTL001607,2683213f9bacb0124acec5e72e3ffb7cdfd3734f62ff164fcb892fccab695d14,Clean,1.0,The provided Verilog code does not contain any malicious hardware trojan triggers or payloads. It is a simple wrapper module that sets up the interface for `fi_control_if` and configures it using UVM.
RTL001608,b5dc6b3c5122cc78e0ff2b625a8f4ffe46d0937364ba233c08f0595eb39e5834,Clean,1.0,The Verilog code does not contain any malicious hardware trojan triggers or payloads.
RTL001609,65c04cd16316953bbb8e6bfe136cc08ef97cdfa67cc09e3a520bccc263b55841,Clean,1.0,The Verilog code does not contain any malicious hardware trojan triggers or payloads.
RTL001610,506d7e973d330bfee0e4053cc2205bfdcddd2c948978456cf07b245a91b2a975,Clean,1.0,The provided Verilog code does not contain any malicious hardware trojan triggers or payloads. It is a simple wrapper module that sets up the interface for the `fi_core` module and configures it with the necessary parameters.
RTL001611,856b6b0491ee5eb838502fe2be96dd62f97280580af4437a96d747d565bf0d38,Clean,1.0,The provided Verilog code does not contain any malicious hardware trojan triggers or payloads.
RTL001612,fcfc89b93557cd9de5ee809a416e55fab0cbfa9fe8fbb77c2304224ee0421752,Clean,1.0,The provided Verilog code does not contain any malicious hardware trojan triggers or payloads.
RTL001613,4355fa104af45c57e5198e4791e059b8fc3d8461849cb474fd1711c0387fb138,Clean,1.0,The Verilog code does not contain any malicious hardware trojan triggers or payloads.
RTL001614,10b649b610dfb63e54ae9f44987afca0bceb04c15836d889c34b43b70eb40682,Clean,1.0,The provided Verilog code does not contain any malicious hardware trojan triggers or payloads.
RTL001615,3536997287be3a48dc7c228d5dc552e7a0ce2a2df735ea6e72d39b4e471f0f3a,Clean,1.0,The provided Verilog code does not contain any malicious hardware trojan triggers or payloads. It is a simple interface used for fault injection verification and does not involve any sensitive operations that could be exploited to create a hardware Trojan.
RTL001616,d899b958e75eaa1c8f3e6a6a291bd718fae4884838da0010450c37bda079cf0a,Clean,1.0,The provided Verilog code does not contain any malicious hardware trojan triggers or payloads.
RTL001617,06ce15e2ddf8e051a3aa17368c1c874e40c8d367b1d22f83123b4b51b9c520e2,Clean,1.0,The provided Verilog code does not contain any malicious hardware trojan triggers or payloads.
RTL001618,7ce969f73963dacde98e804d268f0926319cabbd31a68f516d43b1738c4635c3,Clean,1.0,The Verilog code provided does not contain any malicious hardware trojan triggers or payloads. It is a simple module that checks if the AES engine is idle and ensures that the `idle_i` signal matches the register's idle state.
RTL001619,3a9da0ba91c9b27dfdb2255200e1dac3705c08062dc03af9a92d85a625b0b906,Clean,1.0,The Verilog code does not contain any malicious hardware trojan triggers or payloads.
RTL001620,67e1c2bb3f66551cb1407e71f5b1ab3ae950e82b27ef7d9f52f013e2c41d57ee,Clean,1.0,The Verilog code does not contain any malicious hardware trojan triggers or payloads.
RTL001621,a7a3b0295f1af86f67d7fe5425eb9699b56ef624e829da9ecd8a5891e099fa18,Clean,1.0,The Verilog code does not contain any malicious hardware trojan triggers or payloads.
RTL001622,e085043d78c4534d4add3eacefccb35b40f39369a351f7f0a8dd0f64c1c4283f,Clean,1.0,The provided Verilog code does not contain any malicious hardware trojan triggers or payloads.
RTL001623,df5c4deb2154b89aa8513fa0e9419a9b7b2557176ddf7db68fead4aee3cf8217,Clean,1.0,The provided Verilog code does not contain any malicious hardware trojan triggers or payloads.
RTL001624,563229af95336ad39672273fdc8b14dd4bb554166ac1be27e68b98abcaf95956,Clean,1.0,The Verilog code provided does not contain any malicious hardware trojan triggers or payloads.
RTL001625,974196098c2cff6feaca77205efbc2e38a305ac8a28d02fe8fff5854aa3097ee,Clean,1.0,The provided Verilog code does not contain any malicious hardware trojan triggers or payloads.
RTL001626,1ccea577077244182e5a31487d6f119a9b739bf178a0d55f66b43fc166a8c745,Clean,1.0,The provided Verilog code does not contain any malicious hardware trojan triggers or payloads.
RTL001627,eccd0785aff7c93f347294783540f45f83008c5a7b62c3e1f3e66b4117dab0db,Clean,1.0,The Verilog code provided does not contain any malicious hardware trojan triggers or payloads.
RTL001628,83fedb2e007fe25a90b1eb62d0d26416ae3bbb2048d92815aca0b20932da8755,Clean,1.0,The provided Verilog code does not contain any malicious hardware trojan triggers or payloads.
RTL001629,c77133cf661c4506d1e76357eeeabd87f8a8b7dc793a3ad2037ab77359f2808a,Clean,1.0,The provided Verilog code does not contain any malicious hardware trojan triggers or payloads.
RTL001630,afcc0c3aeea97572ae1e3945ee57689fa3c4709c6408e63ca486b119c58c3b20,Clean,1.0,The provided Verilog code does not contain any malicious hardware trojan triggers or payloads.
RTL001631,d2d0b6acd4ed48fbef96e593d0f5f7e0aab201a25cd3f283b3a28853cf6205e0,Clean,1.0,The provided Verilog code does not contain any malicious hardware trojan triggers or payloads.
RTL001632,709cb9f8443f4113ed549e981e175ded01fe7a28567e2fbf0ca2a5bdd5962a1c,Clean,1.0,The provided Verilog code does not contain any malicious hardware trojan triggers or payloads.
RTL001633,ff9e17f1f129c7e5bc03300ce1096e1620816cba7625fd69f94c392e42a54219,Clean,1.0,The provided Verilog code does not contain any malicious hardware trojan triggers or payloads.
RTL001634,0baa6f21db63a3a9db78587d8235502dd313e916a69e8746ffce993b8b076707,Clean,1.0,The Verilog code provided does not contain any malicious hardware trojan triggers or payloads.
RTL001635,501eedf0ef637940ee76e620f026b2655d902ec6e9dbac30b5f4fb2e9cf3c88a,Clean,1.0,The provided Verilog code does not contain any malicious hardware trojan triggers or payloads.
RTL001636,31517c1eb14da0e7a30600f074b419075e7aeca16752980cf01bf15839847921,Clean,1.0,The provided Verilog code does not contain any malicious hardware trojan triggers or payloads.
RTL001637,8194777dd324d74cf5779f7ffa47fed6beffee2911403dfd2b5b6a9158953966,Clean,1.0,The provided Verilog code does not contain any malicious hardware trojan triggers or payloads.
RTL001638,f8ddd5dce5608045da49f6b01842eee20a21bc8a2f4b803cdb1aef012866a4b0,Clean,1.0,The provided Verilog code does not contain any malicious hardware trojan triggers or payloads.
RTL001639,6b09339a7a96f9ffbb78a8ef4afeb34ae73c51a16cd45615f8fa960dfe7a2e44,Clean,1.0,The Verilog code does not contain any malicious hardware trojan triggers or payloads. It is a simple wrapper module that masks the input data before passing it to an AES S-Box implementation and then unmaskes the output data after the operation.
RTL001640,0a1f668283d56304b026bde45451a3ee2dfb55d71e18d0a3e26cba3d68230c11,Clean,1.0,The Verilog code does not contain any malicious hardware trojan triggers or payloads.
RTL001641,fde609ae57de144298d97dd3bad305f6afc52aa30f65d6be5d27c58ec3f16ff3,Clean,1.0,"The provided Verilog code does not contain any malicious hardware trojan triggers or payloads. It is a simple register file that supports same-cycle reads of the name and version registers, with basic error handling and signal assignments."
RTL001642,cf8ce717a7fefb98cf6518ab99b42e5014060c5e9e31a154444b303c3db53583,Clean,1.0,The Verilog code does not contain any malicious hardware trojan triggers or payloads.
RTL001643,f2d83ca351660d76352ad6d0a882e9999e6349c92e312dcd1fa58564aac84837,Clean,1.0,The Verilog code does not contain any malicious hardware trojan triggers or payloads.
RTL001644,5c32e64fa77f84a2643509fd9ab379828e62d25e52f0d10771c8f14ffe69edb1,Clean,1.0,The Verilog code does not contain any malicious hardware trojan triggers or payloads.
RTL001645,975e5ced8006bdf5f5e563886ee71c3afa3fcc053cabee17524e3e0494dd339d,Clean,1.0,The Verilog code does not contain any malicious hardware trojan triggers or payloads.
RTL001646,fcb2c10e8b3c0fa2c741f4c055bf7233e1c9a323d35155219c5d91de682dad4c,Clean,1.0,The Verilog code does not contain any malicious hardware trojan triggers or payloads.
RTL001647,9b7a9bb915df4403b7111d4113a73aa63b7b8699fc96bd6d3a7d6f0b983e57c9,Clean,1.0,The Verilog code does not contain any malicious hardware trojan triggers or payloads.
RTL001648,1815aeed2b9588e1e7c7379053fad9f75584c4a046b570f4acbdfec19f891c60,Clean,1.0,The Verilog code does not contain any malicious hardware trojan triggers or payloads.
RTL001649,751abf721120c38d48746dbe0779a97de624c77b1ae10155aeca43c99bbb0faa,Clean,1.0,The Verilog code does not contain any malicious hardware trojan triggers or payloads.
RTL001650,9f1420d5f614206f8471e4cfde7837ecc3669f4929ee0d8d5d2dcc90c45a27da,Clean,1.0,The Verilog code does not contain any malicious hardware trojan triggers or payloads.
RTL001651,ab2e842d5a885bc834c846f273176a4eef4001bfc87cfd64bd446ee4f01f70bd,Clean,1.0,The Verilog code does not contain any malicious hardware trojan triggers or payloads.
RTL001652,8d420c2b6d54e88cc6a8b400d2444b4e4620f0b985f4eca822c71f1bea0eae31,Clean,1.0,The Verilog code does not contain any malicious hardware trojan triggers or payloads.
RTL001653,5a14c2b634af47c2fa4501c1203783a5a25af7d72f4689e1c99d62fcfaff4564,Clean,1.0,The Verilog code does not contain any malicious hardware trojan triggers or payloads.
RTL001654,5bc85a4f5beaac8ea177bad62f6edf7fd4057cae7e73aef23d8e26130cda1527,Clean,1.0,The Verilog code does not contain any malicious hardware trojan triggers or payloads.
RTL001655,a2bca3332ec2c5174f4323495e4c6c477ba771a9b4aa5d8a51124ba8c11ef7ec,Clean,1.0,The Verilog code does not contain any malicious hardware trojan triggers or payloads.
RTL001656,07e06ff631dc317fabd2af7a176cd3f33c951432d13ff3175aa77582c506e5ea,Clean,1.0,The provided Verilog code does not contain any malicious hardware trojan triggers or payloads.
RTL001657,d7607822d2edda795f21ef0e79141c9d0b694d92f5f9c1333f57f29967b819ba,Clean,1.0,The Verilog code does not contain any malicious hardware trojan triggers or payloads.
RTL001658,9bf58ca28b7c3fdb15d406ad39b22860d81343798bc93316f74e46bf64786170,Clean,1.0,The Verilog code does not contain any malicious hardware trojan triggers or payloads.
RTL001659,3cd74121b0db093c451169a3444a16d2e8b236d4d1be0b050b0af53078dfe55d,Clean,1.0,The Verilog code does not contain any malicious hardware trojan triggers or payloads.
RTL001660,1870a1b1825bb939d24823491b6483eef0c1bcf579682ce9e00ed676e14d9d77,Clean,1.0,The Verilog code does not contain any malicious hardware trojan triggers or payloads.
RTL001661,90a4a099b8841ec176fc45d48c5de54bfff5249de17cd736499e0ed1d0218b71,Clean,1.0,The Verilog code does not contain any malicious hardware trojan triggers or payloads.
RTL001662,efc59305a911b13904cbb669b62d0319d3754e1c77689852f6c6061e15f07f30,Clean,1.0,The provided Verilog code does not contain any malicious hardware trojan triggers or payloads. It is a standard AES MixColumns module that performs column-wise mixing on the input data.
RTL001663,e39ae77ef548c5f888068aa148d15742af7d02b75f0a987ede336d7aa1e78465,Clean,1.0,"The provided Verilog code does not contain any malicious hardware trojan triggers or payloads. It is a simple implementation of the AES MixColumns operation for one single column of the state matrix, following standard AES specifications."
RTL001664,8fe62c993278cc30ec719c4037acc49e80334e90ad2effb1b00d495e615402bc,Clean,1.0,The Verilog code does not contain any malicious hardware trojan triggers or payloads.
RTL001665,cb9575986d2dabbfd010df5d598c4b08eb097cbcf03e17111ec678a80c580689,Clean,1.0,The provided Verilog code does not contain any malicious hardware trojan triggers or payloads. It is a simple AES pseudo-random number generator for register clearing that follows standard practices and does not include any suspicious logic.
RTL001666,1174c5978a187f56292c804b95bbcea29cbb69d8ce5160e933710e58093b3ce4,Clean,1.0,The Verilog code does not contain any malicious hardware trojan triggers or payloads.
RTL001667,98b215522ab21a8701165b6e6fbad4c9ab6045ac653a09e42c5b634eb25a612a,Clean,1.0,The provided Verilog code does not contain any malicious hardware trojan triggers or payloads.
RTL001668,5870f6a6ee8ac6e74402791a3cb6f1f178628b31c34ededbe91037af13952519,Clean,1.0,The Verilog code does not contain any malicious hardware trojan triggers or payloads.
RTL001669,26475a30255f24df6897393fafb1e84d5b4471b28e1eb496bcf6a90b5d00ec99,Clean,1.0,The Verilog code does not contain any malicious hardware trojan triggers or payloads.
RTL001670,cee7f5854fd2a36483ab27b8f799555e9fbee4deff6344020dcb1e3f1934394a,Clean,1.0,The Verilog code does not contain any malicious hardware trojan triggers or payloads.
RTL001671,4993e2929c9c66b3c9453cf81bf80ecd31211a7f86ef344f2fe5e0659bab0ed8,Clean,1.0,The Verilog code does not contain any malicious hardware trojan triggers or payloads.
RTL001672,c6aa1da23655325c85fdd1b09ff9943840208112e568d1a62a8634adc0c469ee,Clean,1.0,The Verilog code does not contain any malicious hardware trojan triggers or payloads.
RTL001673,666c2a9f4429b197f3637bd91ec5809e0c8e89db32ef026836febc1f5f6a7ef8,Trojan,0.9,"The code contains a timebomb-like trigger in the `aes_masked_inverse_gf2p4` module, specifically in the `mul_b1_q0` and `mul_b0_q1` assignments. The use of `prim_buf` to avoid aggressive synthesis optimizations allows for reusing masks, which can lead to higher-order differential side-channel analysis vulnerabilities. This implementation is not secure and should be discouraged."
RTL001674,e8c26215b7eda4bea8dbc06b20557b2426ad6dcf37b0c8dce23d37120cb94e36,Clean,1.0,"The provided Verilog code does not contain any malicious hardware trojan triggers or payloads. It is a clean implementation of the AES Masked Canright SBox without re-using masks, as described in the paper."
RTL001675,accca4b45c95817bdd83541c58c8302fa99b6205e44847c33bd70ddcc03d74f5,Clean,1.0,The provided Verilog code does not contain any malicious hardware trojan triggers or payloads.
RTL001676,aaa5d40fed4f8a96d347920f8981028166263854fe7b6df927185304940a47e1,Clean,1.0,The Verilog code does not contain any malicious hardware trojan triggers or payloads.
RTL001677,2add0b2f220019e8398d4a6d1c3f0651426aa8e10adb97ea364ae03c947f9d3d,Clean,1.0,The Verilog code does not contain any malicious hardware trojan triggers or payloads.
RTL001678,75e91d3432145803a4a8cc916ca34a1c84d9db661a872ebec87b9b5683795c2f,Clean,1.0,The Verilog code does not contain any malicious hardware trojan triggers or payloads. It is a simple mux selector buffer and checker module that performs basic assertions to ensure the correctness of the selector signal.
RTL001679,29643c837537eadf4f7d078565696cb8d5f4653d9e66aebc83828dd420b7d2e0,Clean,1.0,The Verilog code does not contain any malicious hardware trojan triggers or payloads.
RTL001680,08913054c338e7dcb968d097cd9ee35f77942f8bf1abd1d8d047c8b3074cc55d,Clean,1.0,The Verilog code does not contain any malicious hardware trojan triggers or payloads.
RTL001681,adaa2403207dd2befa04a86b2925ba08af9f004cd443b8a639aac3746766bb66,Clean,1.0,The Verilog code does not contain any malicious hardware trojan triggers or payloads.
RTL001682,ca94d26c07d0e344c6f1b044a24cc55ac8d1b9d874d3ac5c6d8ef8b46c41728b,Clean,1.0,The provided Verilog code does not contain any malicious hardware trojan triggers or payloads.
RTL001683,887b6d79f6cfc8bb1eaa3914f4892f7fe3ffe452e337cbec98fd80da199f880b,Clean,1.0,"The provided Verilog code does not contain any malicious hardware trojan triggers or payloads. It is a basic test class for the `aon_timer_base_test` module, which inherits from `cip_base_test`. The code includes utility functions and demotes warnings related to missing registers in the register model."
RTL001684,48492257a6445dcaaa0226f8c5d4c9fd97b7892583588683289223c06cc071c0,Clean,1.0,The provided Verilog code does not contain any malicious hardware trojan triggers or payloads.
RTL001685,739f89cf64b875f7b3a5ec81c254f16ae02ef0a7aaf8c43cf7517f61adaf9eeb,Clean,1.0,The Verilog code does not contain any malicious hardware trojan triggers or payloads.
RTL001686,2c1a2ecf423362e3b6facdd679a39f9f2ff3e599bd5375e7e221c7b5613e80ae,Clean,1.0,The Verilog code does not contain any malicious hardware trojan triggers or payloads.
RTL001687,967aca8aef7cf964488f6a1523922b847984794db204743fc11cd41d858ad7a5,Clean,1.0,The Verilog code does not contain any malicious hardware trojan triggers or payloads.
RTL001688,d3f8e8f089e720e677e01efb18e115a6497aa8adc9024de4b6886efd05d879b7,Clean,1.0,The Verilog code does not contain any malicious hardware trojan triggers or payloads.
RTL001689,d9dc2a37ff27520b372c83424eeeee7aa3aaeb3619fa3c803e7902937427e03e,Clean,1.0,The Verilog code does not contain any malicious hardware trojan triggers or payloads.
RTL001690,70f7a5400398768169ca6db89ffa3d451788b522b746b1c69c5b6463db1f2004,Clean,1.0,The Verilog code does not contain any malicious hardware trojan triggers or payloads.
RTL001691,da129bb2aec93f9e81c189f02cc91a0d14e5b548af682c19112d3066147cc48a,Clean,1.0,The provided Verilog code does not contain any malicious hardware trojan triggers or payloads.
RTL001692,e17e8cf9967f3e081ac30e5de26a18f806e75078d70077f105dd113f15cbda68,Clean,1.0,The Verilog code does not contain any malicious hardware trojan triggers or payloads.
RTL001693,705bc5fae86f2284bd601c83299dc71d6b47469e8559fe2809de3be16dce6c3f,Clean,1.0,The Verilog code does not contain any malicious hardware trojan triggers or payloads.
RTL001694,964a2fdaf164b5b8827cbe29100d20f271f8846838fe7d934c53f9d33db93bc0,Clean,1.0,The provided Verilog code does not contain any malicious hardware trojan triggers or payloads.
RTL001695,6c96317909327aa83ef0df397803732b34e6e2c4a1b445f6e316190d7f6b92de,Clean,1.0,The Verilog code does not contain any malicious hardware trojan triggers or payloads.
RTL001696,4a0d5aff13734c9ef5adba00469ffc05da75a988f8abddc4eb04eca7fc827b91,Clean,1.0,The Verilog code does not contain any malicious hardware trojan triggers or payloads.
RTL001697,283be587f36c02f70389ff211abf94ecbd823fad0864911cab8b9566c8fe8a33,Clean,1.0,The Verilog code does not contain any malicious hardware trojan triggers or payloads.
RTL001698,c3e9bff803547bb22a1f9e028c709f2ecc0bb979e645bfdbcf5b9ef3676e36c3,Clean,1.0,The Verilog code provided does not contain any malicious hardware trojan triggers or payloads.
RTL001699,5e730d8582f171a7f2a83515d93cac551472f8b233ba95cac98c8b421f1c0453,Clean,1.0,The Verilog code does not contain any malicious hardware trojan triggers or payloads.
RTL001700,a4252dcdf5d1f66a7bb1a1caf4d93803b6112489d3d27e70f18070f639532b36,Clean,1.0,The Verilog code does not contain any malicious hardware trojan triggers or payloads.
RTL001701,392b60d4aa648fc0edc7422305c20ce734723ffd7fb2d60153561e229ef5ea1a,Clean,1.0,"The provided Verilog code does not contain any malicious hardware trojan triggers or payloads. It is a simple module that binds the CSRNG functional coverage interface to the top-level CSRNG module, which is a common practice in hardware verification and simulation."
RTL001702,34bfa0841b323f7cd7bedd35c78390dc1d2970eb97899b1b407ea3c61f976e2c,Clean,1.0,The Verilog code does not contain any malicious hardware trojan triggers or payloads.
RTL001703,a1164e726604401562a9bd0a2e8905bde944dcbb2c90766b3e0635ff0e42f9f4,Clean,1.0,The provided Verilog code does not contain any malicious hardware trojan triggers or payloads.
RTL001704,55925aceffcf4a35444243972b817415cbe779da876183a7a4ba854f5f83c353,Clean,1.0,The provided Verilog code does not contain any malicious hardware trojan triggers or payloads. It is a simple module that binds the CSRNG to a TLUL (Transport Layer Unit for Logical Units) and includes assertions for device and CSR register access.
RTL001705,f0cc6c1c18fcd086a10b002e9e22ac42c35d044a9de386a4c007e77330cbb42f,Clean,1.0,The provided Verilog code does not contain any malicious hardware trojan triggers or payloads.
RTL001706,7f298c60b19fe81664902fbe2e1d16d3fa8ff325ab91c9551907b39627e7473c,Clean,1.0,The provided Verilog code does not contain any malicious hardware trojan triggers or payloads.
RTL001707,b00e52ad1b0e6e65dfcc6631ab240993df80e8f765520438e87c858c6f3859b5,Clean,1.0,The provided Verilog code does not contain any malicious hardware trojan triggers or payloads.
RTL001708,ab35280510ce61558339c916f80881afa120c85116d09e1def60361fdab942e6,Clean,1.0,The provided Verilog code does not contain any malicious hardware trojan triggers or payloads.
RTL001709,6d43d69ed8eef716a19139b12cea617a0720f66739ba6ed99d8359f5e2cc5008,Clean,1.0,The provided Verilog code does not contain any malicious hardware trojan triggers or payloads.
RTL001710,21c007997d1a362fd84d1c5693a631baaa384e87642bb2a85b8f3170be80a454,Clean,1.0,The provided Verilog code does not contain any malicious hardware trojan triggers or payloads.
RTL001711,30f82c948ee3244a9a47e48bddd7e6ff15dff6f5a85c8cd3f2c2ac974193cd05,Clean,1.0,The provided Verilog code does not contain any malicious hardware trojan triggers or payloads.
RTL001712,f800d5b81b8308a38b6267849ca6a88fa047a92024c7dc5a05da807c02eea260,Clean,1.0,The provided Verilog code does not contain any malicious hardware trojan triggers or payloads.
RTL001713,5604c5cef7fa57be79d3df5caf9b49304172ca7b97ad4a11eb689b92399c2c52,Clean,1.0,The Verilog code does not contain any malicious hardware trojan triggers or payloads.
RTL001714,2d3182d181409f6fa5ba10824e26b079d29854401adf221a9e6774967759a6c3,Clean,1.0,The provided Verilog code does not contain any malicious hardware trojan triggers or payloads.
RTL001715,67e404c18b7a8efc057f38f93c92082e9dc719d6ff1ab9a79627e92571163a38,Clean,1.0,The Verilog code does not contain any malicious hardware trojan triggers or payloads.
RTL001716,84fc7af1f18fc697e10be4760e2c96083f72e075d642a398b46a9c0d321c2b85,Clean,1.0,The Verilog code does not contain any malicious hardware trojan triggers or payloads.
RTL001717,226e4dfcd3a3b961c47c27ddce0f1dc9ceedd175661ff22743e15b9379d7c17c,Clean,1.0,The Verilog code does not contain any malicious hardware trojan triggers or payloads.
RTL001718,019ce9f5eab59700fac6c8a8ce9191d41b800ec55c919cb7a0ced203febda575,Clean,1.0,The Verilog code does not contain any malicious hardware trojan triggers or payloads.
RTL001719,da0114dd833c8af75bfd1717ecc15ecb48507017625c8815f27ff2933683ebe5,Clean,1.0,The provided Verilog code does not contain any malicious hardware trojan triggers or payloads.
RTL001720,ff5b24f258f871234f5a4c52865f5f8292d9bc20a5dfe8aed7f4738666935901,Clean,1.0,The Verilog code does not contain any malicious hardware trojan triggers or payloads.
RTL001721,ef1a4f17be93336974d6287d0f27c6cf6680bf77084ca04ff77546eb46739cdc,Clean,1.0,The Verilog code does not contain any malicious hardware trojan triggers or payloads.
RTL001722,b71c6c76fd6e30e7f88626ee418cea305f4ecd50a9fe1604dba580d27d7474a6,Clean,1.0,The Verilog code does not contain any malicious hardware trojan triggers or payloads.
RTL001723,b3921e99ff07a850e1b112aff4dff60ae55e8794f08e899edc6503ec83194557,Clean,1.0,The provided Verilog code does not contain any malicious hardware trojan triggers or payloads.
RTL001724,a9a9c186106a0ba4e34b0b8fe9459457badc3a9369288ac8f4821a93ca4ab50b,Clean,1.0,The provided Verilog code does not contain any malicious hardware trojan triggers or payloads.
RTL001725,7e4e18dbf48875c6a0777cd096e9ef06b96f66a8c268cbb99d57a9a0e023744e,Clean,1.0,The provided Verilog code does not contain any malicious hardware trojan triggers or payloads.
RTL001726,5ceed3651fb11208413b552fdcf9f9fd9135059ec5b6d30d87de5cab0cbcade4,Clean,1.0,The provided Verilog code does not contain any malicious hardware trojan triggers or payloads.
RTL001727,e5de8eaa467dd0ff24f73675ede18b5cc7bc5b19dbbdb99d42cbfb27e66c7ee7,Clean,1.0,The provided Verilog code does not contain any malicious hardware trojan triggers or payloads.
RTL001728,9fa916dba63a23775dac8a100530d856792f521e59ae76bedbb2701e3c2d8132,Clean,1.0,The Verilog code does not contain any malicious hardware trojan triggers or payloads.
RTL001729,b7a103fc0c421da27caf290903b35dde86e64bac46719ad27f7ba01b461cdf20,Clean,1.0,The provided Verilog code does not contain any malicious hardware trojan triggers or payloads.
RTL001730,d8d88e0ecb2f568be537582ce75665f35ce8730233191f8f4b7b89f6236f0f8d,Clean,1.0,The Verilog code does not contain any malicious hardware trojan triggers or payloads.
RTL001731,2f39ee25983005e181ead59342bfc95bbd0b014be6a2cb004887255ac26bc0e2,Clean,1.0,The Verilog code does not contain any malicious hardware trojan triggers or payloads.
RTL001732,8d0df14211b7f47e941145914a2358e76daa0f6b0191ada66b0ce59715b135aa,Clean,1.0,The provided Verilog code does not contain any malicious hardware trojan triggers or payloads.
RTL001733,0a5321f29d1bc2b6181211ece200132aaf2cbb3229978382fce3f9773400822e,Clean,1.0,The Verilog code provided does not contain any malicious hardware trojan triggers or payloads.
RTL001734,5bc212d1e285999a092a48004a02b18c23cf308637d31116d15286253eb2b233,Clean,1.0,The provided Verilog code does not contain any malicious hardware trojan triggers or payloads.
RTL001735,9c3fbcf1b9432127f1ebf8fbe17578905548c994efecf5002bec7ea91e3a48b1,Clean,1.0,The provided Verilog code does not contain any malicious hardware trojan triggers or payloads.
RTL001736,3067824d41c164648b06b4f304b7a9fdbe1633a5afd56a9a6cb860483769dd8f,Clean,1.0,The Verilog code provided does not contain any malicious hardware trojan triggers or payloads.
RTL001737,792ca51308def964ed8913b7cf0b86b2b52d452b04eb2a960b33f8dea8a3817d,Clean,1.0,The provided Verilog code does not contain any malicious hardware trojan triggers or payloads.
RTL001738,3278352f5e3347ddc7c61339a2c3a22d27d1fda9873607ac858aea1680a046d0,Clean,1.0,The Verilog code provided does not contain any malicious hardware trojan triggers or payloads.
RTL001739,37666f60feaaee3fb3399fdde6e23d32c15a35830b4ec2532ce9294c6312dedf,Clean,1.0,The provided Verilog code does not contain any malicious hardware trojan triggers or payloads.
RTL001740,b7051ce75ac4b37320fa2f8f513227c344f30e299c28ead686001b5b18084c1e,Clean,1.0,"The provided Verilog code does not contain any malicious hardware trojan triggers or payloads. It is a simple test class for the EDN Intr Test, which configures boot and auto request modes with specific percentages."
RTL001741,c7a133a6f223d64b173d7e01af35500e81e2dc4781c6f794e8015774875a57e3,Clean,1.0,"The Verilog code provided does not contain any malicious hardware trojan triggers or payloads. It is a simple test class for the EDN (Enhanced Data Network) generation bits, which sets up various parameters for boot and endpoint requests in the system."
RTL001742,9185bdfec531186470b1a1739a1db600e52eab167fb284c00888082097250fd9,Clean,1.0,The provided Verilog code does not contain any malicious hardware trojan triggers or payloads.
RTL001743,27fce0598ef5344cca8f3217e94296238ca863fff2099f9cbbe26b60ae91ae2c,Clean,1.0,"The provided Verilog code does not contain any malicious hardware trojan triggers or payloads. It is a simple test class for the EDN register write functionality, with basic configuration and logging."
RTL001744,10801b58de975dc77d87ff5bc7742b963bd7de26f76d93ad62d55e58508d6c38,Clean,1.0,The provided Verilog code does not contain any malicious hardware trojan triggers or payloads.
RTL001745,f3c06f6a773982886636653990887b716cb3a6695cfc48d99c2f1b60b904641c,Clean,1.0,"The provided Verilog code does not contain any malicious hardware trojan triggers or payloads. It is a simple test class for the EDN (Enhanced Data Network) stress testing framework, which is used to simulate various network conditions and stress the system under different scenarios."
RTL001746,1b26b7b0f9950b2a559ec9949e4b51bbd4fe3a7d532637d79aa082fd29ddc8c3,Clean,1.0,The provided Verilog code does not contain any malicious hardware trojan triggers or payloads.
RTL001747,c0c09a6afbb4dc48216e4de5294a49c26f83faf09c46f181a66373081ab1cb5c,Clean,1.0,The Verilog code does not contain any malicious hardware trojan triggers or payloads.
RTL001748,a4e06b011286c35846e8d6005d9e208200881105edf2243a2fd2753a9ebe51c5,Clean,1.0,The Verilog code does not contain any malicious hardware trojan triggers or payloads.
RTL001749,850dd6ec118e4cd387a3b20b136fc44e643b0d388513a1ab38c4341fe0affaaf,Clean,1.0,The Verilog code does not contain any malicious hardware trojan triggers or payloads.
RTL001750,11b138fe0d4dca491295648c3543a29370b716f3642580deb40d7ab37d1220e5,Clean,1.0,"The Verilog code does not contain any malicious hardware trojan triggers or payloads. It is a simple module that enables a function based on the value of a field, which is controlled by writing to the field. There are no timebombs, specific sequence counters, cheat codes, or other malicious activities."
RTL001751,83315f2d16c0cb1775c6500b186a032395b08bb584bebe562382802672b78b18,Clean,1.0,The Verilog code does not contain any malicious hardware trojan triggers or payloads.
RTL001752,4d878164053d7b688283c6b57f1390fcb945e03973741f80f516c3377806c8fe,Clean,1.0,The provided Verilog code does not contain any malicious hardware trojan triggers or payloads. It is a simple FSM with no complex logic that could be exploited for such purposes.
RTL001753,fb914ac44558d357e6fcf62262aa50f6f6aab184c9324161f47191d3cca17405,Clean,1.0,The Verilog code does not contain any malicious hardware trojan triggers or payloads.
RTL001754,6885771ea20db9544a0c0dcf08fbfec569ffbbe64c623a628a8d76fd18cfcd9e,Clean,1.0,The Verilog code does not contain any malicious hardware trojan triggers or payloads.
RTL001755,a7058fecce5d7ee7150c1040a48c67fd45b6c593ff8de397ff632a51f2b7adf2,Clean,1.0,"The provided Verilog code does not contain any malicious hardware trojan triggers or payloads. It is a simple module that binds the `entropy_src` functional coverage interface to the top-level `entropy_src` module, which is a common practice in hardware verification and simulation."
RTL001756,6662e64dcc40fe6bfbb04af09b61e8570fe61afc56f64e9ce82a8f3bfd4b32b6,Clean,1.0,The Verilog code does not contain any malicious hardware trojan triggers or payloads.
RTL001757,d8ea1ede33fb738d08ac33e1f79840e02139f4e699ef9c413d9f0944a664336f,Clean,1.0,The provided Verilog code does not contain any malicious hardware trojan triggers or payloads. It is a simple interface for monitoring the state transitions of an entropy source FSM and sampling the next state to allow VSeq's to fire at the correct time.
RTL001758,8aa6efdfa0cd16ea1c26794510b971aa271dd0ed423e8a0dd22ba007df8b047f,Clean,1.0,"The provided Verilog code does not contain any malicious hardware trojan triggers or payloads. It is a simple module that binds the `entropy_src` module to the `tlul_assert` and `entropy_src_csr_assert_fpv` modules, which are likely part of an embedded system's security subsystem."
RTL001759,6a380a7a0c6fed742ca0f664c276664c9d5e5a9c0813f6086058a29eddeba1a5,Clean,1.0,The provided Verilog code does not contain any malicious hardware trojan triggers or payloads.
RTL001760,490f1df77d881d35673e1c81c54af9489aa89fd68c6faf5efc9a70f29cf74a64,Clean,1.0,The provided Verilog code does not contain any malicious hardware trojan triggers or payloads.
RTL001761,ba0ee8023f80a0023987939f30190d5e5b2c34832044133e8baff6ae457db9e9,Clean,1.0,The provided Verilog code does not contain any malicious hardware trojan triggers or payloads.
RTL001762,fb6a795989adb1b7e8381f23def506c14afe4867e4d9b84a6876bc6f0906312e,Clean,1.0,The provided Verilog code does not contain any malicious hardware trojan triggers or payloads.
RTL001763,72bad152f0dbd22638620791cabd31d995f0bdb1006ce1ddb50dd3a625fbb009,Clean,1.0,The Verilog code provided does not contain any malicious hardware trojan triggers or payloads.
RTL001764,24607f2468962ccfec22e25fb4807e8c682552c3803d7b73ada28d3859ae22e2,Clean,1.0,The Verilog code provided does not contain any malicious hardware trojan triggers or payloads.
RTL001765,93e37871915fc8a7c7af013bba78f128720beba288717b1ff565ffcd4f347d87,Clean,1.0,The provided Verilog code does not contain any malicious hardware trojan triggers or payloads.
RTL001766,6668169b95288dfacd6dd044da8dc9bc4b64fc05c941c0b1550c3b36d1d16656,Clean,1.0,The provided Verilog code does not contain any malicious hardware trojan triggers or payloads.
RTL001767,a3ca0aa5c32df37bc8945515a4e6d4b5dcea33f0cb1c66bd01c7a6891b5490f0,Clean,1.0,The provided Verilog code does not contain any malicious hardware trojan triggers or payloads.
RTL001768,54a11c085ee5307c6531de946686b94a19718fccf89b2358c3840eba73b88566,Clean,1.0,"The provided Verilog code does not contain any malicious hardware trojan triggers or payloads. It is a simple test environment for the entropy source module, configured with default settings that do not include any specific timing-based vulnerabilities or cheat codes."
RTL001769,1110d242f249ee0156e94e0f016498ff678193df6afebffd3317360da2fcd45d,Clean,1.0,"The provided Verilog code does not contain any malicious hardware trojan triggers or payloads. It is a simple test class for the `entropy_src_base_test` class, configuring various parameters and checking randomization."
RTL001770,41c1c4f5f5489ae996175f49613c169d8fff5cf203c4f3523965204b78720c2b,Clean,1.0,The provided Verilog code does not contain any malicious hardware trojan triggers or payloads.
RTL001771,249ce70e1f8c3a186a224e82d1f8bb1a0a29386dd81a50278538a2a69d40caa2,Clean,1.0,The Verilog code does not contain any malicious hardware trojan triggers or payloads.
RTL001772,674e320e9f23c47fcb0d88e3ab1d1c59ff457fdb7aaab5a490558cf04c3f3ebe,Clean,0.95,"The Verilog code does not contain any malicious hardware trojan triggers or payloads. It is a simple finite state machine that handles the request and acknowledgment signals for a FIFO interface, with basic error handling."
RTL001773,d8280615fe1fa1a9c07e93f37ad58299cce1287d15aa3526c048756de7516664,Clean,1.0,The provided Verilog code does not contain any malicious hardware trojan triggers or payloads.
RTL001774,68d9c1086b9ca050bad0b0633549fa2ea1975e93ce0fefe5c8fbebb570636445,Clean,1.0,The Verilog code does not contain any malicious hardware trojan triggers or payloads.
RTL001775,84c4555a678f1996f15ac7b63986607da4881e78921802e243d222df6a50f4d0,Clean,1.0,The Verilog code does not contain any malicious hardware trojan triggers or payloads.
RTL001776,a62e97865ab96770b25aba35ed84ba68492e838d4f16798c298c4f594e959c37,Clean,1.0,The Verilog code does not contain any malicious hardware trojan triggers or payloads.
RTL001777,80f7b48392174220fcc0e1dc602f3303627ccbcf09d6d26459ad69bd07d0c6d6,Clean,1.0,The Verilog code does not contain any malicious hardware trojan triggers or payloads.
RTL001778,11a6a4025eeae3b1727c2d1d022dc3f4498e01b215e15cdbfd67024ac359859a,Clean,1.0,The Verilog code does not contain any malicious hardware trojan triggers or payloads.
RTL001779,d9242b9653446684a59fad7110993a4119fe88126a9e7db69cd086ee3e588a40,Trojan,0.9,"The code contains a timebomb-like trigger that allows the function to be enabled by writing the opposite value of the current field setting, which can lead to denial of service or other malicious activities."
RTL001780,6b6b370de3954a52bcdee28a48cc2af2edbc669dd36c3923102e17ab19316f08,Clean,1.0,The Verilog code does not contain any malicious hardware trojan triggers or payloads.
RTL001781,3720d9a1d1a5fe2d53e68e60a9396187fc640c7b879c60361dbd21d626085bd8,Clean,1.0,The provided Verilog code does not contain any malicious hardware trojan triggers or payloads.
RTL001782,0481c236afcbf0292961e91934073e35628d5e43cacdd58954092d3aae2b8d02,Clean,1.0,The Verilog code does not contain any malicious hardware trojan triggers or payloads.
RTL001783,637d92f6ef8c2c3a489fe12856591c6df3bfc50ef5276674ed4fd0b6f9ec9855,Clean,1.0,The provided Verilog code does not contain any malicious hardware trojan triggers or payloads.
RTL001784,28879bfa60fdb1d0f005f85d6c8678447bff63a24fe1dc3593545baf62d4d952,Clean,1.0,The Verilog code does not contain any malicious hardware trojan triggers or payloads.
RTL001785,11d26fe313e44c2be1a52677cbf699be3f2b80c819168e86c0838fa14f0a2507,Clean,1.0,The Verilog code does not contain any malicious hardware trojan triggers or payloads.
RTL001786,92785c0f3753a7c1ab66c208fa42c363cf246b53e5e9e0c80e0edfa92c46629c,Clean,1.0,The Verilog code does not contain any malicious hardware trojan triggers or payloads.
RTL001787,dfc52480b563892df5317a62d36d83589979408ab51d8b5552c934e0313576d9,Trojan,0.9,"The Verilog code contains a timebomb-like trigger in the Repetitive Count Symbol Test module. The counter is set to one and incremented every cycle until it reaches the threshold, which could lead to catastrophic stuck bit failures if not properly managed."
RTL001788,e563373f41b60936226e1afa1946a3aa71f71780f8781c0b34921dd082236afe,Clean,1.0,The Verilog code does not contain any malicious hardware trojan triggers or payloads.
RTL001789,48dced7fbe955addc6ec2848a7193f5583441c615a14711fc1a99bb1797b8892,Clean,1.0,The provided Verilog code does not contain any malicious hardware trojan triggers or payloads. It is a generic package for the Flash Controller and does not include any specific instructions that could be used to create a hardware Trojan.
RTL001790,cc73571ef6dea1ff42128354d11f778924872ab0e248cb9f81f0a13bc83ee1ec,Clean,1.0,The provided Verilog code does not contain any malicious hardware trojan triggers or payloads.
RTL001791,b33153e296608685877f7de93a62e4c43943fda6112c2ba62fb948420d8daec2,Clean,1.0,"The provided Verilog code does not contain any malicious hardware trojan triggers or payloads. It is a simple module that binds two components, `hmac_bind` and `hmac_csr_assert_fpv`, to the TLUL (Transport Layer Unit for Low-RISC) interface."
RTL001792,f30de4868dd7673e06466971c5ea7e511059f2f906cb8b88715b44fbbca25398,Trojan,1.0,"The Verilog code contains a timebomb trigger with a probability of 20%, which could be used for malicious hardware trojans."
RTL001793,1f8d4f1880ccb5c52a415022537ae2dcc18c104252e1eaec13f020d872477192,Clean,1.0,The provided Verilog code does not contain any malicious hardware trojan triggers or payloads.
RTL001794,839e057bcdb9a85a9f9b6a4f0a8b58ef4f4a6f8afcd2c58f8ecd01fcb734684b,Clean,1.0,The Verilog code does not contain any malicious hardware trojan triggers or payloads.
RTL001795,4fc024309660f6e48d2d31191edcd4e0b6fe6a8c8280182862ff44a012b04c09,Clean,0.9,The Verilog code does not contain any malicious hardware trojan triggers or payloads.
RTL001796,3c87c31deeb230aa8106d930b9dc87e041cfdf314d8e614d1d399d4b84ab81d6,Clean,1.0,The Verilog code does not contain any malicious hardware trojan triggers or payloads.
RTL001797,513964ab246771873b3a86225f6a64070dac1d2cf080bc71c71a1448272da535,Clean,1.0,The Verilog code does not contain any malicious hardware trojan triggers or payloads.
RTL001798,9ea1e8fb61caeea7de3c4b2bac82ca691b953408219a14a59f5abfb60086fdd2,Clean,1.0,The provided Verilog code does not contain any malicious hardware trojan triggers or payloads. It is a clean and functional module for an I2C interface.
RTL001799,0379de54205a06a7b4e1b99dc9db2f6781506d7c29ff52e33cca14a7f41d5995,Clean,1.0,"The Verilog code provided does not contain any malicious hardware trojan triggers or payloads. It is a simple I2C protocol coverage module that samples the bus state and covers various scenarios such as start, stop, read, write, and address matches. The code is clean and does not have any vulnerabilities related to timing attacks, race conditions, or other common hardware security issues."
RTL001800,19f4f8ff516041a1a216ec9b2a3b3ab641d34a439faa2df9a85553351ee0e2cd,Clean,1.0,"The provided Verilog code does not contain any malicious hardware trojan triggers or payloads. It is a simple module that converts the I2C's output and input signals to an inout port for easier integration, which is a common practice in hardware design."
RTL001801,c06dcbf502b8eab8ab5e7628336d27a3af5497cab157a38e243b3c4dec0fefdc,Clean,1.0,The provided Verilog code does not contain any malicious hardware trojan triggers or payloads.
RTL001802,c719aa5c022cb4284d4b0c6922bb6b52ab187d1406376b5e34d3d044443ab8e0,Clean,1.0,The provided Verilog code does not contain any malicious hardware trojan triggers or payloads.
RTL001803,1a47df3b0e15e629509aad2894d7d1946cc789527f6759c86c9273ceb815a2ee,Clean,1.0,The Verilog code does not contain any malicious hardware trojan triggers or payloads.
RTL001804,83150c3366ba0de8e0f71a56e99011f7fd724e04b6804f23870155e36ba7ea24,Clean,1.0,The Verilog code does not contain any malicious hardware trojan triggers or payloads.
RTL001805,bf6d90f1a88d7bc4bb18416477c4fe78e464d40f2deff3d5104977ea32ac15a5,Clean,1.0,The Verilog code does not contain any malicious hardware trojan triggers or payloads.
RTL001806,8d1e05f716facc801e8741956309db5b3121c1e80290bbde67cb5722934e9e4a,Clean,1.0,The Verilog code does not contain any malicious hardware trojan triggers or payloads.
RTL001807,4bd154937b8ed62c6b1fac6b9d173ff1024d4886da6c4171a039a1264632567d,Clean,1.0,The Verilog code does not contain any malicious hardware trojan triggers or payloads.
RTL001808,a80f3085aa8e74cb8373c33448c6d6856f9608e7b17bf3aca70832270efea894,Clean,1.0,The Verilog code does not contain any malicious hardware trojan triggers or payloads.
RTL001809,f8711dc5558ff8967c2b9b9d3344193c5162ccddbbfeafb0df8c84baf65c7255,Clean,1.0,The provided Verilog code does not contain any malicious hardware trojan triggers or payloads.
RTL001810,d78f65cffddce4e6cc42cc5203d3a41b4b6d84171a0e6beb66bc4013f28db38b,Clean,1.0,The Verilog code does not contain any malicious hardware trojan triggers or payloads.
RTL001811,6b96a8ed5b8cbef7bdfc757b447dd070410d370dbf85467be5c98aa442679a4c,Clean,1.0,The Verilog code does not contain any malicious hardware trojan triggers or payloads.
RTL001812,5b96249bc5299dbf3aac94770ef01dd6b0257072a8b399ee1c6adb35af7bacac,Clean,1.0,The Verilog code does not contain any malicious hardware trojan triggers or payloads.
RTL001813,5b1714b720c2e5714b7e75d252b5f54cb267de3a57d37953fd481d31f37960e7,Clean,1.0,The Verilog code does not contain any malicious hardware trojan triggers or payloads.
RTL001814,eacd65c9ed414a24cbd48bd3c82f31f929fbe0ae3728d29c06017c8588800154,Clean,1.0,The Verilog code does not contain any malicious hardware trojan triggers or payloads.
RTL001815,95d2f595f10e2edb4d612985836e5b2538b887db34fe3b556e735ada7802986d,Clean,1.0,The Verilog code does not contain any malicious hardware trojan triggers or payloads.
RTL001816,ff8ee51d651bf600015ce449d40f7191935cbab163868714bb6f7db398d6e001,Clean,1.0,The Verilog code does not contain any malicious hardware trojan triggers or payloads.
RTL001817,fa5d50834c0a6b4b62d5c48656d90b2d7f06ef638dbe7b2efbac2b5916bf6dc5,Clean,1.0,"The provided Verilog code does not contain any malicious hardware trojan triggers or payloads. It is a standard implementation of the Device Address Table (HCI 8.1) and Device Characteristics Table (HCI 8.2) for an I3C device, with proper access control and error handling mechanisms."
RTL001818,42c4e269156f8d176baf167b65e92809efe78f12a37b3c4a61e7054f3f562480,Clean,1.0,The provided Verilog code does not contain any malicious hardware trojan triggers or payloads.
RTL001819,96734da55c7befedfaf2f7af02722be026e237cb898cd8f9b0527e452a7a5171,Clean,1.0,The Verilog code does not contain any malicious hardware trojan triggers or payloads.
RTL001820,813b59a7f652faf8e7c4106a4460cd65fcd1e07ce39deea6b34a712c552c6769,Clean,1.0,"The provided Verilog code does not contain any malicious hardware trojan triggers or payloads. It is a simple module that binds the functional coverage interface to the top level keymgr module, which is a common practice in hardware verification and testing."
RTL001821,b0a8ade3eb4246255862c26ac9d1baa194a43ab615cf41c13cd9990bc3080b9c,Clean,1.0,"The provided Verilog code does not contain any malicious hardware trojan triggers or payloads. It is a simple module that binds the `keymgr` module to the `tlul_assert_device` and `keymgr_csr_assert_fpv` modules, which are part of an OpenTitan project for secure key management."
RTL001822,2785b0b76c7066d6168728ce99afdc56255a233de389128699738cc917f7fecd,Clean,1.0,The provided Verilog code does not contain any malicious hardware trojan triggers or payloads.
RTL001823,505e11ac19a150966bb151cccf266b23d8d2d776759add9dc189653ebcdb7bd4,Clean,1.0,The provided Verilog code does not contain any malicious hardware trojan triggers or payloads.
RTL001824,898f4bdecfd8233b65c5e05ea5653ae860e5a7a5889fe774beacef81acf9c1ef,Clean,1.0,The Verilog code does not contain any malicious hardware trojan triggers or payloads.
RTL001825,f8258d1373887055e2b9ed25037f3061cb551a84dd0bbe6868e8ab99f4969a2f,Clean,1.0,The Verilog code does not contain any malicious hardware trojan triggers or payloads.
RTL001826,7c9cd7e15de0448b6bc1ebc6145f31d5ad8caa2026c876d4d3c03021908b66e4,Clean,1.0,The Verilog code provided does not contain any malicious hardware trojan triggers or payloads.
RTL001827,ff10ff54b2130b6fa577d8e9b6a23505e86ac68df3af4477947eaf1b838011a2,Clean,0.95,"The Verilog code does not contain any malicious hardware trojan triggers or payloads. It is a simple state machine that controls the data enable outputs based on various conditions, including advanced operations and specific hardware selections."
RTL001828,493f91774a0a11b3d6235fd754b9a71136651cf9477f2bb9ca8cd0b0821e4f94,Clean,1.0,"The Verilog code provided does not contain any malicious hardware trojan triggers or payloads. It is a simple error and fault collection module for the Key Manager in an OpenTitan project, designed to handle various errors and faults that may occur during key management operations."
RTL001829,5b2caab2c81ec1a68cefeb168d8c5f1b9e42f692bc9c0b95a706ad738ffbb46c,Clean,1.0,"The provided Verilog code does not contain any malicious hardware trojan triggers or payloads. It includes basic input validation checks for various parameters such as key version, creator seed, owner seed, device ID, and health state. The code uses the `prim_msb_extend` module to pad the input data to a maximum width, which is then used in the `valid_chk` function to ensure all bits are either 0 or 1. The code also includes basic checks for the validity of the key and ROM digest inputs."
RTL001830,7091533496980f84e32b3dd7c3c5aa34e13d8e159998e9f6ab8e9e533cff2ee5,Clean,1.0,The Verilog code does not contain any malicious hardware trojan triggers or payloads.
RTL001831,5de419a6551d93b741f03ba507def39621127de1207dd57e22eef09a7e6c3338,Clean,0.95,The Verilog code does not contain any malicious hardware trojan triggers or payloads. It is a simple state machine that controls the operation of a key manager and handles various requests from different sources. The state transitions are well-defined and do not involve any timing hazards or sensitive operations that could be exploited for a hardware trojan.
RTL001832,22f9c5c160b7e844fc56e60caf28859a2e8010632c57819a825744fa5c8aca09,Clean,1.0,The Verilog code does not contain any malicious hardware trojan triggers or payloads.
RTL001833,2bbe2ef5aa9ebc94b96cd1e41c298828027c70b96e5a68b2cb2936d84895f5f5,Clean,1.0,The Verilog code does not contain any malicious hardware trojan triggers or payloads.
RTL001834,2c83053195865ca2d9ee591060eae9fbe2a4ddf0cc0296bc30c8ce65012dae43,Clean,1.0,The Verilog code does not contain any malicious hardware trojan triggers or payloads.
RTL001835,69c422d550494086a289ebf826e2f8b51805be37b06bed082045009451c5b578,Clean,1.0,The Verilog code does not contain any malicious hardware trojan triggers or payloads.
RTL001836,fbc6243e2fa1d9ffbf996a53dbe694b4bfd872da81df0512442fd80e91f7421d,Clean,1.0,The provided Verilog code does not contain any malicious hardware trojan triggers or payloads. It is a simple key management module that sets the `valid_o` and `key_o` signals based on the input parameters.
RTL001837,c4294fb58d6d1cff30b083eb82642d0763805e91c87b5709ed2a1844ba3b7518,Clean,1.0,The Verilog code does not contain any malicious hardware trojan triggers or payloads.
RTL001838,a734beeff24d99fcc38daea90f7d882d8eddd1f8113b1f1a03b184c5cd489859,Clean,1.0,The provided Verilog code does not contain any malicious hardware trojan triggers or payloads.
RTL001839,c6a41ecdc2638576c5729e6ff16cd8cd87a2fdfa2a1ccb9ca4c6cf0e61da4853,Clean,1.0,The provided Verilog code does not contain any malicious hardware trojan triggers or payloads.
RTL001840,a88bda96817a441891a112e53b0b2d75a7497690789bb7661a7f2969019fd9f6,Clean,1.0,The provided Verilog code does not contain any malicious hardware trojan triggers or payloads.
RTL001841,5c383ac71b0e64af323a98403447874b62977dfece47d0401f04c893552d8b56,Clean,1.0,The provided Verilog code does not contain any malicious hardware trojan triggers or payloads.
RTL001842,01af4112a886ce422cc14d8c767d80f7dd9d426f421c46f71837bec8b9b6d846,Clean,1.0,The Verilog code does not contain any malicious hardware trojan triggers or payloads.
RTL001843,54598f60a24f1752971f5f1fa093dfafae9e6b3ab555d94cc811659d931e39b6,Clean,1.0,The Verilog code does not contain any malicious hardware trojan triggers or payloads.
RTL001844,cb89d076a4d67a8fd7abb4da1190146359551f5d410802fcc66c1d248707a1e3,Clean,0.95,"The Verilog code does not contain any malicious hardware trojan triggers or payloads. It is a simple state machine that controls the operation of the key manager and handles different states such as idle, advanced, wait, and single cycle. The code uses basic logic gates and conditional statements to determine the next state based on the input signals. There are no loops, recursive calls, or other constructs that could be used for malicious purposes."
RTL001845,5ff91e21da723baea4935a3beed46a17c4437bf4f5ee29eb4f2da6acb286153f,Clean,1.0,The provided Verilog code does not contain any malicious hardware trojan triggers or payloads.
RTL001846,a1dee44fc37790b0f918a623699479663c0b0c206fde70019ea00cff0ab7a169,Clean,1.0,The Verilog code does not contain any malicious hardware trojan triggers or payloads.
RTL001847,dc22a948f8378d5d2b62d3f7f99eb096ad17246524905cdfb6e962f68e9de3cb,Clean,1.0,The Verilog code does not contain any malicious hardware trojan triggers or payloads.
RTL001848,1c0db2b2b1bb1cd106004ab925e9504366572d35683245127ce5f1fce8212585,Clean,1.0,The Verilog code provided does not contain any malicious hardware trojan triggers or payloads.
RTL001849,ddcb823207642db7103cd43c4983b0597bc5e45c38d337a8d1c7a8fca98463b8,Clean,1.0,The provided Verilog code does not contain any malicious hardware trojan triggers or payloads.
RTL001850,e00d76c530b79ad38b1b6ace3782555c4eb808945c8e00d1ff661a30216a36aa,Clean,1.0,"The Verilog code provided does not contain any malicious hardware trojan triggers or payloads. It is a simple assertion interface for the sha3pad module, ensuring that the `keccak_run_o` signal eventually leads to the `keccak_complete_i` signal being asserted."
RTL001851,65eb300607f6e6d3c681418b70431a79317aac1689857137f4c01d77084affcf,Clean,1.0,The provided Verilog code does not contain any malicious hardware trojan triggers or payloads.
RTL001852,6d3dc1c38206830e1e955f19a1509df369ee9d6077c8391bcd22dc1d298c1776,Clean,1.0,The provided Verilog code does not contain any malicious hardware trojan triggers or payloads. It is a simple module that binds the KMAC device and CSR assertions to the TLUL (Translation Lookahead Unit) interface.
RTL001853,e68c91518a3e74ee8013b13574c4156a319f1c00add561faa428f607f81ccb78,Clean,1.0,The provided Verilog code does not contain any malicious hardware trojan triggers or payloads.
RTL001854,b3c379908d367f5336ba1a1cf01204cdb2ee66491db9c808489b4639ca675c7d,Clean,1.0,The provided Verilog code does not contain any malicious hardware trojan triggers or payloads.
RTL001855,181c98491504f3c28ee2b3bac4e5cbac3e820e20ae6346ae9808493c1d201a50,Clean,1.0,"The Verilog code does not contain any malicious hardware trojan triggers or payloads. It is a functional testbench for the Keccak-2share module, intended to be used with a formal tool."
RTL001856,aefdd9a0d71c60a517f3ed1fafa270dbe4d156d683a312da016413fb5fdcaafd,Clean,1.0,The Verilog code does not contain any malicious hardware trojan triggers or payloads. It is a clean and functional testbench for the Keccak-f round function.
RTL001857,46cdc0f796fd3cd06d20fd4a1d5a78e383a7f7c5550c27f8c1c5839e86029025,Clean,1.0,The provided Verilog code does not contain any malicious hardware trojan triggers or payloads. It is a standard implementation of the SHA-3 algorithm with no known vulnerabilities.
RTL001858,8926eac3053e740e09bfc351369e47655e769314af835e8632fdd09753fea893,Clean,1.0,The Verilog code does not contain any malicious hardware trojan triggers or payloads.
RTL001859,3d9888b2824fc009415c1f2e3de53bd2c1dfd9cee5a1b7a7944174916aaab40e,Clean,1.0,The Verilog code does not contain any malicious hardware trojan triggers or payloads.
RTL001860,a01f377f220631f5e96e8217ef9064dc0769d610f307bd6e2ea901a0e6c0e6ee,Clean,0.95,"The Verilog code does not contain any malicious hardware trojan triggers or payloads. It is a standard implementation of the Keccak hash function, which is widely used for cryptographic purposes and has been extensively tested and verified."
RTL001861,c159b04f6e2c6e406c78b6d01025cd0baf461411b327da0e33c75e1778fb6712,Clean,1.0,The Verilog code does not contain any malicious hardware trojan triggers or payloads.
RTL001862,9abef8d5adfa6ae2fb084f93c891166a6058f54d9098f63163dbfe6f67a45e23,Clean,1.0,The Verilog code does not contain any malicious hardware trojan triggers or payloads.
RTL001863,cef3ab4a587951c935eb2d9a6fa18293c2d3c61244460655b6611a7aa2b6de5e,Clean,1.0,The Verilog code does not contain any malicious hardware trojan triggers or payloads.
RTL001864,1ef8ab51e37585860534e3d9ea5f7ce3a9193c8a001d46744c97498f8dbb0c16,Clean,1.0,The Verilog code does not contain any malicious hardware trojan triggers or payloads.
RTL001865,c91c23e8a86b8cb6a739a89f051c17b5d45d4dd65081aab9acb3ffe2576066fc,Clean,1.0,The Verilog code does not contain any malicious hardware trojan triggers or payloads.
RTL001866,c231c5e46fad68a506e99449cd788dc33862e2e74cdc19a65edf05e32a2a4e2d,Clean,1.0,The Verilog code does not contain any malicious hardware trojan triggers or payloads.
RTL001867,06898cec656b421cafb17ecb3a784fb49134d2e8516feea3fac74eb1e75457c2,Clean,1.0,The Verilog code does not contain any malicious hardware trojan triggers or payloads.
RTL001868,ef6d3989309029cdc881a9c5444ad3f2ce10181322370f1b928d3b15801c9cd3,Clean,1.0,The Verilog code does not contain any malicious hardware trojan triggers or payloads.
RTL001869,2573300fe7e7f5effbb954ee4dda6a3c056979e2d2681feefc436ad9bdac549e,Clean,1.0,The Verilog code does not contain any malicious hardware trojan triggers or payloads.
RTL001870,3338da61e80b8628a5ea2fd0d1c6e9fa3a32cdc94e983fadcfb1add41f9c100d,Clean,1.0,The Verilog code does not contain any malicious hardware trojan triggers or payloads.
RTL001871,54fd6787aba2ce96529050b73b68cd8891b07b80d4427561b7f90d6bbb442d92,Clean,1.0,"The provided Verilog code does not contain any malicious hardware trojan triggers or payloads. It is a simple module for reading the state of a Keccak hash function in a TL-UL environment, with basic error handling and masking security hardening."
RTL001872,f193d67a938303101c60d3b093cc8ba891b7756d94de1d402e5c53404c37ea33,Clean,1.0,The Verilog code does not contain any malicious hardware trojan triggers or payloads.
RTL001873,232818f87f1d4d8814d516e23d897d39ff21279c1bc2a3f8188afcc444713480,Clean,1.0,The Verilog code does not contain any malicious hardware trojan triggers or payloads.
RTL001874,fff285e83b1666ed2fe25f06d59c4519023263943b869b74fe26dcccd85873b8,Clean,1.0,The Verilog code does not contain any malicious hardware trojan triggers or payloads.
RTL001875,975c1eeb108590085510b4027baa7ac60ff777fefa403ef9318aba3e2377841f,Clean,1.0,The provided Verilog code does not contain any malicious hardware trojan triggers or payloads.
RTL001876,03241823b3e5924e7e2f08960061a9dac41f71d7a01c6830666383230acfc185,Clean,1.0,"The provided Verilog code does not contain any malicious hardware trojan triggers or payloads. It is a functional coverage module for the LC_CTRL FSM, which includes coverpoints and event-driven assertions to monitor the state transitions and detect anomalies."
RTL001877,81be3f401369a0a8848021ab441b0ba3c7c68c7c71b54b8cc5fbba238b1cb05d,Clean,1.0,The provided Verilog code does not contain any malicious hardware trojan triggers or payloads.
RTL001878,5231e2e4e0bf1fa44712826f2c1c28d9e44ff0e34121a0aadf6466d8fb9579de,Clean,1.0,The provided Verilog code does not contain any malicious hardware trojan triggers or payloads. It is a clean design that follows best practices for hardware security and does not include any known vulnerabilities.
RTL001879,8bcbfa1567b84e403c8ec673ae672956ec28d68bb583327bb922d3c0f09fbd5d,Clean,1.0,The Verilog code provided does not contain any malicious hardware trojan triggers or payloads.
RTL001880,02bd1e0b3dbd0f05943c57abc960493e8db86bb2ed74c90f156b153c6a7ff6a4,Clean,1.0,The provided Verilog code does not contain any malicious hardware trojan triggers or payloads.
RTL001881,b4bda1accbe044d330b22ea689f5ee32c2a97eee85d8c2adf7fed0a24b3764df,Clean,1.0,The Verilog code does not contain any malicious hardware trojan triggers or payloads.
RTL001882,e01d80446d09d92f51d295fe602db4917dd7e892f8d13ec89764b3994de6ee09,Clean,1.0,The Verilog code provided does not contain any malicious hardware trojan triggers or payloads. It is a clean and functional module for the LC_CTRL_DMI_REG_TOP.
RTL001883,65535067c089f2ccf59a268d2c79a3b8a813ea04dcd3c5ba9e9916760fc47bea,Clean,1.0,The Verilog code does not contain any malicious hardware trojan triggers or payloads.
RTL001884,94398758b054d150404c936b1f71da0b5301346efe2e7c9b9803187d34356a30,Clean,1.0,The Verilog code does not contain any malicious hardware trojan triggers or payloads.
RTL001885,cbdda084540494afd5bf53ba4680bf95c96990bdd838e46615741d25313167bb,Clean,1.0,The Verilog code does not contain any malicious hardware trojan triggers or payloads.
RTL001886,8c75abe278ce31824c5bb659454f229065f3817550be2b8f9afb968399eee610,Clean,1.0,The Verilog code does not contain any malicious hardware trojan triggers or payloads.
RTL001887,d57ce3edaaa699901dbe4a5ce533067d8f7b4491a4618d3bb6c6eb30c8fc6abe,Clean,1.0,The Verilog code does not contain any malicious hardware trojan triggers or payloads.
RTL001888,890862c2fddd064e88e1184c5e8d112076687586d54faea870d97df6f9f83852,Clean,1.0,The Verilog code does not contain any malicious hardware trojan triggers or payloads.
RTL001889,a88c2aeb5a1b65e82329f680240a63e0345d724eeefdbd7d412041788a25b474,Clean,1.0,The Verilog code does not contain any malicious hardware trojan triggers or payloads.
RTL001890,3e37b06f7d55df80e7b29bc6c5384dd4bc50f4559953d257723b18ba8d15e157,Clean,1.0,The Verilog code does not contain any malicious hardware trojan triggers or payloads.
RTL001891,08cc05390e33f5eb898f770cc040d92276af1b9772916f1075bfe95a6ac897b3,Clean,0.95,"The Verilog code does not contain any malicious hardware trojan triggers or payloads. It is a purely combinational module that checks and transitions between different life cycle states based on the decoded transition input, ensuring that only valid transitions are allowed."
RTL001892,1130c61e796b3a04a0a3b9abd77ae81ffd9f36d7445fc1ac504818a20e6a4460,Clean,1.0,"The provided Verilog code does not contain any malicious hardware trojan triggers or payloads. It is a clean design that only contains assertions for the RoT-side SRAM and config interfaces, as well as assertions for the FPV CSR read and write operations on both the Rot-side and SoC-side config interfaces."
RTL001893,ba43b7b4aa181752019c3313eb2f053f89c2db10215f7c25c034ead7df67627f,Clean,1.0,The provided Verilog code does not contain any malicious hardware trojan triggers or payloads.
RTL001894,49a49fd1b70b6e0005086bb332c73d01edc94feb77127e5c186e4ec2e5661434,Clean,1.0,The provided Verilog code does not contain any malicious hardware trojan triggers or payloads.
RTL001895,14d2f2d6d32afb2a8739436c10b9976a70a3479106b7f38d5657b5a73188fe78,Clean,1.0,The Verilog code does not contain any malicious hardware trojan triggers or payloads.
RTL001896,706efb10e7b5d118da4ea2916ddea50b1525e0db6d4057875b6b06a4ec142f72,Clean,1.0,The Verilog code does not contain any malicious hardware trojan triggers or payloads.
RTL001897,abe087e11af18ce430c781ae606cad21e0ceaa578e79b44ebc8d95ab1ec6596b,Clean,1.0,The Verilog code does not contain any malicious hardware trojan triggers or payloads.
RTL001898,b2f0fcf517a5a7c7db2085f7b73397d0eb71eb07d58c51d02078ed4a5e61bd03,Clean,1.0,The Verilog code does not contain any malicious hardware trojan triggers or payloads.
RTL001899,75540814b08a6157a940ec634d51dd59073f62e1bed06ee1dd9aae541efb82f4,Clean,1.0,The Verilog code does not contain any malicious hardware trojan triggers or payloads.
RTL001900,7a133cf1bf943ee2ec2b7db9a5a072d3a396701f86f45768443e5998948a46af,Clean,1.0,The Verilog code does not contain any malicious hardware trojan triggers or payloads.
RTL001901,bfcd3bdd98741c073c5af296156b652104c21198b2c574795927ca6024f9c97f,Clean,1.0,The Verilog code does not contain any malicious hardware trojan triggers or payloads.
RTL001902,959a40d70a210d95cc762f7a525e94ab00719e974d976e12e92230bcae4aadf8,Trojan,0.9,"The Verilog code contains a timebomb-like condition that triggers when the register address hits a specific value (16, 20, or 23). This is a common technique used in hardware trojans to cause a denial of service attack by preventing access to critical registers. The code also includes an assertion that checks if the request parity is enabled, which is not typically done in legitimate systems and could be exploited for timing attacks."
RTL001903,ba6a67f5c65ace4310e9ffb40e86017c617fbee89087896a7babe4f289481fde,Clean,1.0,The Verilog code does not contain any malicious hardware trojan triggers or payloads.
RTL001904,75968d9dce131c36278855a66278bf798ac1a263b80fa9d4448165863ac4e717,Clean,1.0,The Verilog code does not contain any malicious hardware trojan triggers or payloads.
RTL001905,67e7220c5f9fbf0ae1d9619fd5164fcd0f0227599945d590d4776f71a01e9c44,Clean,1.0,The provided Verilog code does not contain any malicious hardware trojan triggers or payloads. It is a simple single-port RAM module with basic functionality for read and write operations.
RTL001906,350f7cd8ee3ec906b15e90643e08e5f4dadd637d1150a0cd2b3df7f058f74e9e,Clean,1.0,"The provided Verilog code does not contain any malicious hardware trojan triggers or payloads. It is a simple wrapper around the HPC2 AND gadget for side-channel analysis, exposing a 2-bit combined input interface and aligning x and en with HPC2's 2-cycle pipeline."
RTL001907,5a3d6b55854eafac3e1de13eb607406a774d326dca1c130f7df7e513e7e7e467,Clean,1.0,"The provided Verilog code does not contain any malicious hardware trojan triggers or payloads. It is a simple wrapper around the HPC2o gadget for side-channel analysis, exposing a 3-bit combined input interface and aligning x and en with the HPC2's 2-cycle pipeline."
RTL001908,d1637c6e13cf8eaf74d47d409fbc1612e61e6d0833e0161cd0223df9c19a0df8,Clean,1.0,"The provided Verilog code does not contain any malicious hardware trojan triggers or payloads. It is a simple wrapper around the HPC3 AND gadget for side-channel analysis, exposing a 2-bit combined input interface and using randomness to enhance the security of the system."
RTL001909,caf38b055705f736b8b67cf2f108b4e7c134d6fcb5ec85102b25df145b76437d,Clean,1.0,"The provided Verilog code does not contain any malicious hardware trojan triggers or payloads. It is a simple wrapper around the HPC3 gadget for side-channel analysis, exposing a 3-bit combined input interface and using 2-bit randomness to generate shares for A, B, and W. The module is designed to be used in verification flows for CocoAlma and PROLEAD leakage verification."
RTL001910,27c3c39613d909e4885bfe20c88f3cca926f561f28265501c647b047ce78d6f8,Clean,1.0,The Verilog code does not contain any malicious hardware trojan triggers or payloads.
RTL001911,d6c1bc3dbb6c60fa38c5428bbdfcc8326b4f15f5864698b6840d45664e094c24,Clean,1.0,The Verilog code does not contain any malicious hardware trojan triggers or payloads.
RTL001912,a4e2f8cc4e5d7f5fea18b599afe2f3cc1653bc517fa48b0106613446eeee5bd4,Clean,1.0,The provided Verilog code does not contain any malicious hardware trojan triggers or payloads. It is a clean and functional design for an OTP macro package.
RTL001913,307e5fd07fc6cce66d1e6572b680e87b51b4c548fc4016a36ec9405cb3a23a15,Clean,1.0,The Verilog code does not contain any malicious hardware trojan triggers or payloads.
RTL001914,b3be8ce55d9a601717286167547450242fb53eb15e148ab85302b9ae2b87026c,Clean,1.0,The provided Verilog code does not contain any malicious hardware trojan triggers or payloads.
RTL001915,9b76e91cd0214600211fba07ab09a981d574379a4c5c1e82dfb822ec9f520353,Clean,1.0,The provided Verilog code does not contain any malicious hardware trojan triggers or payloads.
RTL001916,ce9d12660bf7d64bde0879bbaba6bb6139e3ae5e1e6622f408ffa2f61a29a5b2,Clean,1.0,The provided Verilog code does not contain any malicious hardware trojan triggers or payloads.
RTL001917,ab448c2446155a223bbdfa8fad34db2bb9522ea88864ab9cdf33c2faf6f098f0,Clean,1.0,"The provided Verilog code does not contain any malicious hardware trojan triggers or payloads. It is a simple module that binds two components, `pattgen` and `pattgen_csr_assert_fpv`, to the TLUL (Transport Layer Unit for Low-RISC) interface."
RTL001918,0bc190bf1be35e0253ac263f9014ee6f508111cb5bf425faf45341ed4f8613e1,Clean,1.0,The provided Verilog code does not contain any malicious hardware trojan triggers or payloads.
RTL001919,d13b02409e44b43190f35a0980ec823b7e2b66fc8f9712d9af4c9300b6fdf7ca,Clean,1.0,The provided Verilog code does not contain any malicious hardware trojan triggers or payloads.
RTL001920,0a9fa0acff7851cb7f7cab6f288d15065e02ac37755ba69f0c64c5044914a44d,Clean,1.0,The Verilog code does not contain any malicious hardware trojan triggers or payloads.
RTL001921,64d6e7efc4650945da4086ba32068d136175f3ee46efd640ef8c5b753c394a2b,Clean,1.0,The Verilog code does not contain any malicious hardware trojan triggers or payloads.
RTL001922,634f33f033934f13842fc4e5bcb204f6209987d4c0a4cfe8e51e9c885bbed058,Clean,1.0,The Verilog code does not contain any malicious hardware trojan triggers or payloads.
RTL001923,c1e0667f19b27d3ee378b1e068a69a25f34d1c0f3447679fe353f634f2d2b90a,Clean,1.0,The provided Verilog code does not contain any malicious hardware trojan triggers or payloads.
RTL001924,c6469e6edf2d16b9e1cbe132106698c7ec1d8eaa11ba16610c8f53f6f56337ce,Clean,1.0,The provided Verilog code does not contain any malicious hardware trojan triggers or payloads.
RTL001925,e7a53aa144c0872e5c993e9389f1977ab80beddb0ae5596d08ee5ff7cde86ad4,Clean,1.0,The Verilog code does not contain any malicious hardware trojan triggers or payloads.
RTL001926,19e405153d76a77001c9424e4f5cfcd916e6cf6c2f3610e815dc3e2f9cc89129,Clean,1.0,The provided Verilog code does not contain any malicious hardware trojan triggers or payloads. It is a simple binding module that connects the `prim_diff_decode` module to an assertion module (`prim_diff_decode_assert_fpv`) with specific parameters.
RTL001927,eeadef65271cb3472a0014f4d54b64be306803ec3be27b2cabac9f4b75aff3a9,Clean,1.0,The Verilog code does not contain any malicious hardware trojan triggers or payloads.
RTL001928,a28138db78498b9e3cc5aa2f4288fbe55b2f4556e922ddbc201570fb01a5de53,Clean,1.0,The Verilog code does not contain any malicious hardware trojan triggers or payloads.
RTL001929,6e43e79ed6b15bc6b18f6eba8488a814286b86fcd6678d05fe61fd3b9e3b7f65,Clean,1.0,The provided Verilog code does not contain any malicious hardware trojan triggers or payloads.
RTL001930,470ad7af0da9a24016feb1353ce845c1500f1b7d12355b4fdc721c40f40ad197,Clean,1.0,The Verilog code does not contain any malicious hardware trojan triggers or payloads.
RTL001931,280c93da8af5c3756876cde15088530fc14688826903df9a4c9eec91b696abbe,Clean,1.0,The provided Verilog code does not contain any malicious hardware trojan triggers or payloads.
RTL001932,b60e16e16ad6addbafb1f950988f5fdb925f40065581893a33de9e2b69fa7397,Clean,1.0,The Verilog code does not contain any malicious hardware trojan triggers or payloads.
RTL001933,b46f92c3738c69035644f864123dcbed7d650a375c32289b550269a732672783,Clean,1.0,The provided Verilog code does not contain any malicious hardware trojan triggers or payloads.
RTL001934,9180c3e84fd85b5d83b368c6f4b67a5895978706836c52f2437d6256a20dcae8,Clean,1.0,"The provided Verilog code does not contain any malicious hardware trojan triggers or payloads. It is a simple parallel Mastrovito multiplier designed for the Galois/Counter Mode of Operation, which is a standard cryptographic operation used in various encryption algorithms."
RTL001935,727afd59764d0312b6673a0ac304aa44d27b59e5e0e4b9ceca284242c8d3d0b2,Clean,1.0,The Verilog code does not contain any malicious hardware trojan triggers or payloads.
RTL001936,91eb6fdc47f7b905370fda881ffb712f05a415961097bc817de125575bbff2be,Clean,1.0,The Verilog code does not contain any malicious hardware trojan triggers or payloads.
RTL001937,071630baf6b7004a02f711a93bf26fab93a5ea46bb44524e8f9ff77e89874f3d,Clean,1.0,The provided Verilog code does not contain any malicious hardware trojan triggers or payloads.
RTL001938,62b888fd7495cdae3bd79cc108f7da3224ebfde4766b3d228e338cb3bfafb875,Clean,1.0,The Verilog code does not contain any malicious hardware trojan triggers or payloads.
RTL001939,a0266dc03bab89b090a6b14720230179cc20c9ca5467d998124c6076a0e2d2dc,Clean,1.0,The Verilog code does not contain any malicious hardware trojan triggers or payloads.
RTL001940,f2256b398d413cf3b56003671e7570ed74ca525afba5c7a465f4d47e27e95983,Clean,1.0,The Verilog code provided does not contain any malicious hardware trojan triggers or payloads. It is a simple ROM wrapper module that initializes memory and provides read operations.
RTL001941,9aa4e23266cdf40f76b5029db63a9071dc7e9222c02b07d62a755fc56aa0eff7,Clean,1.0,The Verilog code does not contain any malicious hardware trojan triggers or payloads.
RTL001942,1ceaa2320de73f308ed2796478f6fba4b1f73501e2edeb1a6745363ef40385e5,Clean,1.0,"The provided Verilog code does not contain any malicious hardware trojan triggers or payloads. It is a simple module that defines a constant value using the `prim_const_sec` primitive, which is commonly used in secure designs to ensure that certain values are always available and consistent."
RTL001943,356dc839156896672c6d1047907e320098e6b6f28954d337db75897d813d24de,Clean,1.0,The Verilog code does not contain any malicious hardware trojan triggers or payloads.
RTL001944,c799d16533cbd4c7b86f77cb18f02fd63452eee2000a680e832dceb6434d2b98,Clean,1.0,The Verilog code does not contain any malicious hardware trojan triggers or payloads.
RTL001945,2e7bbf94ab08b8267a9212193808bfe025053db73c3adb88295328667ecb2a36,Clean,1.0,The provided Verilog code does not contain any malicious hardware trojan triggers or payloads. It is a simple AND gate module that performs bitwise AND operations on two input vectors and outputs the result.
RTL001946,05744a68dba035f52eb809562dccd164fc55bbc2674b76ae3b08630938527e0b,Clean,1.0,"The provided Verilog code does not contain any malicious hardware trojan triggers or payloads. It is a simple module that performs a basic bit-wise copy of the input to the output, which is a common and safe operation in digital design."
RTL001947,6ebf337e77ff8866e7f0193affb3979ec02f671825c5e780ab4f8ea9aeb9001a,Clean,1.0,"The provided Verilog code does not contain any malicious hardware trojan triggers or payloads. It is a simple module that provides a clock buffer using the BUFx2_ASAP7_75t_R IP from the hw/ip/prim_xilinx/rtl/ directory, which is used to ensure proper timing and synchronization of the clock signal."
RTL001948,3e9fc226e86921ddd4d2be9b0f90b0d6ee079585f7f0445e4cf421b8d277a210,Clean,1.0,"The provided Verilog code does not contain any malicious hardware trojan triggers or payloads. It is a simple clock gating module that synchronizes the `clk_i` with the `en_i` signal and outputs the gated clock to `clk_o`. There are no timebombs, specific sequence counters, cheat codes, or other malicious activities present in this code."
RTL001949,2954c034090307ad5953a10abac2dd6542e0a28112873c139d99e654d9eac0be,Clean,1.0,"The Verilog code provided does not contain any malicious hardware trojan triggers or payloads. It is a simple module that inverts the clock signal based on the value of the scanmode_i input, with an assertion to ensure that scanmode_i is known before the clock inversion occurs."
RTL001950,5213233c0543dc9277214e17616b085779e24298aa3bd80c0f1176d4c024b1c4,Clean,1.0,The Verilog code does not contain any malicious hardware trojan triggers or payloads.
RTL001951,b7ca8a4336a3873994b22592b86b758730fe40b6bba0ee370cc979f82c857027,Clean,1.0,"The Verilog code does not contain any malicious hardware trojan triggers or payloads. It is a simple module that utilizes TIE cells to define constant values, which are intended for non-critical, non-secure constants where hardware-level security hardening is not required."
RTL001952,9abde86decb9ead5fbd977e1d154130733a45fcc9ec0a8df4a4d0bd402bba289,Clean,1.0,"The provided Verilog code does not contain any malicious hardware trojan triggers or payloads. It is a simple module that utilizes TIE cells to define constant values, ensuring that the constants remain accessible for modification via metal-layer engineering change orders (ECOs). The ASAP7 implementation uses TIE cells."
RTL001953,a6495dee7deab0bc41876014cf4277e2909d1fdb73dc2a3524dccb8e937e23c3,Clean,1.0,The provided Verilog code does not contain any malicious hardware trojan triggers or payloads.
RTL001954,48528845d31856641780de6f0e195f0e95e06e1214ac6c4664f32160d4d30f8d,Clean,1.0,The Verilog code does not contain any malicious hardware trojan triggers or payloads.
RTL001955,25d1dae26135d3dfd03503b6e7ee44d6324dab417f377f68918fea2c0dc3ffd0,Clean,1.0,The provided Verilog code does not contain any malicious hardware trojan triggers or payloads. It is a simple flip-flop module that implements the functionality of a regular flip-flop without any additional security features.
RTL001956,3012dd2e01cd3256534c98e88fdfaf8789a7cab35ad4c44f18e1990cdf4effa6,Clean,1.0,The provided Verilog code does not contain any malicious hardware trojan triggers or payloads. It is a simple module that performs a bit-wise inversion on the input data and outputs it.
RTL001957,58b7fa86b74e241cce14751ba3d997d4e962f891b4e0f008228c27d16f369a17,Clean,1.0,The provided Verilog code does not contain any malicious hardware trojan triggers or payloads.
RTL001958,909e9e36df618c1895c5f28bcd9690d5946f4b315287c495425f791472d6ac22,Clean,1.0,The provided Verilog code does not contain any malicious hardware trojan triggers or payloads.
RTL001959,6697145d89d999933e1d98731009ea7fda10e561191eac90544df47e877efd86,Clean,1.0,The provided Verilog code does not contain any malicious hardware trojan triggers or payloads. It is a simple XOR operation that takes two input bits and produces an output bit.
RTL001960,8864e9b57d7dcc467120df4a9a6a66e7ee475381ad866f3ce29b4330a89df306,Clean,1.0,"The provided Verilog code does not contain any malicious hardware trojan triggers or payloads. It is a simple module that defines constant values using manual instantiation of standard cells, ensuring that constants remain accessible for modification via metal-layer engineering change orders (ECOs). The generic implementation is done with assign statements, which do not introduce any security vulnerabilities."
RTL001961,642b0d190e7c4201e1e7d2bd6b69b9e20d7c0e32ce8af54660674c945a941242,Clean,1.0,The provided Verilog code does not contain any malicious hardware trojan triggers or payloads. It is a simple module that defines constant values using dedicated TIE cells and disables tool-driven optimization to ensure constants remain accessible for modification via metal-layer engineering change orders (ECOs).
RTL001962,1a28b8e7905319ea834b4e7caa3b4280cb7f6d93d9df02de9a3ecb431e04fbda,Clean,1.0,The Verilog code does not contain any malicious hardware trojan triggers or payloads.
RTL001963,da4869520e31e7225d321502fd929ecb5546037e9d20286beb4730aa362e4ee0,Clean,1.0,The provided Verilog code does not contain any malicious hardware trojan triggers or payloads. It is a simple inverter module that performs the logical NOT operation on its input and outputs the result.
RTL001964,f96ae67bcce5aac607b3fb5189d3a8dcaea11776d67c91122d87b9602a5041f6,Clean,1.0,The Verilog code does not contain any malicious hardware trojan triggers or payloads.
RTL001965,b8f84c2d731bc9fab7bee5eb84e5acd429b842bab806a7b3b1c0323b7391c277,Clean,1.0,The Verilog code does not contain any malicious hardware trojan triggers or payloads.
RTL001966,9749bc002245e79a6b5fbcd345bba937759ed4659d8fb636ed699827113ab221,Clean,1.0,The provided Verilog code does not contain any malicious hardware trojan triggers or payloads. It is a simple configuration package for a RAM module with specific parameters and default values.
RTL001967,87ad2cc1b845a09c96c46a8623205ae56dcfceaddd88762d4692baf3c89b4725,Clean,1.0,The Verilog code does not contain any malicious hardware trojan triggers or payloads.
RTL001968,50842708117da6b355004f75c47bd76af2c262facbbed82549fb39b685e911e9,Clean,1.0,The provided Verilog code does not contain any malicious hardware trojan triggers or payloads.
RTL001969,e9ff1a785cad144bccfc75516fb96d14fa616b991a2cb2bf54cb5c762516718a,Clean,1.0,The provided Verilog code does not contain any malicious hardware trojan triggers or payloads.
RTL001970,6be1f1f241f482f5a62013acd2d3c8c2f8628c7b8b1a394b60e9052fb82f08f0,Clean,1.0,"The Verilog code provided does not contain any malicious hardware trojan triggers or payloads. It is a simple memory module that handles read requests and provides the requested data from the memory array. The control signals are asserted only when there is a valid request, ensuring that no unexpected behavior occurs."
RTL001971,76722a949d725da94a606453d1bda54b61cdbcaa9d7917d24fa6436c7b90c885,Clean,1.0,The provided Verilog code does not contain any malicious hardware trojan triggers or payloads. It is a simple package definition for a ROM configuration module with default values.
RTL001972,2d84f83762e2fab059f48b0e6207a64a8717b148c4fb73e895284a7b3c35b38f,Clean,1.0,The provided Verilog code does not contain any malicious hardware trojan triggers or payloads. It is a simple module that inverts the input logic signal and outputs it.
RTL001973,34a93fe0784fb3a29b57e4bf24f002bba7364f08506d04e46a2dd3af6c821929,Clean,1.0,The Verilog code does not contain any malicious hardware trojan triggers or payloads.
RTL001974,9758d3824e6722db38cccce4afdcfd5ecb6dd1583ba52a648469f7e72bb9c7ab,Trojan,0.9,The code contains a backdoor loading mechanism that allows for the modification of memory contents without the need for an external input. This is a clear indication of a malicious hardware trojan.
RTL001975,3c51c96806abb72c3319e0ddc2c80f3fa75a241a47eceb7b51e5d8ee56cf22b9,Clean,1.0,The Verilog code does not contain any malicious hardware trojan triggers or payloads.
RTL001976,516184c63b6600841d22604f4483451d7343ffae3e49ba3b17d7b009c801fcf8,Clean,1.0,The provided Verilog code does not contain any malicious hardware trojan triggers or payloads. It is a simple synchronous dual-port SRAM register model with basic assertions to ensure the integrity of the memory operations.
RTL001977,726f7094d7c734626054b0ace076baa7ff428bf0400aacb285d5aa03e447efec,Trojan,1.0,The Verilog code contains a backdoor loading mechanism that allows for the modification of memory contents without triggering any security checks or assertions. This is a clear indication of a malicious hardware trojan.
RTL001978,4f17dc56df2699709e996af7e8f1e798275c9c77f397737cd5c2e0f77c1c2135,Clean,1.0,The provided Verilog code does not contain any malicious hardware trojan triggers or payloads. It is a simple clock buffer module that simply passes the input clock to the output without any modifications.
RTL001979,b9411a9cbfa5e105b5268cdb800de5792bf8fbf15bdc7ef7fc6ebd09c200020f,Clean,1.0,The Verilog code does not contain any malicious hardware trojan triggers or payloads.
RTL001980,38568ebb5d760c2a21d6b4e3d312280c7d516516e512651d4772f2fd9a356f69,Clean,1.0,The provided Verilog code does not contain any malicious hardware trojan triggers or payloads. It is a simple clock gating module that ensures the clock signal is only enabled when the `en_i` and `test_en_i` signals are high.
RTL001981,f6e22bc84b880fee1eba1349f799bd8df6168485e73e2b9471bcee3436fdd030,Clean,1.0,The provided Verilog code does not contain any malicious hardware trojan triggers or payloads.
RTL001982,aaf8dc8e8e0afd070851152caa79fd59026e7dd89b61d31fd2321fcdbc037fbb,Clean,1.0,The provided Verilog code does not contain any malicious hardware trojan triggers or payloads.
RTL001983,620f5c870c33f309c7684495d180911bb0ebe94e7c47d71aca311d372d7f62af,Clean,1.0,The Verilog code does not contain any malicious hardware trojan triggers or payloads.
RTL001984,6b94a68d58231a8256d2e878f0557501b99e21c5be334a576f4f6e42fff8ec03,Clean,1.0,The provided Verilog code does not contain any malicious hardware trojan triggers or payloads.
RTL001985,e086c98e5c9e92a44285a13e3b3d006a92182ea6770932afb462fd1f5d1ee655,Clean,1.0,The Verilog code provided does not contain any malicious hardware trojan triggers or payloads.
RTL001986,d7da82d7e576d58ba0fe0788433bdf9bdf0f1b93445aefa3d2aa85d805ca495f,Clean,1.0,The provided Verilog code does not contain any malicious hardware trojan triggers or payloads.
RTL001987,a536532b1e4d91559e65ef2fe2cc805fa2d922f3984cc14c08c6ac89cb17989b,Clean,1.0,"The provided Verilog code does not contain any malicious hardware trojan triggers or payloads. It is a simple module that binds the functional coverage interface to the top level rom_ctrl module, which is a common practice in hardware verification and testing."
RTL001988,5c8790622042be72b45ab5c42cd9a8171fd07d76dc52cee52d1b8138fe121667,Clean,1.0,"The provided Verilog code does not contain any malicious hardware trojan triggers or payloads. It is a functional coverage implementation for the rom_ctrl module, focusing on KMAC and TLUL interface behaviors."
RTL001989,e7a2afb7c979d199ce41543d5105f09827cd1e8b103e1ca706ef4277a323f432,Clean,1.0,"The provided Verilog code does not contain any malicious hardware trojan triggers or payloads. It is a simple module that binds the ROM controller to the TLUL (Translation Lookahead Unit) and registers, ensuring proper communication between the device and the system."
RTL001990,53ac8161ac5eba1a00a6cb230969fcbfd67ac765b4940e9edbd625cd65370fd9,Clean,1.0,The provided Verilog code does not contain any malicious hardware trojan triggers or payloads.
RTL001991,0bf265a5fce0dcf5115e433397e5055c7d454ec1072414acff2cf61b07acc8fe,Clean,1.0,The provided Verilog code does not contain any malicious hardware trojan triggers or payloads.
RTL001992,fead5bd13396bf5c276d490ca9d826b18236bdfd0735a2c3e980b3284803caf6,Clean,1.0,The Verilog code does not contain any malicious hardware trojan triggers or payloads.
RTL001993,8fd94d1a87a9486451049fd6077a6a43e24273c45fc6580c2e7e673b5a33494a,Clean,1.0,The provided Verilog code does not contain any malicious hardware trojan triggers or payloads.
RTL001994,e247c3c2cc4ecdf8fd581fc6fe281811e5563bbef4052621cc8dc6cf1909d4bc,Clean,1.0,The Verilog code provided does not contain any malicious hardware trojan triggers or payloads.
RTL001995,c0c7a120443a52d357d714cabcbe2edecdeff5ea4fb03ec75c618efeef5afb79,Clean,1.0,The provided Verilog code does not contain any malicious hardware trojan triggers or payloads.
RTL001996,01a83083b4b0444bd89cc7daea6e150441ecade5206a1581e8c10295ce9bc966,Clean,1.0,The Verilog code does not contain any malicious hardware trojan triggers or payloads.
RTL001997,fc7323d691078c3033062968af3abd3b54eb4bec572022972f82d66f1e685e9c,Clean,1.0,The Verilog code does not contain any malicious hardware trojan triggers or payloads.
RTL001998,9bd78f4275dff31c77b3a6aba15fa19aafbefdd670b58adbb400f158a3ac78e1,Clean,1.0,The Verilog code does not contain any malicious hardware trojan triggers or payloads.
RTL001999,08e9382fa10cfcdcde7ae4833fe43dff7be65ed0c911dd7f924aadab37a788ff,Clean,1.0,The Verilog code does not contain any malicious hardware trojan triggers or payloads.
RTL002000,65096e084a6e5a63fa151672ed838370b4036a017320c7c92c712f2617160826,Clean,1.0,The Verilog code does not contain any malicious hardware trojan triggers or payloads.
RTL002001,68fc5234b14e56a04286663230ff8bcf50746f277fdcfe94ee911c0b637351b0,Clean,1.0,The Verilog code does not contain any malicious hardware trojan triggers or payloads.
RTL002002,c203e300d1dbcc848bb786d5aa56f2d16eed2e5148c5d5aae513a05fbd8304f7,Clean,1.0,The provided Verilog code does not contain any malicious hardware trojan triggers or payloads.
RTL002003,aea877af21f0780a64de7a5300874da6a61bb0e01ceaa6b9ff4f224739863d8d,Clean,1.0,The Verilog code does not contain any malicious hardware trojan triggers or payloads.
RTL002004,03cb19ffdae15a65843223e14b8e1567af5cb73e8a423d502dc4a50465b9845d,Clean,1.0,The Verilog code provided does not contain any malicious hardware trojan triggers or payloads. It is a simple register top module that routes commands through to windows for integrity checking and generates responses.
RTL002005,d60af26c54b371e87166934d5207c0f56f46e02bfb7b0275a4ac53e7b0ee213a,Clean,1.0,The Verilog code does not contain any malicious hardware trojan triggers or payloads.
RTL002006,22b4ef13339a6e163058f1a8ad00fd05e11fdaada0405a51fb53465ac8f79c31,Clean,1.0,The Verilog code provided does not contain any malicious hardware trojan triggers or payloads.
RTL002007,b1eff367808a9f69dddd48134c3ba4bef77557e6b019e000426eb552d40fa5b1,Clean,1.0,The provided Verilog code does not contain any malicious hardware trojan triggers or payloads.
RTL002008,98ba60b0d63d6ad7cabe7349901f0cf3ab5e3057d73dd96c2e1ad9ad4c0045b3,Clean,0.95,The Verilog code does not contain any malicious hardware trojan triggers or payloads.
RTL002009,d86228d7c7b672ddd5310eb883380fa487f792ae9683049ab70cd52706f81b20,Clean,1.0,The Verilog code does not contain any malicious hardware trojan triggers or payloads.
RTL002010,a33f9d18a7edb752b69e2bc5ad5b7dad1af229f42b6e5cfad94b4e612ff55091,Clean,1.0,The Verilog code does not contain any malicious hardware trojan triggers or payloads.
RTL002011,ff5b6532dd99bf31566fd0a6c91e1aa6dc1f8d3f9e3ab2e8a34b2ee92dcc081e,Clean,1.0,The Verilog code does not contain any malicious hardware trojan triggers or payloads.
RTL002012,40e02f05d2f17aaa823de027bcdad47e51b33eafa6ab4f7df90d6262dd816627,Clean,1.0,The Verilog code does not contain any malicious hardware trojan triggers or payloads.
RTL002013,be04ca90818b7edd8be0820411ad645493b1a769bcb558e07e1ea72957acd008,Clean,1.0,The Verilog code does not contain any malicious hardware trojan triggers or payloads.
RTL002014,209e31b3a3e9d3f74dba69941faba14bafdbc6efb7629b85dbcaa5f8136be697,Clean,1.0,The Verilog code does not contain any malicious hardware trojan triggers or payloads.
RTL002015,1cb899c9bd20a63e872f8eca4b2ed076520315f3009b3d77bf93a29ad2017424,Clean,1.0,The Verilog code does not contain any malicious hardware trojan triggers or payloads.
RTL002016,dac912447ad2a73def3d24a61ed507374f0f4cfebf1c0fe31604430a84ff9a97,Clean,0.95,The Verilog code does not contain any malicious hardware trojan triggers or payloads. It is a standard RRAM control read handler module that follows best practices for hardware design and security.
RTL002017,b04eac719b78568eae4373409f6102aa8eb4d17645b70fe3cf21e30e0b72b387,Clean,1.0,The Verilog code does not contain any malicious hardware trojan triggers or payloads.
RTL002018,760626969ac1f7f7f5aef9d7da5b8a24f2952090c91622d785ae02669dffcb06,Clean,1.0,The Verilog code does not contain any malicious hardware trojan triggers or payloads.
RTL002019,753248314a21a13aa2cd267480d2129d802a7c82253a0b9a098fa9bd92250aa7,Clean,1.0,The Verilog code does not contain any malicious hardware trojan triggers or payloads.
RTL002020,b8f45a39b4809e7d76fdb99015a0269cb94b321317302866ce97dd2ce84bf91b,Clean,1.0,The Verilog code does not contain any malicious hardware trojan triggers or payloads.
RTL002021,d4214284711e7886a8b2187d47a9a95c6419c74ada6e70820bf0b04a9b459d67,Clean,1.0,The Verilog code does not contain any malicious hardware trojan triggers or payloads.
RTL002022,478c89e9535543264346e9107a07fc46b232108f6a8d6895db7cf4bd29f50377,Clean,1.0,The Verilog code does not contain any malicious hardware trojan triggers or payloads.
RTL002023,4e11765d2f35eb3b2cb07cca38201c04e151dc0d58569b4ecf454af25ea3427f,Clean,1.0,The Verilog code does not contain any malicious hardware trojan triggers or payloads.
RTL002024,c9cad0f979fa3990743bcc050b3fc0c697c44f65dbad3eeef36d3bf153d20ebd,Clean,1.0,The Verilog code does not contain any malicious hardware trojan triggers or payloads.
RTL002025,51f430ae52dff879f62b55c448dafeb76b7bb09413a919a1e4dfbd8e84577162,Clean,1.0,The Verilog code does not contain any malicious hardware trojan triggers or payloads.
RTL002026,0da84f6d62fb5b83d5047c099897e88cbd4e089c28c9d8de6235e0d213c47bac,Clean,1.0,The Verilog code does not contain any malicious hardware trojan triggers or payloads.
RTL002027,3beabb21233b1aae655eddf096ef09c0bf71c268b4e8d501e269212e32103c7a,Clean,1.0,The Verilog code does not contain any malicious hardware trojan triggers or payloads.
RTL002028,e8d6e133e1dab00b3731125fc9a77a5bb6e22487140e89966b11d8cf8fd594dd,Clean,1.0,The provided Verilog code does not contain any malicious hardware trojan triggers or payloads.
RTL002029,2d61599eb90092cf5ce58c86ebeb92abc802044939e304c001bd1d5a56c0af24,Clean,1.0,"The provided Verilog code does not contain any malicious hardware trojan triggers or payloads. It is a standard package for the RV Core IBEX processor, which includes definitions for region configurations, CPU crash dumps, and processor-to-power manager mappings."
RTL002030,9ae7b6012e671f2b7a299acab11b8ae464232b86c868d1f742a7c53e05815b50,Clean,1.0,The provided Verilog code does not contain any malicious hardware trojan triggers or payloads.
RTL002031,cbfcfd09461ea1092f5273e951c2cbd5adc34e6114b404ea1926b1ae05ba8e33,Clean,1.0,The Verilog code does not contain any malicious hardware trojan triggers or payloads.
RTL002032,bfba3ebdcd3fb77f96906505bfcd35748390d60d3bec1f6ee84cc0704c0a6566,Clean,1.0,The provided Verilog code does not contain any malicious hardware trojan triggers or payloads.
RTL002033,fe37ae285a9985f9ff58f3088d806f9e6d02f643e5d8eb4a53a884a718509674,Clean,1.0,The provided Verilog code does not contain any malicious hardware trojan triggers or payloads.
RTL002034,f2efbb10bbab6cb185cbbad1def7de2145e4dbcf48894f4caf83054d7a5202f1,Clean,1.0,The provided Verilog code does not contain any malicious hardware trojan triggers or payloads.
RTL002035,905d3cda13b7961023a68547fdecbb0b2c8a9c55b1e1e9e2b03a5f769a0cc84f,Clean,1.0,The Verilog code does not contain any malicious hardware trojan triggers or payloads.
RTL002036,e1a7146d5bf039c9f0e113c02ac59f80bc46cd387710b64f0a33aa08406c3c89,Clean,1.0,"The Verilog code provided does not contain any malicious hardware trojan triggers or payloads. It is a clean, functional module for the RV DM Debug Register Top."
RTL002037,8876d81ecc2488bca9cdb239e69cc3b8c6d6ce67702e9c52fc9a978b81addbf4,Clean,1.0,The Verilog code does not contain any malicious hardware trojan triggers or payloads.
RTL002039,95df11bc6d1976280a99fb671a6286cd7d2f64236c7f52d97578767b10993812,Clean,1.0,The provided Verilog code does not contain any malicious hardware trojan triggers or payloads.
RTL002040,1ec695c6865f635b635605a8d76476f053ed2d62cdbf9d5b724a11f2d0e5b235,Clean,1.0,The Verilog code does not contain any malicious hardware trojan triggers or payloads.
RTL002041,3eaa7af58dcde0cdcfc45b0a3eefbde6d5d5970d0f947434c9ffad0fb4ba1f65,Clean,1.0,The Verilog code does not contain any malicious hardware trojan triggers or payloads.
RTL002042,6293574a39cc63b00a45a4b84e140864dc8cfe305fc77b1e7a69a8f9691b25f1,Clean,1.0,"The provided Verilog code does not contain any malicious hardware trojan triggers or payloads. It is a simple module that binds the `rv_timer` module to the `tlul_assert` and `rv_timer_csr_assert_fpv` modules, which are typically used in system-level design for asserting and validating transactions on a transport layer."
RTL002043,6db46f8c6d2575badcd9132d955b4e5ad4eea4209d5496ff4ac81a7f8aea3f88,Clean,1.0,The provided Verilog code does not contain any malicious hardware trojan triggers or payloads.
RTL002044,4bc1cc7d6ebcecb021936a46cde5520e16fd29bd1b38ad6c9a5bd342452a0b67,Clean,1.0,The provided Verilog code does not contain any malicious hardware trojan triggers or payloads.
RTL002045,ceb8bdb677dbc7258a1aa1d7de2ca8038d370945adc25ddaf6ed6de01f12be20,Clean,1.0,The provided Verilog code does not contain any malicious hardware trojan triggers or payloads. It is a simple module that binds the timer core and interrupt FPV properties for formal verification.
RTL002046,4b1878a489360ad5712e538596a23bb05d692934774386c2c672c903bc2a2777,Clean,1.0,"The provided Verilog code does not contain any malicious hardware trojan triggers or payloads. It is a simple assertion module for the rv_timer core, which is used in the OpenTitan project to test the timer functionality."
RTL002047,8262471f2acf4aac26ebca0228f3d71996d7cf4e139939fcc118cf57e21445f6,Clean,1.0,"The provided Verilog code does not contain any malicious hardware trojan triggers or payloads. It is a simple assertion module for the rv_timer TB, which checks the state of the interrupt register and outputs the interrupt signal based on the current state."
RTL002048,dd93a31c5c5e58c3056c6524b4d6821ebe84f1fdd48223ce8541796b70954ec9,Clean,1.0,The Verilog code does not contain any malicious hardware trojan triggers or payloads.
RTL002049,9b19503a578df9a5765c31548d552d05aba6721c4459f38d418ffda2a3834b9e,Clean,1.0,The provided Verilog code does not contain any malicious hardware trojan triggers or payloads.
RTL002050,a044b24076b7851c664476bba0c3a05babe238806c9183385eef19b29970853b,Clean,1.0,The Verilog code does not contain any malicious hardware trojan triggers or payloads.
RTL002051,0e0534c986f4ef48a68501dc4a05468d7533b032d35ccb5b81065f28b43f45d6,Clean,1.0,"The Verilog code provided does not contain any malicious hardware trojan triggers or payloads. It is a simple timer core module that generates ticks based on the prescaler and step values, and it does not have any logic to leak secrets, disable security, or deny of service."
RTL002052,77dc28144e162412bb2492428b3324bce56cac146d077d9d4f299cc834930dcc,Clean,1.0,The provided Verilog code does not contain any malicious hardware trojan triggers or payloads.
RTL002053,86d3db8bb7b0ec673e6124bc57763f89bdb4ac67c226607219c68846da07b419,Clean,1.0,The provided Verilog code does not contain any malicious hardware trojan triggers or payloads.
RTL002054,600f460b54d21a8bb6fd82882d1a0cc8e130892aaea7ecd191324be81ef9c233,Clean,1.0,The provided Verilog code does not contain any malicious hardware trojan triggers or payloads.
RTL002055,821e30d0d1ff903dd40f8f7e9292222d58a71c418951f5024c8ef888c65d8c96,Clean,1.0,The Verilog code does not contain any malicious hardware trojan triggers or payloads.
RTL002056,d1c74a59bb70d254702bffef6731804494d091ef297f3952feb9264d86848964,Clean,1.0,The Verilog code does not contain any malicious hardware trojan triggers or payloads.
RTL002057,aabedcbbcb8afa1572067b74f3c9b8f742c9be9394f3796c6f839ff43cd0a5bc,Clean,1.0,The Verilog code does not contain any malicious hardware trojan triggers or payloads.
RTL002058,e4af9f963a737cccb3395f99e707407b3b992e53d408d8fd092b2b3800110617,Clean,1.0,The Verilog code does not contain any malicious hardware trojan triggers or payloads.
RTL002059,b67612ba22957a43942b52d6bf74817ada3de79bac75a4e72891aded96a18e23,Clean,1.0,The Verilog code does not contain any malicious hardware trojan triggers or payloads.
RTL002060,0b950355e6dec7a2d2ba3265d0b156bb124aa8f3ddd8f2e2ac30c7aa26b432a9,Clean,1.0,The Verilog code does not contain any malicious hardware trojan triggers or payloads.
RTL002061,b08d8b65838fcafdceea22a4b00336c9d58baa36a3e29a4c5adb4b207185b50c,Clean,1.0,The provided Verilog code does not contain any malicious hardware trojan triggers or payloads.
RTL002062,997acba7f9ceed5c312a7eedfb4a4f4258945f6182d0218ca28b105d1bfd156b,Clean,1.0,The provided Verilog code does not contain any malicious hardware trojan triggers or payloads.
RTL002063,95ac167397d3d4b173226d4066c8f2474c3f692c3bc159b8a19e1c5c821e4386,Clean,1.0,The provided Verilog code does not contain any malicious hardware trojan triggers or payloads.
RTL002064,f1e7ad6a564c6464209a06bd4a7feccb5c560b6ecb4be06150efb32ce657a2d8,Clean,1.0,"The provided Verilog code does not contain any malicious hardware trojan triggers or payloads. It appears to be a basic passthrough test for the SPIFlash device, focusing on reading and writing data without any suspicious commands or timing attacks."
RTL002065,733516523fd79ef6e8c39dafc9d77377feafb8c5f5dc9aa43d9f5068c2cc42d9,Clean,1.0,The Verilog code does not contain any malicious hardware trojan triggers or payloads.
RTL002066,e4fe966a2511013e2073e0dc49e4876363dabdd0d240273c6cc26c27122b7d76,Clean,1.0,The Verilog code does not contain any malicious hardware trojan triggers or payloads.
RTL002067,3839a3956d0aac6e2f51aced88b43e0ef58b7af08877d5a208bd3b70346ab6cd,Clean,1.0,The provided Verilog code does not contain any malicious hardware trojan triggers or payloads.
RTL002068,7de1f693747afa8c6cf332d9cd93fd8005c5d1714fb8da5521b5823904828794,Clean,1.0,The Verilog code does not contain any malicious hardware trojan triggers or payloads.
RTL002069,a54568183da62705f311450f08255d8258712fc4061f84740a09d83364a1e9bd,Clean,1.0,The Verilog code does not contain any malicious hardware trojan triggers or payloads.
RTL002070,9e4dd07d605214dfee18873b7451f05e2776ca66bf328a61b87460c52f0dd568,Clean,1.0,The Verilog code does not contain any malicious hardware trojan triggers or payloads.
RTL002071,e1160183323b6de470da929818c07761eace21c3fe2eba8e59f6377ffe70d9c2,Clean,1.0,The Verilog code does not contain any malicious hardware trojan triggers or payloads.
RTL002072,fc0c6159203c32891d0c694818f39008a8c24aaad3ddbfd384dea77bf759d8bc,Clean,1.0,The Verilog code does not contain any malicious hardware trojan triggers or payloads.
RTL002073,e25b491d34e12388c3f6c0e40a5943735d32c9c8566a104d81971b5aab330f2e,Clean,1.0,The Verilog code does not contain any malicious hardware trojan triggers or payloads.
RTL002074,5a4d04a8470af53427ce2ea315cae60ae61ad00a3855b8432cac6f7c6daaa18b,Clean,1.0,The Verilog code does not contain any malicious hardware trojan triggers or payloads.
RTL002075,3efe4876125083d8bb2054346a66673ab1bf10f6a82b2cae1a76d18ff91c9325,Clean,1.0,The Verilog code does not contain any malicious hardware trojan triggers or payloads.
RTL002076,8bedc2d0d5a27ae195c7736d2ea44e0310781e956b19b34269de53e0502e5f5b,Clean,1.0,The Verilog code does not contain any malicious hardware trojan triggers or payloads.
RTL002077,fec1cc9ae43d7b26170dec748e6d16589862bf404b4ed7f3f633d61bf64f468f,Clean,1.0,The Verilog code does not contain any malicious hardware trojan triggers or payloads.
RTL002078,73088e3acbe9192cca8c9f328bf34c7ba80b06c166f451ffcb4051b60e865ec4,Clean,1.0,The Verilog code does not contain any malicious hardware trojan triggers or payloads.
RTL002079,1a43af4fcd05c6320ad5ca18ee5601dce5107a2a0d19a0d3fa72a0aa34686b2d,Clean,1.0,The Verilog code does not contain any malicious hardware trojan triggers or payloads.
RTL002080,4fb80b2a48492b153bc828f3c82bf73f66e8f095073c088c0d8c98a4986c068f,Clean,1.0,The Verilog code does not contain any malicious hardware trojan triggers or payloads.
RTL002081,dffe905fbae34b03aef9aa81ad82eb4b8cc1371c3f081c236bede5d8536966b0,Clean,1.0,The Verilog code does not contain any malicious hardware trojan triggers or payloads.
RTL002082,f85a1f18f28f17bc5d9eae71da26502c7f14037c4728ae38fe49fc784c1dc3fb,Clean,1.0,The Verilog code does not contain any malicious hardware trojan triggers or payloads.
RTL002083,e511648da501b0134197f8bf99eda0d8cda6a9f0302dbc295c82b599a25fa07f,Clean,1.0,The Verilog code does not contain any malicious hardware trojan triggers or payloads.
RTL002084,ac23a9c83360ef440cf9b56f84ffd6c93d912e10221bffb1295c2adecd471c75,Clean,1.0,The Verilog code does not contain any malicious hardware trojan triggers or payloads.
RTL002085,3d96a133e9c725e5e3182c638b3624ebf90751b252fbc33eee79625c05e4d88f,Trojan,0.9,"The Verilog code contains a timebomb-like trigger in the `sck_status_to_commit` logic, which sets the BUSY bit to 1 immediately after receiving an update from the cmdparse module. This can be exploited by an attacker to cause the SPI flash device to enter a state where it is unable to respond to commands until the BUSY bit is cleared."
RTL002086,367db01fb64b19dd1d939a70a788ff41c86be6bc4dcbe607627af5f0f764bd1d,Clean,1.0,The Verilog code provided does not contain any malicious hardware trojan triggers or payloads.
RTL002087,db077a1726e43663f35e4ed72cfbdb13654297c7b6b95f3c9515ab74c5add1c3,Clean,1.0,"The provided Verilog code does not contain any malicious hardware trojan triggers or payloads. It is a simple module that binds the UART functional coverage interface to the top level AES module, which is a common practice in hardware verification and testing."
RTL002088,a1484216f6485f3553dbbf06acc18dcbe0ae4931b71cd89ac07fc9e2b6a8b615,Clean,1.0,"The provided Verilog code does not contain any malicious hardware trojan triggers or payloads. It is a functional coverage implementation for the spi_host module, which is part of an OpenTitan project and licensed under the Apache License."
RTL002089,b93f6914894882720ab8f0ad3b1125b14f585712fd8e0f289c8b74baee516065,Trojan,0.9,"The code contains a malicious hardware trojan trigger that forces the SPI host FSM to decrement the counter by more than 1 unit when in fast mode, which can lead to simulations taking less time for longer tests."
RTL002090,5f3d8c39163e125a8b5a08edef4aa7136f8441813ae807b755293a8309281a52,Clean,1.0,The provided Verilog code does not contain any malicious hardware trojan triggers or payloads. It is a clean and functional module for SPI host binding.
RTL002091,3c654ee83eb69f6f4063d5f005e110e244d758ec88308fecd1af934cf1cab2e1,Clean,1.0,The Verilog code does not contain any malicious hardware trojan triggers or payloads.
RTL002092,f6d40b68f2367f06366b32a917d5332617e8e2ee48119e0f29366bf92a75d1fd,Clean,1.0,The provided Verilog code does not contain any malicious hardware trojan triggers or payloads.
RTL002093,64c35757fa9270d4766fd67cab99f8104753e775c24ae0aff51e4dee95d37c76,Clean,1.0,The provided Verilog code does not contain any malicious hardware trojan triggers or payloads.
RTL002094,e7d6b1474202761a56a0592c18e8811609baa6f5619630bb66d49844bb8d295a,Clean,1.0,The Verilog code does not contain any malicious hardware trojan triggers or payloads.
RTL002095,bab3755d6a4959a0263025d77200ec7e8daf22930da4699951dfcfe0a426afb2,Clean,1.0,The Verilog code does not contain any malicious hardware trojan triggers or payloads.
RTL002096,71e58ea5d02a87db488f89de12a9f2ff06e2a209733e06d68edc1724e749069a,Clean,1.0,The provided Verilog code does not contain any malicious hardware trojan triggers or payloads.
RTL002097,2a20cfd0eb1d1c5d8c191e24a0beb03fb3b89eb4f517f37c8b81ceddc9dd442e,Clean,1.0,The provided Verilog code does not contain any malicious hardware trojan triggers or payloads.
RTL002098,61036243f9c8a50a36718977454e17578a1987e8931b678ac5fc29230754e69e,Clean,1.0,The provided Verilog code does not contain any malicious hardware trojan triggers or payloads. It is a simple FIFO queue for SPI_HOST commands with basic error handling and synchronization mechanisms.
RTL002099,47d1dab26aa33c5f95b691dffac009dec6db7873809cb5a322d3d9c823f45d4c,Clean,1.0,The provided Verilog code does not contain any malicious hardware trojan triggers or payloads. It is a clean implementation of the SPI Host IP core module.
RTL002100,0344bbd847f9f212d3a4efe64ff205b365a3ff2a6055a1c1dfdc485f6cffe0fe,Clean,1.0,The provided Verilog code does not contain any malicious hardware trojan triggers or payloads. It is a standard implementation of SPI host data fifos with basic functionality for managing the FIFOs and their respective byte_select module.
RTL002101,d36ba70a6e8069532714e0203b9c176dadabda27f0798e91e78a6f7b2a4bc892,Clean,1.0,The Verilog code does not contain any malicious hardware trojan triggers or payloads.
RTL002102,8564bc35326c52937e51dbf8d74eac6f9ae8e26b4b15e823d5499dbe988f0eb9,Clean,1.0,The Verilog code does not contain any malicious hardware trojan triggers or payloads.
RTL002103,b819b5dd0933233d8f68ddc21167916d4e335c5745d5505afe025a07b3606b76,Clean,1.0,The Verilog code does not contain any malicious hardware trojan triggers or payloads.
RTL002104,c77ae0ebdcbdaa203c30e5e4a6ee5d054a086f0441ce29e81d881680ed478d10,Clean,1.0,The Verilog code does not contain any malicious hardware trojan triggers or payloads.
RTL002105,6d2acf6bdfabcf5d28f22f2d27601156a0681d6e7e56ae9f2bc12aaac1db25ef,Clean,1.0,"The provided Verilog code does not contain any malicious hardware trojan triggers or payloads. It is a clean implementation of the SPI host window module, adhering to best practices for hardware security and functionality."
RTL002106,893ae86db492e54f4508f39b49624534532133cdd5651dace7bb47b03ae73278,Clean,1.0,"The provided Verilog code does not contain any malicious hardware trojan triggers or payloads. It is a simple module that binds functional coverage interfaces to the top level sram_ctrl module, which is a common practice in hardware verification and testing."
RTL002107,50e0649cc07fc98a1b99d97a86c30b8dd5b7ab2bc8bf8f96a1bd1ebb42af3bb6,Clean,1.0,The provided Verilog code does not contain any malicious hardware trojan triggers or payloads.
RTL002108,85cf0a97996315ee526789d2b87fefa80d0bae6824f4f57d55aa9051c1ff0102,Clean,1.0,The provided Verilog code does not contain any malicious hardware trojan triggers or payloads.
RTL002109,471ae943c8bab25fc35d4489adc3cdbbda199b2cec7c48cc85ea0511c27375b8,Clean,1.0,The provided Verilog code does not contain any malicious hardware trojan triggers or payloads.
RTL002110,cdb3f59074a9aec753cea4d76d0795a5bbc12f3435a8564e87ecf7d94d59c2c0,Clean,1.0,The Verilog code does not contain any malicious hardware trojan triggers or payloads.
RTL002111,294858bb2861693342f99288274cdcb8a8d6f59545938e045f71ade7e726c906,Clean,1.0,The provided Verilog code does not contain any malicious hardware trojan triggers or payloads.
RTL002112,f337c99d6e7835e1ace4bbdca2af260b20cd4c463b770e62a7df0f8b9b03aa0a,Clean,1.0,The Verilog code provided does not contain any malicious hardware trojan triggers or payloads. It is a clean and functional register top module for the SRAM controller.
RTL002113,86ccf8e2f0c364247f173f566c34b7214169dde07a3ef38ae3bdde48c3d64cb4,Clean,1.0,The provided Verilog code does not contain any malicious hardware trojan triggers or payloads.
RTL002114,a3eb0e8a3861b17bcb0a89b551ea8bbdae3a1da2f0fbb728e898c1fbe65e630f,Clean,1.0,The Verilog code does not contain any malicious hardware trojan triggers or payloads.
RTL002115,c18988a1e565f082e06653b620b228aba5dbe0d844965537e7a44f9e1b41a386,Clean,1.0,"The provided Verilog code does not contain any malicious hardware trojan triggers or payloads. It is a simple module that binds the SYSRST_CTRL functional coverage interface to the top level SYSRST_CTRL module, which is a common practice in hardware verification and simulation."
RTL002116,9031d7239e514395663931105fac3eb90e1efbd3afd84192997b744edafc414c,Clean,1.0,The provided Verilog code does not contain any malicious hardware trojan triggers or payloads.
RTL002117,482a5372fec81cff8228005f20485d8d0050154bfad71de38f909a3064c56983,Clean,1.0,The provided Verilog code does not contain any malicious hardware trojan triggers or payloads.
RTL002118,228b58c54e5ac89507fd530ec6ab2e29a409b895b4a76bc29ab5aa36d937fa8d,Clean,1.0,The provided Verilog code does not contain any malicious hardware trojan triggers or payloads.
RTL002119,7ef04903d92b5ffc25d2a9becf61928094bb239ba2282470021b9ad962ed0abf,Clean,1.0,The provided Verilog code does not contain any malicious hardware trojan triggers or payloads.
RTL002120,a0fcc653beb546600a6ec92d0d0ed4328882a9fab15c865e9a5c3155c7b54e56,Clean,1.0,The Verilog code does not contain any malicious hardware trojan triggers or payloads.
RTL002121,1fe8de580bc494b783c60b4703cd00272c1730d92d323939e7256457ee1ed9a7,Clean,1.0,The Verilog code does not contain any malicious hardware trojan triggers or payloads.
RTL002122,5cf6d36b6b66eb4c871bb5807843ee36b5333180efe52d859879facfb50e2b37,Clean,1.0,The Verilog code does not contain any malicious hardware trojan triggers or payloads.
RTL002123,59edf934dfb52578f90bc1f117bef804bfdddd5d00f0cd79833d90f086fd6954,Clean,1.0,The Verilog code does not contain any malicious hardware trojan triggers or payloads.
RTL002124,c81677469821eacdfe7f8671f77f1c21a072229e01a97b2264b8448464f5752f,Clean,1.0,The Verilog code does not contain any malicious hardware trojan triggers or payloads.
RTL002125,1c1461bc648d38199c1466a48c456e3ed0028d210ff972e1cd8336b4a26cfbb2,Clean,1.0,The Verilog code does not contain any malicious hardware trojan triggers or payloads.
RTL002126,71e8c7887f3a493ac2eb713d822988659f9c6d23695bdbccf38224c8e680c52d,Clean,1.0,The Verilog code does not contain any malicious hardware trojan triggers or payloads.
RTL002127,104983dcb27b99e630ed030ac4bf1b6887e8cf1887c408ba5d7cfc9572ffb272,Clean,1.0,The Verilog code does not contain any malicious hardware trojan triggers or payloads.
RTL002128,39208007bc1a792a2022c8e6db6650d02d7547b390bc9857ea692267656fcad0,Clean,1.0,The provided Verilog code does not contain any malicious hardware trojan triggers or payloads.
RTL002129,494499542becbfa358dce656ab1b5372f3f3e4f98028f2f9fbf67c4deece0e84,Clean,1.0,The Verilog code does not contain any malicious hardware trojan triggers or payloads.
RTL002130,1236d1c0e4a5d49f3e04d417a616a06acaef549f7c6b35ccfb189dbf1d9edd31,Clean,1.0,The Verilog code does not contain any malicious hardware trojan triggers or payloads.
RTL002131,026b061092b8ded2ad7aa3683cda86dd7eec5691a0c465561f1cc770597d789e,Clean,1.0,The Verilog code does not contain any malicious hardware trojan triggers or payloads.
RTL002132,f6a85871531d62261792aefca70ca27d80b012207850c1967ff361f3f04c521c,Clean,1.0,The provided Verilog code does not contain any malicious hardware trojan triggers or payloads.
RTL002133,8a3bce91f766b9d5c08becadd62b6f27ab1db23a2cf65ea6c5baeae7482d2334,Clean,1.0,The provided Verilog code does not contain any malicious hardware trojan triggers or payloads. It is a simple test class that disables the TL protocol related constraint and assertions for error handling.
RTL002134,2dff75b02a5a3ca2d499c87b61a2219ce79a27a5522c02f8d0bb7c22075e52ab,Clean,1.0,The provided Verilog code does not contain any malicious hardware trojan triggers or payloads.
RTL002135,bfb5a950c1602215a00f47200f8287064aa3e7cf549005073070ef3f256c7568,Clean,1.0,The Verilog code does not contain any malicious hardware trojan triggers or payloads.
RTL002136,552d0a103942498afe1ab5393bfd0e2f61afb58e1dc72f76b8c708c0b6e6d768,Clean,1.0,The Verilog code does not contain any malicious hardware trojan triggers or payloads.
RTL002137,b1c98a3480ae115c21cfcc7856d3a95c9b42429da19e6cee6324d0cf496d256d,Clean,1.0,The Verilog code does not contain any malicious hardware trojan triggers or payloads.
RTL002138,567787a5e126c804587de2bdffa5450308fcd814977f7fd5bd13fc97f2f88dd1,Clean,1.0,The Verilog code does not contain any malicious hardware trojan triggers or payloads.
RTL002139,d21c20261c65578834251dce476670419206930490977f745c03c59d42926fd0,Clean,1.0,The Verilog code does not contain any malicious hardware trojan triggers or payloads.
RTL002140,3f412991449af9a0a3bab1cf060cfb882289e8990b77491fd9d79ab359cdbeb4,Clean,1.0,The Verilog code does not contain any malicious hardware trojan triggers or payloads.
RTL002141,c52cfe3b9ffe9be6f5d5891b8d576e3b5500e517db0186c4c7d2e338a0215ba6,Clean,1.0,The Verilog code does not contain any malicious hardware trojan triggers or payloads.
RTL002142,bbe83e9bac295141ee3dd324670b2329d0f1674708320b1daa1d93b793efe5d1,Clean,1.0,The Verilog code does not contain any malicious hardware trojan triggers or payloads.
RTL002143,a9be806392370ed8def85871e85049d72ca4ade096bf68a1d81d9f0fa8abc310,Clean,1.0,The Verilog code does not contain any malicious hardware trojan triggers or payloads.
RTL002144,419afd665ad25fb084ea0c79a914216c53687504e412786e2ef2dd2dfd201c3d,Clean,1.0,The Verilog code does not contain any malicious hardware trojan triggers or payloads.
RTL002145,e8e466b4ff663af73bcf3a93031f5ef02bc1668315daea92c39305e874775d6d,Clean,1.0,"The provided Verilog code does not contain any malicious hardware trojan triggers or payloads. It is a simple module that instantiates N `tlul_assert` modules, each configured with the same parameters and ports as the original `tlul_assert` module."
RTL002146,9ba27a9dc431b6b6af6008684686c033037011bfdefe381fbd6689d491e1743d,Clean,1.0,"The Verilog code provided does not contain any malicious hardware trojan triggers or payloads. It is a simple integrity check module for Tile-Link UL commands, which ensures that the command integrity is maintained."
RTL002147,bd9a6680c6edf3b368aeed63dbb17dc7aec8be8de660658463a8b05cb3490430,Clean,1.0,The Verilog code does not contain any malicious hardware trojan triggers or payloads.
RTL002148,59751b1d6bc75ff12a3935c34c6d295d0261afde4bcdd128cebf4679e8cd0f04,Clean,1.0,The provided Verilog code does not contain any malicious hardware trojan triggers or payloads.
RTL002149,cca7b503eb15958152833559d4ee1197827f72e5baae62b3610828e02cc53634,Clean,1.0,"The provided Verilog code does not contain any malicious hardware trojan triggers or payloads. It is a simple data integrity encoder module for the TL-UL bus integrity scheme, which is designed to ensure data integrity during communication."
RTL002150,3c2e6dd02f9404b4a0a1708a591b5593883e22ffb1ba0cc8d41e3754f13fa363,Clean,1.0,The Verilog code does not contain any malicious hardware trojan triggers or payloads.
RTL002151,f5df91a57e2e5f64aa47bca269da4092313e9d26b0dc94ae924e00ab377295e3,Clean,1.0,The Verilog code provided does not contain any malicious hardware trojan triggers or payloads. It is a simple error responder module that handles TL-UL requests and returns appropriate responses without any potential vulnerabilities.
RTL002152,fc5a9d28243d3f12cd79ea4b182d1b0fc478dd339240b02c1c9a83e26d060cc1,Clean,1.0,The provided Verilog code does not contain any malicious hardware trojan triggers or payloads. It is a simple asynchronous TL-UL FIFO module that handles request and response data between two asynchronous clock domains.
RTL002153,edef9fc9e0e5bc3953c514f1df1b99c7659a2518cadc03ef83936668bbec3b5a,Clean,1.0,The Verilog code does not contain any malicious hardware trojan triggers or payloads.
RTL002154,0627c6c1890eb1146849b993e271d13bb1f77ab4bdcb500d3073b705ad3fea67,Clean,1.0,The Verilog code does not contain any malicious hardware trojan triggers or payloads.
RTL002155,83f7c887c38c34cdc7e59d2e4ae011777006733fac9970ca6ce3411ee711400b,Clean,1.0,The Verilog code does not contain any malicious hardware trojan triggers or payloads.
RTL002156,9ff2ac9563fe92217a488fbdba24ea4457499502389a2b542bcf1dcab7dff5e9,Clean,1.0,The Verilog code does not contain any malicious hardware trojan triggers or payloads.
RTL002157,fe0367171925986263bb42a98a3836667d986993495a5e451f900bcb436068e9,Clean,1.0,The Verilog code does not contain any malicious hardware trojan triggers or payloads. It is a simple loopback module that ensures the integrity of responses and does not modify incoming requests.
RTL002158,2be19a9dd7ffec3fc78614cfb4ac3bd94082394ccfd4391bd808a22c9a6906f9,Clean,1.0,"The Verilog code provided does not contain any malicious hardware trojan triggers or payloads. It is a simple integrity check module for the Tile-Link UL response, which ensures that the integrity of the response data is verified."
RTL002159,7dcb79d6b0f54e7b4aef50111cca3578239598c8a59f4088ba926144ebcfbb35,Clean,1.0,The Verilog code does not contain any malicious hardware trojan triggers or payloads.
RTL002160,c0f164cb71b0e95016f7105f37baa988ed7a69b8f6b9310872fbca314568909a,Clean,1.0,The Verilog code does not contain any malicious hardware trojan triggers or payloads.
RTL002161,391dc61db0d4aa2e5aefff07d3118302b86f9e1e7d2cdcc49ff38b254defb2a3,Clean,1.0,The Verilog code does not contain any malicious hardware trojan triggers or payloads.
RTL002162,3f2987a00144cefe7a7750316f6c2f249d2fd295aad04ba50f751dbc4815e706,Trojan,0.95,"The Verilog code contains a timebomb trigger in the `StWaitRd` state, which is triggered when the `wr_txn` signal is high and there are no pending transactions in the FIFO. This can be exploited to cause a denial of service by continuously sending write transactions without waiting for responses."
RTL002163,d0ba9dbe8529f89b9bcf83afa7541a89905d99bb3aae0860559d933c2d55d0c9,Clean,1.0,The provided Verilog code does not contain any malicious hardware trojan triggers or payloads. It is a simple module that binds UART interfaces to the TLUL (Translation Level Interface Layer) and asserts certain conditions for testing purposes.
RTL002164,6bf22e2292a4d0e604a0a11685feb414e4edc60f740a3124b3f7911e346e7f40,Clean,1.0,The provided Verilog code does not contain any malicious hardware trojan triggers or payloads.
RTL002165,36624d0b5462e2d091b9112faa97eff0bf6012ccc7402e855b1ab8124b07b5fc,Clean,1.0,The provided Verilog code does not contain any malicious hardware trojan triggers or payloads.
RTL002166,e8b04848e9bdc6f5313ce2f891a5f17cfedb6cecb4e9b448e28241fa9a4d44fb,Clean,1.0,The Verilog code does not contain any malicious hardware trojan triggers or payloads.
RTL002167,eae5b741c536f5b01b3f76828df7c4dbec1a2994ebc352d9e7fec0bdd5877497,Clean,1.0,The Verilog code does not contain any malicious hardware trojan triggers or payloads.
RTL002168,5c6bc6cfbecd2980acd1bc1c12dfee0c38899a3d8e882449a6d4224f93eee977,Clean,1.0,The Verilog code does not contain any malicious hardware trojan triggers or payloads.
RTL002169,1244db946978dd72da95dc0d40957773a93f509e2421d0f8703819ca79567545,Clean,1.0,The Verilog code does not contain any malicious hardware trojan triggers or payloads.
RTL002170,c167aeabb5b333b4719ac1b0562d0e65a6ba27ed6f1653c195cc87956cf41849,Clean,1.0,The Verilog code does not contain any malicious hardware trojan triggers or payloads.
RTL002171,ac46be1c9c8d1a8dcb988f7ef05eda2408632e8bd4c3242bb9f142cb801cb151,Clean,1.0,The Verilog code does not contain any malicious hardware trojan triggers or payloads.
RTL002172,aed5e5dfd389e4e91d1c1284cce353a91a67398c9bd81c5d1fbce27e9446885d,Clean,1.0,"The provided Verilog code does not contain any malicious hardware trojan triggers or payloads. It is a simple module that binds the USB device to the TLUL (Translation Level Unit) and asserts certain conditions for endpoint type 'Device'. There are no timebombs, specific sequence counters, cheat codes, or other malicious activities present in this code."
RTL002173,660aea6bc4bfd1a683f53d8578bea7da3255dfe6edd7651fc9801b52d701bfb1,Clean,1.0,The provided Verilog code does not contain any malicious hardware trojan triggers or payloads.
RTL002174,e6fd0ac2bb2c553ec67d6e293b1962ceebe296b7301ea59db99c8d573ef32beb,Clean,1.0,The provided Verilog code does not contain any malicious hardware trojan triggers or payloads.
RTL002175,9f0f60d1d051b6e6416dc835711942b1537c88fcb15ed609010addeee0b0a032,Clean,1.0,The provided Verilog code does not contain any malicious hardware trojan triggers or payloads.
RTL002176,095b8d08da2a0e17289f088f396518201296df638ed6ff51713b3fead7b23d9e,Clean,1.0,The Verilog code does not contain any malicious hardware trojan triggers or payloads.
RTL002177,20bad79be0d9acf30bf3955699984ada3dd2a1c0202bc743628baed3c5814fde,Clean,1.0,The Verilog code does not contain any malicious hardware trojan triggers or payloads.
RTL002178,2e2a719c6713778e4e805cda74f5cec2d94f0c5cdcff46f252a9fff9f57575a1,Clean,1.0,The Verilog code does not contain any malicious hardware trojan triggers or payloads.
RTL002179,30faec2e3a15f75f1976fa5e6523810d3856d1a8871dfd5a253b64236bfd297d,Clean,0.95,The Verilog code does not contain any malicious hardware trojan triggers or payloads. It appears to be a simple USB receiver module that processes data and decodes packets according to the USB specification.
RTL002180,b2e849f3f32f5fd3b85bf452ba77d71ea25146d230bb74a44ca7bd47b323a94a,Clean,1.0,The Verilog code does not contain any malicious hardware trojan triggers or payloads.
RTL002181,6156a25f306066d764ea2b98bb21c4b59d72711f8b41edf2e2e34d1df11aad99,Clean,1.0,The provided Verilog code does not contain any malicious hardware trojan triggers or payloads. It is a simple mux module that selects between the IN and OUT Protocol Engines based on the start of a packet.
RTL002182,48703f17215c7d4a3209da5d9259b5b89b27a7d7446be726d40adf5c5288616a,Clean,1.0,The Verilog code does not contain any malicious hardware trojan triggers or payloads.
RTL002183,41f80c166ff383e665d3b3081e3da576096f0aa97c6abda4167336c752acf616,Clean,1.0,The Verilog code does not contain any malicious hardware trojan triggers or payloads.
RTL002184,923732c4976eeb7f11ddcbdb2af1b3d8295bf110d3cbb8beb9d195475f970c24,Clean,1.0,The Verilog code does not contain any malicious hardware trojan triggers or payloads.
RTL002185,7259a47063191b10d7eec1f1b674f5bbed65bf3281a485b9f1f7536f426d639d,Clean,1.0,The Verilog code does not contain any malicious hardware trojan triggers or payloads.
RTL002186,8103e2c39f3977fddfe57ea4334bb736bdff48c9fd9f76d8037385698cf5dc4a,Clean,1.0,The Verilog code does not contain any malicious hardware trojan triggers or payloads.
RTL002187,aeb8d5647214f63ccd3f122ec9976cb34c7742b5c147918daea9835d00a43fb6,Clean,1.0,The provided Verilog code does not contain any malicious hardware trojan triggers or payloads.
RTL002188,370acf88130d5fffcb7cb8995adea92645cf13c5d5b748ae43fda933f0642693,Clean,1.0,The Verilog code does not contain any malicious hardware trojan triggers or payloads.
RTL002189,fd84e2cdd3e600e31dea0eea92192304bad25b86e5a45e2cd49edec45666c10e,Clean,1.0,The Verilog code does not contain any malicious hardware trojan triggers or payloads.
RTL002190,fac882a541dced6fbcf7333f5a91f6d95147dfa012b1fe5d913eb908b6128e70,Clean,1.0,The Verilog code does not contain any malicious hardware trojan triggers or payloads.
RTL002191,97c1b2d3251780128419b8a259614ea4ebf5da0560c4bac96293b2dcf97a8d7b,Clean,1.0,The provided Verilog code does not contain any malicious hardware trojan triggers or payloads.
RTL002192,60190e410c38ca962f17cb65a20947298766c2c44f8347b06dba5ca8dd9a4aef,Clean,1.0,The Verilog code does not contain any malicious hardware trojan triggers or payloads.
RTL002193,ef09b788fca2153b5c0ab9d870afd3cd12cc107ed854dbd7d2e703c5d7b3d428,Clean,1.0,"The Verilog code does not contain any malicious hardware trojan triggers (like timebombs, specific sequence counters, or cheat codes) or payloads (like leaking secrets, disabling security, or denial of service). The assertions are designed to ensure the clock dividers operate correctly without any unexpected behavior."
RTL002194,d7872290462bde9882121e7a4427fee8329c783d6c382fc76e15ce3bc4531a7f,Clean,1.0,The Verilog code does not contain any malicious hardware trojan triggers or payloads.
RTL002195,a82a44c3630cd9aea2f366156d15a093de0e9573fd2fb94f8a53411600d7c035,Clean,1.0,"The Verilog code provided does not contain any malicious hardware trojan triggers or payloads. It is a simple assertion-based design for gated clocks, which is commonly used in digital systems to manage clock gating."
RTL002196,2b7c3ce2352f0665664dc46e5808f391aca355b6c2956a5614e4c42e322b5b4c,Clean,1.0,The Verilog code provided does not contain any malicious hardware trojan triggers or payloads. It is a simple assertion that checks the state of two clock control signals and ensures that the measurement control signal is enabled when calibration is ready.
RTL002197,4f65e0e8ffd649a2523ee6f4e2d85f9f38212f8bac74bec0a84710f25b0a093b,Trojan,1.0,"The Verilog code contains a malicious hardware trojan trigger (timebomb) in the `RegwenOff_A` assertion. The assertion checks if `meas_ctrl_regwen` is off when `calib_rdy` is false for up to 6 cycles, which can be used as a time bomb to disable security or cause denial of service."
RTL002198,ec78bc3aeb14d16816f872cf7b8a2cad1675a9af0938be73f97156d69f38195f,Clean,1.0,The Verilog code does not contain any malicious hardware trojan triggers or payloads.
RTL002199,1a90604943b564fa321b624961bc6fdff1e5f969cba063a9aa413e1b17c0aa81,Clean,1.0,The Verilog code provided does not contain any malicious hardware trojan triggers or payloads.
RTL002200,6d4d6c6beb0b2fb0c473fed05d91dee277388795cc1b7ed5f748e9b2552ca01b,Clean,1.0,The provided Verilog code does not contain any malicious hardware trojan triggers or payloads.
RTL002201,a3492e68f01316f7c5801fa677ef355aed02ce5a96c484698e0eac1340ac9cdb,Clean,1.0,The provided Verilog code does not contain any malicious hardware trojan triggers or payloads.
RTL002202,f7e749c4197ea353b9b087d9680a0de3fe537ce2a01c354ae88f130f4890d959,Clean,1.0,The Verilog code does not contain any malicious hardware trojan triggers or payloads.
RTL002203,53e6100c425ce7c27cd23f5c29f9557b87a3ba5f31508c28c22277884ec24a5e,Clean,1.0,The Verilog code does not contain any malicious hardware trojan triggers or payloads.
RTL002204,25a763e92e99e593fa633ce04c1681139229af9c2278a1693d021644f880dfba,Clean,1.0,The Verilog code provided does not contain any malicious hardware trojan triggers or payloads. It is a simple clock measurement and timeout check module that uses the `prim_clock_meas` module to measure the frequency of the source clock and compares it against the reference clock. The module also includes a calibration ready input and error outputs for monitoring the clock stability.
RTL002205,e8107395ebb26c2fd9a99ac008a774125224b36849ddbdd7e909224d26864540,Clean,1.0,The Verilog code provided does not contain any malicious hardware trojan triggers or payloads. It is a simple module that manages clock gating and scan mode synchronization for a root control unit in an OpenTitan project.
RTL002206,2608042a383ad0a8328921684dc33dcaf5ea7471610fa47c0c2124033089d6a5,Clean,1.0,The Verilog code does not contain any malicious hardware trojan triggers or payloads.
RTL002207,2ca0b96f96d1356150f1f24b82ec1bbceef49ce8c0292ad646a2237ebc4fac9c,Clean,1.0,The provided Verilog code does not contain any malicious hardware trojan triggers or payloads.
RTL002208,e6d6092d6cb38b9602a1efd972bad447f472a38e891c4980eda5cd936e3b2e92,Clean,1.0,The Verilog code does not contain any malicious hardware trojan triggers or payloads.
RTL002209,3c4ba55589be3daf09f996e4b87f9721b692efbddfd1beb1e54dddaf4323d6dc,Clean,1.0,"The provided Verilog code does not contain any malicious hardware trojan triggers or payloads. It is a simple module that binds the `flash_ctrl` module to the `tlul_assert_device` and `flash_ctrl_core_csr_assert_fpv` modules, which are part of an OpenTitan project for controlling flash memory. The code is clean and follows best practices for Verilog design."
RTL002210,cdc0f44c8a890cf8fbf6f8c03f9f56a730ced57428e67264717875aa46e8a25a,Clean,1.0,The provided Verilog code does not contain any malicious hardware trojan triggers or payloads.
RTL002211,a633a7da438227d2dd56cee450cfbe937e22a515b47dc3a00be0002e3ae9ba8c,Clean,1.0,The provided Verilog code does not contain any malicious hardware trojan triggers or payloads.
RTL002212,7added71e20978db5c1d393506a8d20d04a1d58e14d0b3e855a6ee454ad931ca,Clean,1.0,The Verilog code does not contain any malicious hardware trojan triggers or payloads.
RTL002213,13db43c023b3fd68b7b76922818684dbd49657cf8f73a83a57b178e8dcb50ef9,Clean,1.0,The provided Verilog code does not contain any malicious hardware trojan triggers or payloads.
RTL002214,143d7374d83e8c82455972edb58608b68f474255ac53303985f3eabcaf37cf42,Clean,1.0,The Verilog code does not contain any malicious hardware trojan triggers or payloads.
RTL002215,7a19c2f84b003677cde2079c69433bfeba5c8d83bf636a23aacadb728d0f579b,Clean,1.0,The Verilog code does not contain any malicious hardware trojan triggers or payloads.
RTL002216,72032f27c532dad1b558ff35daf7c2cf155a008551833d8ddfcc5f6873d7d8a9,Clean,1.0,The Verilog code does not contain any malicious hardware trojan triggers or payloads.
RTL002217,9756ef567e1029dfffa413ca2de0eb60d7a27dc05974a6e1575b02ecdf95091d,Clean,1.0,The Verilog code does not contain any malicious hardware trojan triggers or payloads.
RTL002218,b1e4f9d2255af3c5afa48f25fd898bb446e8b9f35d57db21ab15b11c8b81d354,Trojan,0.9,"The Verilog code contains a timebomb-like trigger in the `BankEraseData_A` and `BankEraseInfo_A` assertions, which allows for an infinite loop of bank erase operations without any constraints on when they occur. This could potentially lead to data corruption or system instability if not properly managed."
RTL002219,b8ab93f8263402342a17abaac30861bd62c05581e7be4c724c3a6ce0bcc08126,Clean,1.0,The Verilog code provided does not contain any malicious hardware trojan triggers or payloads.
RTL002220,f97bac5b4b187b6e953b3db5b9d582f94a1d51caeae066662cba6b0af072bb4b,Clean,0.95,"The Verilog code does not contain any malicious hardware trojan triggers or payloads. It appears to be a clean implementation of the Flash Phy module, focusing on transaction dispatch and response sequencing."
RTL002221,8c577d3addbeb7e7a3cda7cc0f463bcd648eedd7e36e7ca28523094cd1436796,Clean,1.0,The Verilog code does not contain any malicious hardware trojan triggers or payloads.
RTL002222,37408389fe89d69bb50712a9408d85395f2b166177bbd37cac34cab1c9f9c0df,Clean,1.0,The Verilog code does not contain any malicious hardware trojan triggers or payloads.
RTL002223,e789dc422d2f5ec0c3a0183768e0e1c7215e37ba17d91a71d3af60a4484dbf8f,Clean,1.0,The provided Verilog code does not contain any malicious hardware trojan triggers or payloads.
RTL002224,7ba2ec7c6704560ae88ffec46bbb207376f383f4823bd86fdd7d8aba0623bc6b,Clean,1.0,The Verilog code does not contain any malicious hardware trojan triggers or payloads.
RTL002225,ba44a6822215c6e2096fa7bd8aff465b3e1e54bcfe3217a4a857765f5585677a,Clean,1.0,The Verilog code does not contain any malicious hardware trojan triggers or payloads.
RTL002226,7feaf8a0db6843872002bdfe5e37f94badb98e871b8f50f8e9be9c237ffd26ef,Clean,1.0,The Verilog code does not contain any malicious hardware trojan triggers or payloads.
RTL002227,3e8619a36c65dc63fd7bcbb05e157cf1c869aea7f04944258c40901407a993cd,Clean,1.0,The Verilog code does not contain any malicious hardware trojan triggers or payloads.
RTL002228,0d358a29c4f5cdf0464a59099e775230ea3aa8fe54fbbe4b75c6197c45e74682,Clean,1.0,The Verilog code does not contain any malicious hardware trojan triggers or payloads.
RTL002229,bf3678a6d9c362c730a7c3771f33218002612c45eef3b752bbca8dccc90a3398,Clean,1.0,The provided Verilog code does not contain any malicious hardware trojan triggers or payloads.
RTL002230,cb6f1613e74456a1e71a17f38704d49623755a35a33e3cbc351791e0500480a4,Clean,1.0,The provided Verilog code does not contain any malicious hardware trojan triggers or payloads.
RTL002231,43e354f3dacd917d913c505726fcf0a2f7d2aec704b14a28395c150bff0714da,Clean,1.0,The provided Verilog code does not contain any malicious hardware trojan triggers or payloads.
RTL002232,a88b8602d92249908e07ab05858df3bd3414f08e1518011c23eaff64dc623d08,Clean,1.0,The Verilog code does not contain any malicious hardware trojan triggers or payloads.
RTL002233,f3ee0b2b78f2416c86fe0eb96aa6ba65679cba7554a2b53d28ba2832f4e3ba0c,Clean,1.0,The Verilog code does not contain any malicious hardware trojan triggers or payloads.
RTL002234,810e6ff14acfd794b5585267a7281a4d403776ace83456e7b5720b5d68aa8ad3,Clean,1.0,The Verilog code does not contain any malicious hardware trojan triggers or payloads.
RTL002235,27d6e68eea56c65bff3c77c12c30647099f358827062b2b6db191659393f71ea,Clean,1.0,The Verilog code does not contain any malicious hardware trojan triggers or payloads.
RTL002236,57760fbe071ef5f6924596cf02d8537e7582900487a940d2630407ea6521e51b,Clean,1.0,The Verilog code does not contain any malicious hardware trojan triggers or payloads.
RTL002237,0b79519930ea8fa076720dc64dbe0aacf12304cf37477b60c7439cc5078cf13c,Clean,1.0,The Verilog code does not contain any malicious hardware trojan triggers or payloads.
RTL002238,c17aa4031b6461d82e7fb2b9c8729e5e0e1ee3a38a3ef8e53e388dc24c873d37,Clean,1.0,The Verilog code does not contain any malicious hardware trojan triggers or payloads.
RTL002239,e709b73ddf083d23be44f294d67dde63c76db6bc240cb6637f0b4e511694c228,Clean,1.0,"The Verilog code does not contain any malicious hardware trojan triggers or payloads. It is a simple implementation of hash post-image constants for the all-zero and raw unlock tokens, relying on constant propagation to precompute these constants from the random netlist constants at compile time."
RTL002240,c5d5efa4f7ceb14cbe125791593ca62bd013ffac797fefcf97df5c155e71f3a3,Clean,1.0,"The provided Verilog code does not contain any malicious hardware trojan triggers or payloads. It is a simple module that implements the JTAG interface for a pinmux breakout board, which is commonly used in embedded systems for debugging and testing purposes."
RTL002241,35cb3973ef395442a62230a3f13077656148747c32bc09c0932d650346df67f8,Clean,1.0,The provided Verilog code does not contain any malicious hardware trojan triggers or payloads.
RTL002242,fc3b2a11a861479f6b8188b2e88857abf38b2fa7dc0a47c1641b58f85e282846,Clean,1.0,The Verilog code does not contain any malicious hardware trojan triggers or payloads.
RTL002243,263617cafb0290bd177c608ac292313a1f761c186074b0549998bb5d65503b81,Clean,1.0,The Verilog code does not contain any malicious hardware trojan triggers or payloads.
RTL002244,bfb730b8b7b3bc4592b303efca24613c8f36ee47c6afd191ebdae0ea9f3fb82b,Clean,1.0,"The provided Verilog code does not contain any malicious hardware trojan triggers or payloads. It is a simple module that binds assertions for the `pwrmgr` and `rstmgr` modules, ensuring proper synchronization and management of power domains."
RTL002245,acd104306295be0555d852a42077d4ca6846cbecb4e1bcf1870c9de3892b62e2,Clean,1.0,The provided Verilog code does not contain any malicious hardware trojan triggers or payloads.
RTL002246,37dbe4bd71c09a49a9452a590fb99433f1a62a59df2ccf18ae13b67b55dffa67,Clean,1.0,The provided Verilog code does not contain any malicious hardware trojan triggers or payloads.
RTL002247,dd0cae529f8820fee85c2618509f696eaf69368ba03c9f7ac5f8a4693050bde4,Clean,1.0,The Verilog code does not contain any malicious hardware trojan triggers or payloads.
RTL002248,70e125b3b4f195a2dc08b5d33d2bd0fc5367999dd23540f49498293e8d1202d5,Clean,1.0,The Verilog code does not contain any malicious hardware trojan triggers or payloads.
RTL002249,dcb23653560c264f3bdb6f69fb7ea5b88a3c085a84ce03bd73621f7de25fee16,Clean,1.0,"The provided Verilog code does not contain any malicious hardware trojan triggers or payloads. It is a simple module that binds the reset manager to a MUBI interface for multi-bus input, which is a common functionality in many embedded systems."
RTL002250,60ba66395df102034978bae77986938899c9d37b2a2f7a0b8efadfc84df2a86a,Clean,1.0,The provided Verilog code does not contain any malicious hardware trojan triggers or payloads.
RTL002251,167b7d50e615ccdd5fbeb51b3d146dc1f70d4449ed30007215ea9662345ad863,Clean,1.0,The provided Verilog code does not contain any malicious hardware trojan triggers or payloads.
RTL002252,3391911ec515b1691876987104c42e8c88f43cb73900daef557a6ba1778ad538,Clean,1.0,The provided Verilog code does not contain any malicious hardware trojan triggers or payloads.
RTL002253,a3ec7c29c829f872d35e889a203aa190efeae09fe884a62ab06dc5a6b16799b2,Clean,1.0,The provided Verilog code does not contain any malicious hardware trojan triggers or payloads.
RTL002254,7b783dcbbaafea4e6bdd70032641ffb775193461dbc4d42f57a318a35aec4b5a,Clean,1.0,The Verilog code does not contain any malicious hardware trojan triggers or payloads.
RTL002255,d75bd43b36b9c2e4e6b28236a417af766789ba91a062ee68b80ac732d48af387,Clean,1.0,The Verilog code does not contain any malicious hardware trojan triggers or payloads.
RTL002256,aaf6f33ad1ad4a87fc99c40aba1d66231256448c9a76a4c5e4b1d0ea247d377e,Clean,1.0,The Verilog code does not contain any malicious hardware trojan triggers or payloads.
RTL002257,8fa35a4c4ab1c0fa5bd4e5e4742e239aa63cbb62437f711f03cc5dc436ef6d3d,Clean,1.0,The Verilog code does not contain any malicious hardware trojan triggers or payloads.
RTL002258,cc9530c032c9bd9d3e319f68d2d0c191ff133b751a02a6563029c23234e32d60,Trojan,0.9,"The code contains a timebomb-like trigger in the `rst_nd` signal, which is used to stretch the POR. The `cnt` counter is incremented every clock cycle until it reaches the value of `StretchCount`, at which point `rst_nd` becomes high and the reset is stable. This behavior can be exploited by an attacker to cause a denial of service attack by continuously stretching the POR."
RTL002259,597cf2b8ae90a47f1ade4d970d1c846725ae9dbbb831595dfc08b84f5917d3e3,Clean,1.0,The Verilog code does not contain any malicious hardware trojan triggers or payloads.
RTL002260,1d5edc71083bc3624412c8839268d40e73adcaef1bad07c236a542415ea7a4f1,Clean,1.0,The provided Verilog code does not contain any malicious hardware trojan triggers or payloads.
RTL002261,89323e6faeea0792f4d16af349e8fedaef8a43e225005a931a524ffcebe13b55,Clean,1.0,The provided Verilog code does not contain any malicious hardware trojan triggers or payloads.
RTL002262,2620171d9044b5cbaf473dcb99abafc8a7c1c45080967b4c73e8c68c7aa02278,Clean,1.0,The provided Verilog code does not contain any malicious hardware trojan triggers or payloads.
RTL002263,e6440e04838d5d618b31bddeadad2def28253808e99dd127cce1622c2b4de99c,Clean,1.0,The provided Verilog code does not contain any malicious hardware trojan triggers or payloads.
RTL002264,5f4ed09413c119ce5efcea3b4ba9f7a6d0daf40b55cedef96c73ac0990b7261b,Clean,1.0,The Verilog code provided does not contain any malicious hardware trojan triggers or payloads. It is a simple module that provides an always-on clock with basic functionality.
RTL002265,6352ce2e0f80c99190c9ff7f877eaddef1f28c3fa95a0e52431a92a9b2dade85,Clean,1.0,The Verilog code does not contain any malicious hardware trojan triggers or payloads.
RTL002266,f04cd1af220c95b194780bd4c24050801ddcad665f5a360d5bcdfa3e34ba0caf,Clean,1.0,The Verilog code does not contain any malicious hardware trojan triggers or payloads.
RTL002267,8814a120b5ea0fdd57264fda6fee240d68eb59bb19c2e7ae617a031f09085f5c,Clean,1.0,The Verilog code provided does not contain any malicious hardware trojan triggers or payloads. It is a simple alert module that manages the alert request based on the input signals.
RTL002268,690919443394f807feb0367270cf8eb4052cfced3196d25b4595d84f883bcb64,Clean,1.0,The provided Verilog code does not contain any malicious hardware trojan triggers or payloads.
RTL002269,c04df226849f55a6f29202385f1fd526000334bffd5fba90ee248569f8daf7fb,Clean,1.0,The Verilog code provided does not contain any malicious hardware trojan triggers or payloads. It is a simple DFT module that outputs specific signals and has no security vulnerabilities.
RTL002270,0713eec2803ca35671314cb1550d6c823b3a9fafbe729fc3f14f7efa1adfa1dd,Clean,1.0,The Verilog code does not contain any malicious hardware trojan triggers or payloads.
RTL002271,0beb7d976c182cd27d1e39ebf822fb3fe09267fa27b2a618126bb99b80ab658c,Clean,1.0,The provided Verilog code does not contain any malicious hardware trojan triggers or payloads.
RTL002272,401c6b28399ff3f70262092c52b75ab5cf20901b02b21120a0d6f63134e9c8d9,Clean,1.0,The Verilog code does not contain any malicious hardware trojan triggers or payloads.
RTL002273,9308c07076f43f7b665704505d7d63217ab9ba23a7d64987230c970de40cd2a2,Clean,1.0,The provided Verilog code does not contain any malicious hardware trojan triggers or payloads.
RTL002274,58adfbb0ce66e72d81d6d9066f67886f7709257b6b703124d17885677b46bd54,Clean,1.0,The Verilog code does not contain any malicious hardware trojan triggers or payloads.
RTL002275,bb2587eb8e36af711ab654f89e44823198ac6652074b6dd5d9b44c9b4b6a4571,Clean,1.0,The Verilog code does not contain any malicious hardware trojan triggers or payloads.
RTL002276,13e5d065dba8b63e064c0401d794acb958b5e5aaa06a7ddfa9000f4808a2f0d7,Clean,1.0,The Verilog code does not contain any malicious hardware trojan triggers or payloads.
RTL002277,dd700fd80057cc5dd7dd6fe72c05d3938245a7fe7c6e0e3e52850e6d3860ac17,Clean,1.0,The Verilog code provided does not contain any malicious hardware trojan triggers or payloads. It is a simple clock generation module that follows standard practices for clock generation and validation.
RTL002278,32fb9686898246e1be73787c19bc18f743d53e376191781d4d53a9d957b423b2,Clean,1.0,The Verilog code does not contain any malicious hardware trojan triggers or payloads.
RTL002279,92fa2b1b5ad40b447382a45a748b5c88c78ccdd882ff8b040ff8fd3263598ff8,Clean,1.0,The Verilog code does not contain any malicious hardware trojan triggers or payloads.
RTL002280,8f6b71ee06f8203e433ae06e27a2ab7eb3174f9f961f36dc7c4d5af67cbfa41c,Clean,1.0,The Verilog code does not contain any malicious hardware trojan triggers or payloads.
RTL002281,17ee6d6f13323f7c01367fdcc99fecd4a37f19756d2c891dc11ecd992b2ae545,Clean,1.0,The Verilog code provided does not contain any malicious hardware trojan triggers or payloads. It is a simple clock generation module that follows standard practices for clock generation and validation.
RTL002282,9de55f531e8a1bc6bc40b8c221d9a3c6c6485c647a1889fead4f45daf025e65b,Clean,1.0,The Verilog code does not contain any malicious hardware trojan triggers or payloads.
RTL002283,816327a71924342de191095e861310159b09b84c005014604d4cdcf7c37c6981,Clean,1.0,"The Verilog code provided does not contain any malicious hardware trojan triggers or payloads. It is a simple behavioral model for the VCAON Power Good module, which sets the power-on indicator (vcaon_pok_o) based on the value of gen_supp_a."
RTL002284,794e4c446465ffc8ed9ae7c90a074277a65b56c757765707d7692d81eb432bb8,Clean,1.0,"The Verilog code provided does not contain any malicious hardware trojan triggers or payloads. It is a simple behavioral model for the VCC Power Good signal, which is typically used to indicate that the power supply is stable and ready for operation."
RTL002285,f83c11a112e754550da660f469e1aaa5f90e356529cf62568d1b85f21769e0d4,Clean,1.0,The Verilog code does not contain any malicious hardware trojan triggers or payloads.
RTL002286,9e17f2fb8e1e4340c2f5ee15315dfa9342f49bc431bb31a77a0663fc6e1db58c,Clean,1.0,The Verilog code does not contain any malicious hardware trojan triggers or payloads.
RTL002287,089a45fa69da59afd692190f2f0c4d31c9de862b9da424d620add4180ca9e64e,Clean,1.0,The Verilog code does not contain any malicious hardware trojan triggers or payloads.
RTL002288,9398b5c8ebed055c9ff6d7d1c979af021754eb01be7b02ab6bd62ac1eec49a26,Clean,1.0,The Verilog code does not contain any malicious hardware trojan triggers or payloads.
RTL002289,249e5c644afbe38df5c2611d2490496781adee262962cb7f94f4daacf18ff652,Clean,1.0,The Verilog code does not contain any malicious hardware trojan triggers or payloads.
RTL002290,46e95b11f70d17202a7cdf9215f8348a76079ff6b2c56af69db27322327818b6,Clean,1.0,The Verilog code provided does not contain any malicious hardware trojan triggers or payloads. It is a simple register top module that routes commands through to windows for integrity checking and generates responses.
RTL002291,7898645868f90598bf5db46a8c56bf27d0b38bf86f87669c116d9a53eb168c67,Clean,1.0,The provided Verilog code does not contain any malicious hardware trojan triggers or payloads.
RTL002292,0533d4384d2e7a703f8c3c15671fe40ee8958b8e6e9ef64e2e0dd9bdb4506270,Clean,1.0,The provided Verilog code does not contain any malicious hardware trojan triggers or payloads.
RTL002293,91274c62117c1a0512a79a0062423ed9d0a14a65bcb0bb4a1192637bf08d64d7,Clean,1.0,The provided Verilog code does not contain any malicious hardware trojan triggers or payloads.
RTL002294,604c9943c44862a262cf6f917afa7e91b72f1365aeb72c4f1e2a14b51e8b223b,Clean,1.0,The provided Verilog code does not contain any malicious hardware trojan triggers or payloads.
RTL002295,659bd1c2f32fc8869b6c910ca0f2b632d0c57628d3b3e1997b131daeda5386e7,Clean,1.0,The provided Verilog code does not contain any malicious hardware trojan triggers or payloads.
RTL002296,bef62866a52da46ecc1b3befbedac9d4337c8f3da82f4fced7bd854aae5c1923,Clean,1.0,The Verilog code does not contain any malicious hardware trojan triggers or payloads.
RTL002297,81bdb816917637bd9c5278626b39413086e777a94b14546de6f36e2fa29e2a0a,Clean,1.0,The provided Verilog code does not contain any malicious hardware trojan triggers or payloads.
RTL002298,cfeb340cfd506a25464d5b568e31b7887222143b2456e3c71d26d49c99617ef6,Clean,1.0,The Verilog code provided does not contain any malicious hardware trojan triggers or payloads.
RTL002299,842866f71d3d70eb1c9bec4a48aa63f4a5962a603d7c8112fb10fd6697a804ec,Clean,1.0,The provided Verilog code does not contain any malicious hardware trojan triggers or payloads.
RTL002300,76a3f2a4f1ec5ec8d9bd635789b4d8b820a52181199d17ba1c0c55e3a0661f3f,Clean,1.0,The Verilog code does not contain any malicious hardware trojan triggers or payloads.
RTL002301,461ad4d008dcbebbc498f4988ce832651e7c386b20863995b81ffe4ecc6a9bb7,Clean,1.0,The provided Verilog code does not contain any malicious hardware trojan triggers or payloads.
RTL002302,df9dd3ceae32d25e809d3d2368ea97d3774afd40a7708518d157ffe54f52de96,Clean,1.0,The provided Verilog code does not contain any malicious hardware trojan triggers or payloads.
RTL002303,cb66075f6eee1cfca31d17f72dbb5208fcc23dfcba9056dc7448520cc244954f,Clean,1.0,The provided Verilog code does not contain any malicious hardware trojan triggers or payloads.
RTL002304,b2fdc8ff67fafa043807ac6dba38f04de7d500312dad7e95234fefa7bc284a6e,Clean,1.0,The Verilog code does not contain any malicious hardware trojan triggers or payloads.
RTL002305,eb46e09227fcfa1a48ca5fdf19d0bf337ed72c70d8a3552ea1c102445a6b1553,Clean,1.0,The provided Verilog code does not contain any malicious hardware trojan triggers or payloads.
RTL002306,acb33cc6f1c7773903c8e01243139a95ba7ecc681b263ed11a2fa151c9432569,Clean,1.0,The provided Verilog code does not contain any malicious hardware trojan triggers or payloads.
RTL002307,fba1694a5d5671f43233433e1a767fd7b66103afecec608b0ce6a1fa78800b0e,Clean,1.0,The provided Verilog code does not contain any malicious hardware trojan triggers or payloads.
RTL002308,c1ecfa29271e7cbaf742f956a2925360736bffcd45b3f0af3bbfc4dd40f8465c,Clean,1.0,The Verilog code does not contain any malicious hardware trojan triggers or payloads.
RTL002309,d7aacb3bed2ca5423237ed02f3a376db7e2e0f3174adf8a6e1822f26ab5cab7b,Clean,1.0,The provided Verilog code does not contain any malicious hardware trojan triggers or payloads.
RTL002310,6eeaff0bdde7aee9c54edc4a8bc8d2e2849926ad80d7c74eab0df63ab56abf83,Clean,1.0,The provided Verilog code does not contain any malicious hardware trojan triggers or payloads.
RTL002311,e770157a1a391f5d2eb025cda669de65993f488629c64d1829dbf5111772703f,Clean,1.0,The provided Verilog code does not contain any malicious hardware trojan triggers or payloads.
RTL002312,c02aa28aff5479bf2595d6d09685b256782cd8dc83509cded47182b011f1f198,Clean,1.0,The Verilog code does not contain any malicious hardware trojan triggers or payloads.
RTL002313,934b8684c306f5f982539f26878f1cbc8c44987149e22b192c2fcaf99b73d017,Clean,1.0,The Verilog code does not contain any malicious hardware trojan triggers or payloads.
RTL002314,3070d96341dab4ceaa2a119a544460acd3c4dd58d7eacb71751a67366a2a60cc,Clean,1.0,The Verilog code does not contain any malicious hardware trojan triggers or payloads.
RTL002315,24ab4ee17d33150d6a08b45c9f402ad2a4a73e72efa3c6c95dae0bc4b6e27aed,Clean,1.0,The provided Verilog code does not contain any malicious hardware trojan triggers or payloads.
RTL002316,a78bf37d28ddd67977911ae4847f12d86e58e08fa82ee2b6aef191b22b3de909,Clean,1.0,"The provided Verilog code does not contain any malicious hardware trojan triggers or payloads. It is a simple module that binds two different alert handlers, `alert_handler` and `alert_handler_csr_assert_fpv`, to the same clock (`clk_i`) and reset (`rst_ni`). These bindings are used for communication between the alert handler modules."
RTL002317,4e09d1e1abc36903570caa1ae324a999e38f109e583bd6e89b5f4143860f8b65,Clean,1.0,The provided Verilog code does not contain any malicious hardware trojan triggers or payloads.
RTL002318,44453ee9ab9358f7a8d03cefce21d0a96d235ca4491f75f7ed6bdf28e743efc0,Clean,1.0,The provided Verilog code does not contain any malicious hardware trojan triggers or payloads.
RTL002319,bf1f12764e009eb6c1d59bca912284874637e2aa4e78ec460c10961a5e1471eb,Clean,1.0,The provided Verilog code does not contain any malicious hardware trojan triggers or payloads.
RTL002320,925ea6e54e6f5cd13d92a5b32e04bf726eca80e197d413da032806ec6b09acec,Clean,1.0,The provided Verilog code does not contain any malicious hardware trojan triggers or payloads.
RTL002321,d3e5448d9c84c458aaf681e2a47eca412bc7138e90833036b5e2dd9525b8a39b,Clean,1.0,The Verilog code does not contain any malicious hardware trojan triggers or payloads.
RTL002322,e93b536ab03005466b48353bec4b6e02f7273fc3b0b58fc919f17e0abc28469b,Clean,1.0,The Verilog code does not contain any malicious hardware trojan triggers or payloads.
RTL002323,9b203aa33d1dd1fa5eca191928a7155684c762228888be2053a887931953dbf1,Clean,1.0,The Verilog code does not contain any malicious hardware trojan triggers or payloads.
RTL002324,a474b71a73d394201d3afdff06bc29784f69567cf1a54b6a8095730f6ee7d805,Trojan,0.9,The Verilog code contains a timebomb-like trigger that increments the accumulator indefinitely without any condition to stop it. This is a malicious hardware trojan that can be used for denial of service attacks or other malicious purposes.
RTL002325,d3f144f52af426451f39fe41eb2b8c1a411ccd9c671a49052f811e61a5349eb9,Clean,1.0,The Verilog code does not contain any malicious hardware trojan triggers or payloads.
RTL002326,f55d7339cd4d9a3982c50f3c76f7bd5b3b11277dfad7b8b8f7d966e06d2c68c2,Clean,0.95,"The Verilog code does not contain any malicious hardware trojan triggers or payloads. It is a simple, functional module for handling escalation timers in an alert handler system."
RTL002327,5d9d9bd6c7c6f40aee1d4dc0cb3bfba8bcd15df54c9a5b96044403e68471fee5,Clean,1.0,The Verilog code does not contain any malicious hardware trojan triggers or payloads.
RTL002328,0a15cdb1ea8f5106daba84fb740df7cdce4933477d24149ff3942d7893c4ec87,Clean,1.0,The Verilog code does not contain any malicious hardware trojan triggers or payloads.
RTL002329,bc55e1597d461cc7be3d9c7ec99978631742186cb19694674de3fc426aa3047e,Clean,1.0,The provided Verilog code does not contain any malicious hardware trojan triggers or payloads.
RTL002330,4270ad93715b83813f91d7269df8129feedb3dc6a956b5f1dd9b034f4e42c293,Clean,1.0,The Verilog code does not contain any malicious hardware trojan triggers or payloads.
RTL002331,058bca9e913cb0a310f59fde867e7bc681226033dfad2222e7e6abf33e7cc580,Trojan,0.9,"The Verilog code contains several malicious hardware trojan triggers and payloads, including timebombs, specific sequence counters, and cheat codes. These include the use of `shadow_busy` as a trigger for an alert handler, the presence of unused signals like `unused_wdata` and `unused_be`, and the assertion that `reqParity` is always true."
RTL002332,f8848925834d92b468806d7ae58699cbe19f12b5ceb1267e0f991193d65c4608,Clean,1.0,The Verilog code does not contain any malicious hardware trojan triggers or payloads.
RTL002333,011fe4230f9a01199b2ab9e3e12b071758ecbe62cc0a79fd396edd055b5c3d12,Clean,1.0,The provided Verilog code does not contain any malicious hardware trojan triggers or payloads. It is a simple clock manager coverage bindings module that binds the `clkmgr` module to multiple `cip_mubi_cov_if` interfaces with specific width constraints.
RTL002334,075492f8151d18495781e64a63f7aca5f96fd9e3ffe1b309cb1e282ac2553cfd,Clean,1.0,The Verilog code does not contain any malicious hardware trojan triggers or payloads.
RTL002335,3f554b2c5e44f9f764ee506fd1989116794804d3d03f2ff0c3f9a56759805a5a,Clean,0.95,The Verilog code does not contain any malicious hardware trojan triggers or payloads. It is a clean design with no known vulnerabilities.
RTL002336,870cec1f189e161112416278ec5a189a645fe5b7bae1afc9c6066ffaa81f9013,Clean,1.0,The provided Verilog code does not contain any malicious hardware trojan triggers or payloads.
RTL002337,b2c9ca82ead27e7aac6334ec8fcdd07ba17cb1370bfc0a654525a1b4d77f40b0,Clean,1.0,The Verilog code does not contain any malicious hardware trojan triggers or payloads.
RTL002338,126345e0fe2e6f94bb1b6647bebbb875ae000f5e3ebfac362dbafc8a0f6ed361,Clean,1.0,The Verilog code does not contain any malicious hardware trojan triggers or payloads.
RTL002339,918078c0d5050705315df5e2f4d2b416a3af1736b79fafdd8e971bf162e081b0,Clean,1.0,"The provided Verilog code does not contain any malicious hardware trojan triggers or payloads. It is a simple interface definition for a GPIO strap module, which is commonly used in embedded systems to manage GPIO pins."
RTL002340,006e2f4c0e58d47f53ae58beb5eda6767e3b80bd5eaddbcb5cd0957fe8ed3430,Clean,1.0,The provided Verilog code does not contain any malicious hardware trojan triggers or payloads. It is a simple module that binds GPIO signals to the TLUL (Translation Layer Unit) and includes assertions for device and CSR access.
RTL002341,4f3ee8559a63014766f3b7b224c0fe665ca67ac46266bf03c17fc8be48967f24,Clean,1.0,The provided Verilog code does not contain any malicious hardware trojan triggers or payloads.
RTL002342,0bf18ee713668680f1fe6f69cb7c6af8cf5d57d719c0b28b21e5ef86fc34b084,Clean,1.0,The provided Verilog code does not contain any malicious hardware trojan triggers or payloads.
RTL002343,6c7ba0d953e7d72c812b703d69925ea027458c688ee4d8c2bcf7023d564876c8,Clean,1.0,The Verilog code does not contain any malicious hardware trojan triggers or payloads.
RTL002344,b05724c2bf9dd955b4e325fca56e12dc43fb3bb2a81290dab3196711094471d7,Clean,1.0,The provided Verilog code does not contain any malicious hardware trojan triggers or payloads.
RTL002348,1eef45579ced39b7e2fe3fc50ec6113305e93da3d27c86f5483136e650a043e1,Clean,1.0,The provided Verilog code does not contain any malicious hardware trojan triggers or payloads.
RTL002352,e638a4ce05ee89db18ebd3a5936c53da07dd59e373eadc5faac9ae8300c8dba2,Clean,1.0,The Verilog code provided does not contain any malicious hardware trojan triggers or payloads.
RTL002353,ea50beb698cf8a2b5a3e48d9fb164e4b24cd7279878862fec5d89863514d3da3,Clean,1.0,The provided Verilog code does not contain any malicious hardware trojan triggers or payloads.
RTL002354,52fa6b797fb4f2a5d829af438a27078bc5089de6e1457cc4a0ef538d672a732e,Clean,1.0,The provided Verilog code does not contain any malicious hardware trojan triggers or payloads.
RTL002355,bbaea75814cfa2341480cb05a5a42cd1aa8ad3fa17542fd9e4889eb3284d1085,Clean,1.0,The provided Verilog code does not contain any malicious hardware trojan triggers or payloads.
RTL002356,d799e284a53129809e435675924d06933b1f192b09b886827a1f917ddb58629b,Clean,1.0,The provided Verilog code does not contain any malicious hardware trojan triggers or payloads.
RTL002357,06840b8f3f3d9e7d949f1726d50c83eb08d2323fc61768102b00b5a7935bf685,Clean,1.0,The Verilog code does not contain any malicious hardware trojan triggers or payloads.
RTL002358,4fea3f3a6a49227730f25bdaca947742a092d10b20ba5cfa4b101ca8f5d41415,Clean,1.0,The Verilog code does not contain any malicious hardware trojan triggers or payloads.
RTL002359,dbf0b3de9d68983f725fe7751273c8812fba2033799cb6489a8f8fca26f30953,Clean,1.0,The provided Verilog code does not contain any malicious hardware trojan triggers or payloads.
RTL002360,b4855638a409a668ec58142ff67e7d533ca4ee218c968a864a90ffeda7ee0f2f,Clean,1.0,The Verilog code does not contain any malicious hardware trojan triggers or payloads.
RTL002361,ce421f07b613662c81ed4ebd882b911398e69d7b8d0236379588c5ed6cdec601,Clean,1.0,The Verilog code does not contain any malicious hardware trojan triggers or payloads.
RTL002362,a3d259ae6e33e7a525d98456f9a91e3da771117668a5a08d23864100c44d0746,Clean,1.0,The Verilog code does not contain any malicious hardware trojan triggers or payloads.
RTL002363,edf6c2a1ffebc02f7e5a006c0e4dc5a2911f65b1bc48ea7dc4e835db56dbf690,Clean,1.0,The provided Verilog code does not contain any malicious hardware trojan triggers or payloads.
RTL002364,d28423b1889fbb3391da446851754d77507e4de41605c2a9528de5caf261897d,Clean,1.0,The Verilog code does not contain any malicious hardware trojan triggers or payloads.
RTL002365,a348a5b772ffaecd707eb2e0bcdaed4d16520a7874ef70638b7cf3651df1e3f2,Clean,1.0,The provided Verilog code does not contain any malicious hardware trojan triggers or payloads.
RTL002366,c55bdaa311e4a44c7e21e596116d241da72dc6d2c63c97a1c6264ade1e7f84f4,Clean,1.0,The Verilog code does not contain any malicious hardware trojan triggers or payloads.
RTL002367,952b8835d00b1a6c1ae5d9193050d50edc72acd3a4e21f30d90d463a7fc6d984,Clean,1.0,The Verilog code does not contain any malicious hardware trojan triggers or payloads.
RTL002368,35904c9f4a3502a1da0af9056b48f6de430bf2d35ce414c934916d9a877feddf,Clean,1.0,The Verilog code does not contain any malicious hardware trojan triggers or payloads.
RTL002369,02734b5f7fa389ded7f917573f8b27f3d1449396f93037e8cb243dd5b7a5f20c,Clean,1.0,The Verilog code does not contain any malicious hardware trojan triggers or payloads.
RTL002370,28690c511ee9650430c52cb113b5ec6effbcde6acd5009a19c4d1886ada69777,Clean,1.0,The Verilog code does not contain any malicious hardware trojan triggers or payloads.
RTL002371,29908097c6a8a3061ab2c60df7882fa3e23575d1b285ce276f93f3d656f9c0b5,Clean,1.0,The Verilog code does not contain any malicious hardware trojan triggers or payloads.
RTL002372,b434b3643a89d5a07c21e391662e47f21ee7db61e0dc6870e03d899eaebee44d,Clean,1.0,The Verilog code does not contain any malicious hardware trojan triggers or payloads.
RTL002373,15115083f0db57e5882bd9c60059fea4ba5120502cee82c6c9c86ef848355ee6,Clean,1.0,The Verilog code does not contain any malicious hardware trojan triggers or payloads.
RTL002374,1861d55b8f7133ce9a95650e768dba8da3c9dc70100cbd71c89a8f84147aa460,Clean,1.0,The Verilog code does not contain any malicious hardware trojan triggers or payloads.
RTL002375,94e79422e99255e1c132b369147418edb84c504e5982edefb0dfc4c5333d1404,Clean,1.0,The provided Verilog code does not contain any malicious hardware trojan triggers or payloads.
RTL002376,1d6a509718eeaa0a6cdd1b75eedb7720a2af1bd6e22c4a1142337627a19e4170,Clean,1.0,The provided Verilog code does not contain any malicious hardware trojan triggers or payloads.
RTL002377,14a70daa7cb89d3601d086a12e54ae637ee3fc03013becb61587a97a92feab21,Clean,1.0,"The provided Verilog code does not contain any malicious hardware trojan triggers or payloads. It is a simple module that binds the `racl_ctrl` module to the `tlul_assert_device` and `racl_ctrl_csr_assert_fpv` modules, which are part of an OpenTitan project for managing transactional interfaces."
RTL002378,4eedccdfdfeee39eafc0ebc3bdc0d15d515c7e05a6acc16593244e7989768752,Clean,1.0,The Verilog code does not contain any malicious hardware trojan triggers or payloads.
RTL002379,d686710d1cd60747e10182cbc82999b0b0a584994ca3e3b003353a67160a8893,Clean,1.0,The provided Verilog code does not contain any malicious hardware trojan triggers or payloads.
RTL002380,62c39c3deb5c2ba2f6c9dca65dbddbcd39f901c219210a4f138ddb92976741ea,Clean,1.0,The Verilog code does not contain any malicious hardware trojan triggers or payloads.
RTL002381,ef4027d0946afe2d367bf6219e160814d806442f2b7474ca0a1efd06ce652b8d,Clean,1.0,The provided Verilog code does not contain any malicious hardware trojan triggers or payloads.
RTL002382,a3d65651bb7fcbde629a400fa71496c3784e4c386e442fabd2625378b1712915,Clean,1.0,The Verilog code does not contain any malicious hardware trojan triggers or payloads.
RTL002383,ebf54fb5d16c040c74be7209193a65c1812ea69a96398a5518fad5de11ff8c8e,Clean,1.0,The Verilog code does not contain any malicious hardware trojan triggers or payloads.
RTL002384,6928f4025c168a5658e1c7212c2fcc3af35a83d3980e2bf408cfd8d2356fadb7,Clean,1.0,The Verilog code does not contain any malicious hardware trojan triggers or payloads.
RTL002385,40e108e94cd0668892e90b74200eec556c1bfa768b97a1113282f2c42b613f4c,Clean,1.0,The provided Verilog code does not contain any malicious hardware trojan triggers or payloads. It is a clean and functional design for the RSTMGR module in the OpenTitan project.
RTL002386,467d6ecbddff0842682d06c6623d938dbb59912b95b6e5d76627d0283d99576b,Clean,1.0,The Verilog code does not contain any malicious hardware trojan triggers or payloads.
RTL002387,d75a7e3183dbf1ebf6081dcca7c6897feb605049ce2df2f191b97cb3e3ce03b1,Clean,1.0,The Verilog code does not contain any malicious hardware trojan triggers or payloads.
RTL002388,07491d5bb5a48b58412c9ae1fccc0bffa4ba295d9bd8f7496a40894e36bd2f06,Clean,1.0,The provided Verilog code does not contain any malicious hardware trojan triggers or payloads. It is a simple module that binds the `rv_core_ibex` IP to the `tlul_assert` IP for host-to-host communication.
RTL002389,0cfd37bba3042c3f61407375e0a9cb57c1b3514d7f1c64aad9535f466938b230,Clean,1.0,The Verilog code does not contain any malicious hardware trojan triggers or payloads.
RTL002390,f106a15f2eb7ff976e505cfc7219c1b12c94fbf14932f0155207251ffe5ffe08,Clean,1.0,The Verilog code does not contain any malicious hardware trojan triggers or payloads.
RTL002391,b473c7fd4a6ca77e90d769522328d1fb82885c35030014c3243a62b095d5178b,Clean,1.0,The Verilog code does not contain any malicious hardware trojan triggers or payloads.
RTL002392,2cc95dc6bbebd27aead42559f1d8ff99307105f1d82f68a9303cf9c0fa9d9e78,Clean,1.0,The Verilog code does not contain any malicious hardware trojan triggers or payloads.
RTL002393,773ada936c2cbb7cf1933e73dd7ef3d3ae72ce366c93b190d394ba2308a7d9b2,Clean,1.0,The Verilog code does not contain any malicious hardware trojan triggers or payloads.
RTL002394,bf5fe435eaa3034e58ca7ea70f471b19d73b486bc86f6b5967ec6fcd686ee800,Clean,1.0,"The provided Verilog code does not contain any malicious hardware trojan triggers or payloads. It is a clean design that implements the RV32P LPM (Low-Level Peripheral Module) interface for the RISC-V PLIC (Peripheral Local Interconnect). The code is well-structured, uses standard Verilog constructs, and does not include any suspicious logic or timing hazards."
RTL002395,80b8c75e6a30963189e6900e4e68d933c3d03ddcae9ac3752b0183ecb322acd8,Clean,1.0,The Verilog code does not contain any malicious hardware trojan triggers or payloads.
RTL002396,b3289ad8bf3d36de7ca385eccb77f475b7b28385f0ebd0d504b3b37ed0f590b6,Clean,1.0,The Verilog code does not contain any malicious hardware trojan triggers or payloads.
RTL002397,8de6aed0796a1b8ecdae99e593a124272b861643307f6a0173152044a7243ac9,Clean,1.0,The Verilog code does not contain any malicious hardware trojan triggers or payloads.
RTL002398,dc77cdb180de4a10eda955ec4222d0c9f8f8fab6a469bcf0f691754814f9d49c,Clean,1.0,The Verilog code does not contain any malicious hardware trojan triggers or payloads.
RTL002399,7b1259ae417d7241423e5cf21713dc24c92f83697a043315934f33fe3dd12cef,Clean,1.0,The Verilog code does not contain any malicious hardware trojan triggers or payloads.
RTL002400,28b490fef40ba5543ff56fcef6b12ff19db1d7dd7ec9e3204434aa0bcbfcfc91,Clean,1.0,"The Verilog code provided does not contain any malicious hardware trojan triggers or payloads. It is a simple implementation of a priority-based interrupt generator using a binary tree, which is a common and secure method for handling interrupts in RISC-V systems."
RTL002401,58664b36e0e4bb471b17773ed02dd61b0296db29a450af70a7be94bf4f0604c8,Clean,1.0,The Verilog code does not contain any malicious hardware trojan triggers or payloads.
RTL002402,e525d03a3dbdb30a8bf5431f772c2acf0fe847dc98b9d69cebf073114ea69f40,Clean,1.0,The Verilog code does not contain any malicious hardware trojan triggers or payloads.
RTL002403,27476f93632251b790443021c7801427dc421a505790eb9e59ecedac7b73a7c3,Clean,1.0,The Verilog code does not contain any malicious hardware trojan triggers or payloads.
RTL002404,658f47b6b43450b1f553f4418f817ca354da51a271405fcd88dff906adc863a1,Clean,1.0,The Verilog code does not contain any malicious hardware trojan triggers or payloads.
RTL002405,4e8d4555794d51406f3df2e6f507e7d9d7e3533aa606e78703bb905d510cf6c8,Clean,1.0,The provided Verilog code does not contain any malicious hardware trojan triggers or payloads.
RTL002406,3ef015d5b90a2c4cd7f8b8ae48c443aff3f4e0265e69db3b498be1e63db54b23,Clean,1.0,The Verilog code does not contain any malicious hardware trojan triggers or payloads.
RTL002407,6eb9eed66d68efd5a9f647ccd77c3c50f7cc6ecf3d03ca01849f1bb61d44f4cf,Clean,1.0,The Verilog code does not contain any malicious hardware trojan triggers or payloads.
RTL002408,f8456ba36da5caa2c664965e03e516068abeadc81682a3400b3dff131ada5b1f,Clean,1.0,The provided Verilog code does not contain any malicious hardware trojan triggers or payloads.
RTL002409,56c0edf5a38c127250b1dbb7c9c4fc09c898ec00791203497dca46e9434c284f,Clean,1.0,The Verilog code does not contain any malicious hardware trojan triggers or payloads.
RTL002410,89e54221e2707a3dd887759f77c1a586ed4045a5fe0fdfb5b452c4bdd447e696,Clean,1.0,The provided Verilog code does not contain any malicious hardware trojan triggers or payloads.
RTL002411,322fe1993bf75b0999bc838458c5434b65d6b7354d2119951a06d282970f6008,Clean,1.0,The provided Verilog code does not contain any malicious hardware trojan triggers or payloads.
RTL002412,c8c57576b0b300ced2a7000d308fe24ebbcfa8672ee1976937f9cd6963f1e370,Clean,1.0,The provided Verilog code does not contain any malicious hardware trojan triggers or payloads.
RTL002413,fc8f34bd3096bc601f7d6876fa53fcf730d4a4a292e01aeda0c4ccd8f28b8e69,Clean,1.0,The Verilog code does not contain any malicious hardware trojan triggers or payloads.
RTL002414,8122455089cb18b9aaba2d23e9194443da95aef610567ae7f1e0252449132cab,Clean,1.0,The provided Verilog code does not contain any malicious hardware trojan triggers or payloads.
RTL002415,eb7243f5f935d4dfd06d096c16fce11282e9f6997661832d8fe1cf9372d7ec2d,Clean,1.0,The provided Verilog code does not contain any malicious hardware trojan triggers or payloads.
RTL002416,7592d5e2620f85539b849de0c3e8ba5888faa381e48d8bebd54b79e09c3d73e7,Clean,1.0,The provided Verilog code does not contain any malicious hardware trojan triggers or payloads.
RTL002417,624114c522f5e21fbdbd474aae0cd66fce18908f5937a711c6b18760d7f1f397,Clean,1.0,The Verilog code does not contain any malicious hardware trojan triggers or payloads.
RTL002418,81f8bc8e5cb47294e6cd265023e614abe533af8e46d2d1a8bb6dfe8809fce9d7,Clean,1.0,The provided Verilog code does not contain any malicious hardware trojan triggers or payloads. It is a simple placeholder for the open-source views and does not include any sensitive information or functionality that could be exploited to create a hardware Trojan.
RTL002419,3078741a8ad1684b3483a3b4feac37be0781e273896eeecc89d8096770d39ee7,Clean,1.0,The provided Verilog code does not contain any malicious hardware trojan triggers or payloads.
RTL002420,b89717f9d5828fbd66dbc22cffaae67dee363d70462cadd9838a7f9237898c84,Clean,1.0,The provided Verilog code does not contain any malicious hardware trojan triggers or payloads.
RTL002421,f322a5c9e1472b93ec8a28b08de50d4928f602b794e89bb981758019a74411de,Clean,1.0,The Verilog code provided does not contain any malicious hardware trojan triggers or payloads.
RTL002422,00d0fa2a9091b7e9c5ca16f68ec98c5580963ab78f042f18c6593d8fb91c80b6,Clean,1.0,The Verilog code does not contain any malicious hardware trojan triggers or payloads.
RTL002423,9de706eac45288fc069b43a4fd524aad7a59dca12192e3b45eaa1805e76c28f0,Clean,1.0,The provided Verilog code does not contain any malicious hardware trojan triggers or payloads.
RTL002424,b6dcdb140f7ab5771a594ab63c12fc8def0bdefff48ee3234ebcdb292eadd3e7,Clean,1.0,The provided Verilog code does not contain any malicious hardware trojan triggers or payloads.
RTL002425,8afad3e1ac266bab7d827a816b0583f9a2572bc5523e3678e3532208b556176b,Clean,1.0,The Verilog code does not contain any malicious hardware trojan triggers or payloads.
RTL002426,d9574e61b80f587d0397078cfc4867214666d03c34c66abf68804a3409e78db4,Clean,1.0,The Verilog code does not contain any malicious hardware trojan triggers or payloads.
RTL002427,0af946464d71af941c48b640e9a573953aa9cb3060f8725eb397d6e00f42c8f0,Clean,1.0,The Verilog code provided does not contain any malicious hardware trojan triggers or payloads. It is a simple always-on clock module that follows standard practices for generating and validating clocks.
RTL002428,a0db12d03b6b8d0895e72f508d6d7d7ff9dc143102fe9d4dc1d391d4d3a28622,Clean,1.0,The Verilog code does not contain any malicious hardware trojan triggers or payloads.
RTL002429,027bf25a87268ceb50d0e28d7be187086d94d2324650f9c6b0845a0d4dc2dc6e,Clean,1.0,The Verilog code does not contain any malicious hardware trojan triggers or payloads.
RTL002430,039b3c3968b85c1cca43ce6f577695e1d2762ec7ce8545ceebfdc14ec8689433,Clean,1.0,The Verilog code provided does not contain any malicious hardware trojan triggers or payloads. It is a simple alert module that handles the transmission of alerts between different components in an AST system.
RTL002431,35e4df73f7b2d9e0097a00b350e7ea5b1f9f64cf07a93483314305c533f8036b,Clean,1.0,The Verilog code does not contain any malicious hardware trojan triggers or payloads.
RTL002432,37b69dbffdab2df268879b4ef1e63a48b78e5daea120bf7d820eb6000687f50b,Clean,1.0,The provided Verilog code does not contain any malicious hardware trojan triggers or payloads. It is a clean and functional package for AON-Main domain communication.
RTL002433,11f88b72707e10d8416dda58b7da6e85cdb992e0b2e602fc6b5edcab252522b7,Clean,1.0,The provided Verilog code does not contain any malicious hardware trojan triggers or payloads.
RTL002434,dbe19e9dc6fe32b51872cf83fa0521f9351eef69366b8e2a3f012fdc8e2d1132,Clean,1.0,"The Verilog code does not contain any malicious hardware trojan triggers or payloads. It is a self-sufficient module that bypasses the external clock path in the AON power domain when main domain is powered down, ensuring internal oscillator selection regardless of control signals."
RTL002435,fc6afd8168ee5e4450e3983671d9df722fbc6f9601d880840ae428341c9f4f84,Clean,1.0,The Verilog code does not contain any malicious hardware trojan triggers or payloads.
RTL002436,5c2ee8f57d0e4f929415917c34562837883e34ad498f4eac8a5ec8e1466c349e,Clean,1.0,The Verilog code provided does not contain any malicious hardware trojan triggers or payloads. It is a simple DFT module that outputs specific signals and has no security vulnerabilities.
RTL002437,9d710c62e7452800d37467576575a6c2657796ee892adbf35287520310299190,Clean,1.0,The Verilog code does not contain any malicious hardware trojan triggers or payloads.
RTL002438,c65776e807e5fc1e78ad3ab94e590b82e055ea06c00e2020b3aff5063a029a6d,Clean,1.0,The Verilog code does not contain any malicious hardware trojan triggers or payloads.
RTL002439,3fde6f28b8d605257152e41c24359affba948d6e1cbd95271e1b091597b5bec9,Clean,1.0,The provided Verilog code does not contain any malicious hardware trojan triggers or payloads.
RTL002440,b8f8d71f08e6eb1ce61a40897281f67423c5549ce40e4ea2674f155b1f31e0de,Clean,1.0,The Verilog code does not contain any malicious hardware trojan triggers or payloads.
RTL002441,504aed6bb13ed7e60dc909b264e2563a030d862415ce2fb50f7b70b08be89ff9,Clean,1.0,The Verilog code does not contain any malicious hardware trojan triggers or payloads.
RTL002442,0850fb063ca7d95ce4c2a1e13dfdc0d609ab76ab2f32972b78eb1f748e1ac0ae,Clean,1.0,The Verilog code provided does not contain any malicious hardware trojan triggers or payloads. It is a simple device entropy generator that uses a LFSR to generate random data at the ES clock and outputs it on the dev_data_o signal.
RTL002443,eb8873176e556a4cfc3878975fe6739384cff092d35837e0280514572b41598d,Clean,1.0,The Verilog code provided does not contain any malicious hardware trojan triggers or payloads. It is a simple clock generation module that follows best practices for clock design and does not include any suspicious logic or timing hazards.
RTL002444,867c0133cb9a8077b172c35d4495af738f697e291473aeb25edd6079916a240a,Clean,1.0,The Verilog code does not contain any malicious hardware trojan triggers or payloads.
RTL002445,c11b0c20fd684ad173e4b335a0bf506df52385932a5a24986493774fdc224573,Clean,1.0,The Verilog code does not contain any malicious hardware trojan triggers or payloads.
RTL002446,e636204f9be7e183757a41160beb93077c2645f081863d726fcaa47624847288,Clean,1.0,The Verilog code does not contain any malicious hardware trojan triggers or payloads.
RTL002447,633df16141dc4412a042476ef7342f43efbb6245b2d51c82c32177a3df528dba,Clean,1.0,The provided Verilog code does not contain any malicious hardware trojan triggers or payloads. It is a simple clock generation module that follows standard practices for generating system clocks and validating them.
RTL002448,670f81af4e518fed1007f574fd213af7a0fcbb07c874932ff2f4c6ee0ab18923,Clean,1.0,The Verilog code does not contain any malicious hardware trojan triggers or payloads.
RTL002449,70844935307f4edb28062a16eef381f6424d578045cffb186246df4f73af001f,Clean,1.0,The provided Verilog code does not contain any malicious hardware trojan triggers or payloads.
RTL002450,76ca75c729dfc9d863dc06bf5c22a15a8ee9aec1baa5613bfccea41e6f5a769a,Clean,1.0,The Verilog code does not contain any malicious hardware trojan triggers or payloads.
RTL002451,86779350f2b5b9505fd80c5c4ee7a597566f76ca2a246bcea0b6fa74c6da5888,Clean,1.0,The Verilog code does not contain any malicious hardware trojan triggers or payloads.
RTL002452,14da0463b1a89e67aacbd30ffbd7b8b84b4e7f2277424dacbe94b3857b789533,Clean,1.0,The Verilog code provided does not contain any malicious hardware trojan triggers or payloads.
RTL002453,dfc998c251aefa9cb621f10f39947c7feaa3464c1997d7afe5a99d88c24c47aa,Clean,1.0,The Verilog code does not contain any malicious hardware trojan triggers or payloads.
RTL002454,6478b44a6d5f32d255391012c78ae21a7e734bff998fd0a2433fbed87f7e1b14,Clean,1.0,The provided Verilog code does not contain any malicious hardware trojan triggers or payloads.
RTL002455,320b4e8fa360c306f8671edb95aec0afd72ec5e45324491ddbda8c9dd1427eac,Clean,1.0,The Verilog code does not contain any malicious hardware trojan triggers or payloads.
RTL002456,9dc4023035814e153e07392cea6dc55e5ece5e73505f0e58f85058919d8dbd36,Clean,1.0,The Verilog code does not contain any malicious hardware trojan triggers or payloads.
RTL002457,f545eca297cda1fdd187aaa229cda132cc187d404f7bde47d102c69160d8531a,Clean,1.0,The provided Verilog code does not contain any malicious hardware trojan triggers or payloads.
RTL002458,99bace7952b3f3895c7a7408451ee086b317f8b763dee65b5866804b93079cc2,Clean,1.0,The Verilog code provided does not contain any malicious hardware trojan triggers or payloads.
RTL002459,d1ac58033df65b741e70f3652e424bb3f940ef34251e382904c3a564471a8b89,Clean,1.0,The provided Verilog code does not contain any malicious hardware trojan triggers or payloads.
RTL002460,7f7fab1dbae18ea9aa2a782ff45687bbeb01098014ca954e8f92294eabbbc94a,Clean,1.0,The Verilog code does not contain any malicious hardware trojan triggers or payloads.
RTL002461,606de5ab09ccd33d541974815054b7d72722a57ec96f46446ce89b5318a13da8,Clean,1.0,The provided Verilog code does not contain any malicious hardware trojan triggers or payloads.
RTL002462,23dbfbc1a309c817fa1f1ffa27ed7056cf8d952247527b6ae41393cc3ea7208c,Clean,1.0,The provided Verilog code does not contain any malicious hardware trojan triggers or payloads.
RTL002463,8419e21f637f2da5db11ab0f448b0208af616393519c7d09d52a710274304504,Clean,1.0,The provided Verilog code does not contain any malicious hardware trojan triggers or payloads.
RTL002464,5a1f63f72f27a002dba5cd641c9ba687ffd4268dfb1fe66b1295de9a1c3beeed,Clean,1.0,The Verilog code does not contain any malicious hardware trojan triggers or payloads.
RTL002465,4e186b6abf0cfb2723eeac272265b8384ba100ebdd32a1af723b14af47c5a5bc,Clean,1.0,The Verilog code does not contain any malicious hardware trojan triggers or payloads.
RTL002466,f9b0d6fcfbe1bc78a520f65067bc87370f4ca61ac927ee5c097fb711bf134121,Trojan,0.9,"The Verilog code contains several malicious hardware trojan triggers and payloads, including timebombs, specific sequence counters, and cheat codes. These include the use of `shadow_busy` as a trigger for an alert handler, the presence of unused signals like `unused_wdata` and `unused_be`, and the assertion that `reqParity` is always true."
RTL002467,7e94d794a72e180b4c39e6b2b275bbfd34b7ff3156d9685779f5cf7594552a80,Clean,1.0,"The provided Verilog code does not contain any malicious hardware trojan triggers or payloads. It is a simple clock manager coverage bindings module for multi bus input, which appears to be a standard design used in digital systems."
RTL002468,0a51f66ec700ac08bf678820a7f3df059f58a4f47ce4a4c833df5bfeb43f43cb,Clean,1.0,The Verilog code does not contain any malicious hardware trojan triggers or payloads.
RTL002469,03497607df6305ea22425ee77a29f564780601fbd4207f8615dbf68ef9e0ded2,Clean,1.0,The Verilog code does not contain any malicious hardware trojan triggers or payloads.
RTL002470,b88134d0337cb5bf363f2c1c1cc90a22b60f9a62ba593648e2c643588e3960c6,Clean,1.0,The Verilog code does not contain any malicious hardware trojan triggers or payloads.
RTL002471,525ab337d0bfe877a22b276c7b9bbc70e989dba1c4cb688c1c09b53f53e3b25e,Clean,1.0,The Verilog code does not contain any malicious hardware trojan triggers or payloads.
RTL002472,d6c9e7b9a2cccd8f3311f2176c9fc50d7d34cfbb36bd8bc0de8d0ee77de9c634,Clean,1.0,The Verilog code does not contain any malicious hardware trojan triggers or payloads.
RTL002473,663c4b793fa16cea511a0957bc368d51d2a7b53ad3f8f029a366cd8b30c128ab,Clean,0.95,The Verilog code does not contain any malicious hardware trojan triggers or payloads.
RTL002474,3d39eaca3150e56400c20d0daa9d91e1bc5dc2a7d681123a5f63fd5b482828be,Clean,1.0,The Verilog code does not contain any malicious hardware trojan triggers or payloads.
RTL002475,199c73438e8a2bbe28fe33b0d36ad07e61a8742cc461f9ce37f2ddbdfd8c31fa,Clean,1.0,The Verilog code does not contain any malicious hardware trojan triggers or payloads.
RTL002476,7977b0511388b61926cc0a461e9832ee23cd2775100e5484ac97a7c48542a26f,Clean,1.0,The Verilog code does not contain any malicious hardware trojan triggers or payloads.
RTL002477,8a31d0cb00b7ab95deab72f2b2130e1e279b677ef12a7af1802e135dc7174719,Clean,1.0,The Verilog code does not contain any malicious hardware trojan triggers or payloads.
RTL002478,43c57766e7864435353a7522da40058c3a0a0f8c553fc526644a0a07d6e3ba29,Clean,1.0,The Verilog code does not contain any malicious hardware trojan triggers or payloads.
RTL002479,f9024f968bbb8e662b81761cb78c0dd6e533ceda694311ec2db6a25d2272f671,Clean,1.0,The Verilog code does not contain any malicious hardware trojan triggers or payloads.
RTL002480,f00df87ebdd152470ca4ca911fea0efcea5158c84fe570107b98d86853c48303,Clean,1.0,The Verilog code does not contain any malicious hardware trojan triggers or payloads.
RTL002481,c82e8098df26900a5c9ef3250c633d3310a203136d93524f839c65dff61aaee7,Clean,1.0,The Verilog code does not contain any malicious hardware trojan triggers or payloads.
RTL002482,b8bc6b96686dc085eb16c766d165d345f09aafc417e696388df9640b0251c9ff,Clean,1.0,The provided Verilog code does not contain any malicious hardware trojan triggers or payloads.
RTL002483,0032019dcf755f9e2fa012b9393a1db2554ff7d1c7ad18fba94f826784711ccf,Clean,1.0,The provided Verilog code does not contain any malicious hardware trojan triggers or payloads.
RTL002484,f511d39d2e1ddf45e8ada633ff4fe2ad17f3f8a60aa47f93835f26080e6f3ea5,Clean,1.0,The Verilog code does not contain any malicious hardware trojan triggers or payloads.
RTL002485,aa5989ddde0bb7cac9d91130881dcf4a837442b0b888a95d30c181ac3a87db10,Clean,1.0,The Verilog code does not contain any malicious hardware trojan triggers or payloads.
RTL002486,515145c9d29d0839a09e2e8be2462c1ad4267f23d51745d6080d2cd4ecd5f6cb,Clean,1.0,The Verilog code does not contain any malicious hardware trojan triggers or payloads.
RTL002487,c9344abd430371c8748d70a309af62d3d0d9713a5f32465e609bd011d4c3b716,Clean,1.0,The Verilog code provided does not contain any malicious hardware trojan triggers or payloads.
RTL002488,7a6d5ce7cca56a0d448f7a51785c7303cea66f684de149e9a090a923a38a0628,Clean,1.0,The provided Verilog code does not contain any malicious hardware trojan triggers or payloads.
RTL002489,a31ca8c79112ece6fa6385992d3cee8dd3e087b646fe3b0a11602988d51568f1,Clean,1.0,The provided Verilog code does not contain any malicious hardware trojan triggers or payloads.
RTL002490,fc04207ba7c3bfb180367ff948998fe29a20d7b4df79724e1a4cb2042720ba4e,Clean,1.0,The provided Verilog code does not contain any malicious hardware trojan triggers or payloads.
RTL002491,040e9dc39e8302ab2f2b47507c83e48e971366c21df69e7eaee1598b5a2cd857,Clean,1.0,The provided Verilog code does not contain any malicious hardware trojan triggers or payloads.
RTL002492,39787cda3cb5e642ee9a8861d5786de483303ae18daab65bcb025ef78ce10415,Clean,1.0,The Verilog code does not contain any malicious hardware trojan triggers or payloads.
RTL002493,c6e7a76ec9858570383ba209fe051fa5ebe559382617b9455f8fd2459d221e50,Clean,0.95,The Verilog code does not contain any malicious hardware trojan triggers or payloads. It is a clean design that follows best practices for hardware security and verification.
RTL002494,7fb2a417f4ec9bbd48f6c9400ba51f0c0dc987107669331c02e636054db722ee,Clean,1.0,The provided Verilog code does not contain any malicious hardware trojan triggers or payloads.
RTL002495,51226112514adc5dba0dd5c8f02c622ac0c1a0411ee10eb6f750e64ab2e2ef1f,Clean,1.0,The Verilog code does not contain any malicious hardware trojan triggers or payloads.
RTL002496,46c2340862925597073e346790e7b58c2800265c907a92c253eaadfd032d5615,Clean,1.0,The Verilog code does not contain any malicious hardware trojan triggers or payloads.
RTL002497,8b71a1750d44b2dab05de1d143774147f4cd527ff6f479c58623d0c629deb8cc,Clean,1.0,The Verilog code does not contain any malicious hardware trojan triggers or payloads.
RTL002498,c8d82136a190f655cc7a360c7f48c2e24e3bfdb080df5b81f5cbf30446936a9a,Clean,1.0,"The provided Verilog code does not contain any malicious hardware trojan triggers or payloads. It is a simple module that binds different interfaces to the power manager, but it does not include any logic that could be used for such purposes."
RTL002499,3ab1307d76886a3de653b0ad315a4de32801b57440e71be3a7ef3292e5be3787,Clean,1.0,The Verilog code does not contain any malicious hardware trojan triggers or payloads.
RTL002500,2816666a34896d2ad592fe9174c1a7f8a48ba251350888d6e47116e38908af6a,Clean,1.0,The provided Verilog code does not contain any malicious hardware trojan triggers or payloads.
RTL002501,01ddadb8bc6cc0483d40170ecccf76b1b82556f08e5457b4ad51a154246c9021,Clean,1.0,The Verilog code does not contain any malicious hardware trojan triggers or payloads.
RTL002502,2a9218086a465c9b46d0e5cda8ede93bec59d588acdf2af999ae94d2c5ffb8d4,Clean,1.0,The Verilog code does not contain any malicious hardware trojan triggers or payloads.
RTL002503,b756616b86c61316bc64b6267c046531be7d609f7ec7d31f2193f21587a63054,Clean,1.0,The Verilog code does not contain any malicious hardware trojan triggers or payloads.
RTL002504,201771fec01d32e8f3850d104bbb4e7696f14d97370debe63b053416a6d5d17d,Clean,1.0,The Verilog code does not contain any malicious hardware trojan triggers or payloads.
RTL002505,47597daeec89f4bcbd021294fefb08bd83421921b6894c6ec65368852b3fea14,Clean,1.0,The Verilog code does not contain any malicious hardware trojan triggers or payloads.
RTL002506,4d47154f92e22b3e8e1e5ca0551b9a6373ec1ead6b3e21d7fa952a4ef1127e0c,Clean,1.0,The Verilog code does not contain any malicious hardware trojan triggers or payloads.
RTL002507,8fd6807653793a2f6b239069a7874f4e06f28ff72fe794c442dbb5ce2d5e322d,Clean,1.0,The Verilog code does not contain any malicious hardware trojan triggers or payloads.
RTL002508,4117a55a1c7167b082e87f2961f65cbf31453162ee63ef1b4b01ea11fa48807c,Clean,1.0,The Verilog code does not contain any malicious hardware trojan triggers or payloads.
RTL002509,7093c82d5f0bea0f851cf6014225d8ca37f9a1a894906664909c0e209583a548,Clean,1.0,The Verilog code does not contain any malicious hardware trojan triggers or payloads.
RTL002510,52294964c14676387948d767c19ee1fbc732cc32160ae47b7f387973f20b586b,Clean,1.0,The provided Verilog code does not contain any malicious hardware trojan triggers or payloads.
RTL002511,d551397ac8d7fe6ab307759e771d789ce52d7762460f5f4950da380c00bc2e02,Clean,1.0,The Verilog code does not contain any malicious hardware trojan triggers or payloads.
RTL002512,327b6e6555c5671347bc276296250169a287b25d938875d9d2ffb9568865f2f2,Clean,1.0,The provided Verilog code does not contain any malicious hardware trojan triggers or payloads.
RTL002513,2c04ab7797dd2286cbc32ec997c9320023add8f03d10dd2b40a8c496159cb93f,Clean,1.0,The Verilog code does not contain any malicious hardware trojan triggers or payloads.
RTL002514,66ee180b38c0896b8b3e72d17c44ea2990baf17880d9e9b8bb699351b8384104,Clean,1.0,The Verilog code does not contain any malicious hardware trojan triggers or payloads.
RTL002515,5b80059eb6e52eec0e6f7e842103ca9da142de25737dda41c96e40cc12916748,Clean,1.0,The Verilog code does not contain any malicious hardware trojan triggers or payloads.
RTL002516,df5c4ad852a12d9cc1c1ac77bf793d4fef5afe8e3b80ce30a9ce9c0797a1e4a3,Clean,1.0,The Verilog code does not contain any malicious hardware trojan triggers or payloads.
RTL002517,a77361d4881c5b960ec07120538db16b11cda730470538bcbec567f4dd948e32,Clean,1.0,The Verilog code does not contain any malicious hardware trojan triggers or payloads.
RTL002518,da8c1629c8bc6b665beb077d1e53785e81208604c9973532e2804b94adf0a0cf,Clean,1.0,The Verilog code does not contain any malicious hardware trojan triggers or payloads.
RTL002519,92dab8778ae75d7f05bc30f9f5f9a90eb2f794536280c8e10fc4b2b63f61e5ee,Clean,1.0,The Verilog code does not contain any malicious hardware trojan triggers or payloads.
RTL002521,54dfb921a308866cae7fd585e8dd473ea9c8775c58bff9781697f4a08ae707ec,Clean,1.0,The Verilog code does not contain any malicious hardware trojan triggers or payloads.
RTL002522,7cb59421ed6922d967c9d9c12991dc0f3c86881ce47fbdf0975aa91e6a79a00d,Clean,1.0,The Verilog code does not contain any malicious hardware trojan triggers or payloads.
RTL002523,2266a1b087cfb77fd833ac7a2adf0edff15e1b197df909930c157c40f66e366b,Clean,1.0,The Verilog code does not contain any malicious hardware trojan triggers or payloads.
RTL002524,3a36cf242fe230255fb3d112b41d49683d27a036c42ac77083decb2f2b828c78,Clean,1.0,The Verilog code does not contain any malicious hardware trojan triggers or payloads.
RTL002525,960404e546f4a242bc3b5c68a3d154bacbe6b74cf3a8b93666d08842cea64120,Clean,1.0,The Verilog code does not contain any malicious hardware trojan triggers or payloads.
RTL002526,dba7f7723771311bc54b52899a8d936783c13915119148927c416ed2f12be53b,Clean,1.0,The Verilog code does not contain any malicious hardware trojan triggers or payloads.
RTL002527,a587306f70626676e35c4827856683dbe2159833c5da6ced14eb0a3f39d332ee,Clean,1.0,The provided Verilog code does not contain any malicious hardware trojan triggers or payloads.
RTL002528,60afcc8f67111ae81aec451dff3e0ca24d4ca2757ff77627221dddcaf7126310,Clean,1.0,The Verilog code does not contain any malicious hardware trojan triggers or payloads.
RTL002529,fedb04a138a167c2d60d01c4fae69b1d148c17480c588e0ad7bd27626b179f81,Clean,1.0,The Verilog code does not contain any malicious hardware trojan triggers or payloads.
RTL002530,69c4c60a6fb0b65a67ec513c8b2b93fe66afe5ca0a0645fd2c99ed9293cfa2ab,Clean,1.0,The provided Verilog code does not contain any malicious hardware trojan triggers or payloads.
RTL002531,6e6232b00b1cc2739a12970af66699061e3a928300859dbf330a5dbeeca8ca22,Clean,1.0,The provided Verilog code does not contain any malicious hardware trojan triggers or payloads.
RTL002532,4e32c34ae9f064496f64a93f8f41f7c9b502461b4233f68281d272f2664851fd,Clean,1.0,The provided Verilog code does not contain any malicious hardware trojan triggers or payloads.
RTL002533,bac588a9f641d1eb1cb558387f154a6ba669296162db32e4e5d353eee69c441f,Clean,1.0,The Verilog code does not contain any malicious hardware trojan triggers or payloads.
RTL002534,64887c51428b788b6f284da9efab89abeb52fddd05a4ce9102d7bd69be71bc43,Clean,1.0,The Verilog code does not contain any malicious hardware trojan triggers or payloads.
RTL002535,ff2c7e07ec9c856a567ee091b45aba29176fbfeb23bc343c02d11418e20cdfa4,Clean,1.0,The Verilog code provided does not contain any malicious hardware trojan triggers or payloads.
RTL002536,ae20e84ff0a7acf88850f2946fa457b68bc8e1a11e3c7e42476f660e5ec3305a,Clean,1.0,"The provided Verilog code does not contain any malicious hardware trojan triggers or payloads. It is a clean implementation of the JTAG IDCODE for two different TAPs, with specific part numbers and versions."
RTL002537,9a9be2d950290ef7c05d39eb942ac860dfa383f95c6eb761fa4b203390b50fad,Clean,1.0,The provided Verilog code does not contain any malicious hardware trojan triggers or payloads.
RTL002538,60afa03552f1873861963ac13cd520e8c3d1524a8393334aa8390ad6756fda1a,Clean,1.0,The Verilog code does not contain any malicious hardware trojan triggers or payloads.
RTL002539,b8267211f9af8cdc0ad9284239a2a945038c3315f52edc7f9bf0b9c258f0779e,Clean,1.0,The Verilog code does not contain any malicious hardware trojan triggers or payloads.
RTL002540,ad676007327c439005a2fdacea8d9cbd26bbe042423e2695034352c51155b24f,Clean,1.0,The provided Verilog code does not contain any malicious hardware trojan triggers or payloads.
RTL002541,e3852ab47fbe7015e309aa79190db52bc16eb21df9d73d8f08116962bf5cdb87,Clean,1.0,"The provided Verilog code does not contain any malicious hardware trojan triggers or payloads. It is a simple package definition for the top-level module in an OpenTitan project, with no suspicious constructs."
RTL002542,ec39e5d9fb4e5a56eeb0399ea66be3091c4307e246002949f6c3aff71bdd2485,Clean,1.0,"The provided Verilog code does not contain any malicious hardware trojan triggers or payloads. It is a simple module that interfaces with the USR_ACCESSE2 IP core from lowRISC, which appears to be a standard interface for accessing information on an FPGA."
RTL002543,899cc29be8f6a91715131fad1605a44c679f21e1c01563adf6fead7acb256410,Clean,1.0,The provided Verilog code does not contain any malicious hardware trojan triggers or payloads.
RTL002544,c60bb3b08e509cc55b2db5e7cce28ebc1ddf3fd0bb81409aa960259e430d9c7b,Clean,1.0,The provided Verilog code does not contain any malicious hardware trojan triggers or payloads.
RTL002545,6e287c5e313a9abd54cd38529ab5947559da2085aebb5a9582cb129cff4bd0be,Clean,1.0,The provided Verilog code does not contain any malicious hardware trojan triggers or payloads.
RTL002546,1ebe86822ed43930357706734898fdf8697b0f0c294faade6742003a5d843461,Clean,1.0,The provided Verilog code does not contain any malicious hardware trojan triggers or payloads.
RTL002547,4718299e71a47c25b30cddc5785273fc7ad4fe87d63093eeb16353ae3b7feb17,Clean,1.0,The Verilog code does not contain any malicious hardware trojan triggers or payloads.
RTL002548,bb9e849c22ee8f1721eaf6e36edd42c5f7af22cf060d8c21ecbd2ab10b19ebc5,Clean,1.0,The provided Verilog code does not contain any malicious hardware trojan triggers or payloads.
RTL002549,4b8dcc72213860feaf2b8bc385274028fa09f461712926df3a73bd392519ab7c,Clean,1.0,The provided Verilog code does not contain any malicious hardware trojan triggers or payloads.
RTL002550,3abf9eca12980f1be4b2fdde927e3293c6e9c3989a94af632182bcda6052d345,Clean,1.0,The provided Verilog code does not contain any malicious hardware trojan triggers or payloads.
RTL002551,7ecb64052930f7a9b4098af7d0e65c1a2f2e3513693bc19df94e48dd013e8b6e,Clean,1.0,The Verilog code does not contain any malicious hardware trojan triggers or payloads.
RTL002552,78d7c070c4dcd5595344e37e473d7a71d531478545a85be042fca9b9e16e179a,Clean,1.0,The provided Verilog code does not contain any malicious hardware trojan triggers or payloads.
RTL002553,76858e5d32d1903a9ac278d50179d29e58c320e0effc7e995ea0659c50636e59,Clean,1.0,The Verilog code does not contain any malicious hardware trojan triggers or payloads.
RTL002554,9729e081d37182acf5cc79fb854272cdc8b1dd57105acda78b1c37655ce27c86,Clean,0.95,The Verilog code does not contain any malicious hardware trojan triggers or payloads.
RTL002555,94643325daf94472d5edf80e995396362765d08168dfb845118178835f43a571,Clean,1.0,The Verilog code does not contain any malicious hardware trojan triggers or payloads.
RTL002556,9db627ffd97622afc100cd838b18331760ebf9122707a7c51dc9c0e81753ba17,Clean,1.0,The Verilog code does not contain any malicious hardware trojan triggers or payloads.
RTL002557,dda27408701f711f27d20e0acdc6455213a6006e7959dc3c883992f9c2ac6f46,Clean,1.0,The Verilog code does not contain any malicious hardware trojan triggers or payloads.
RTL002558,d1201847b725fc08f29aa03f456664b5faf7f8ef44bcc2660c486c5928f9f5a7,Clean,1.0,The Verilog code does not contain any malicious hardware trojan triggers or payloads.
RTL002559,8fcd5859147732b1c673f3411778a1c782be8047c926626a11bd593f283346cb,Clean,1.0,The Verilog code does not contain any malicious hardware trojan triggers or payloads.
RTL002560,e6817c9d194761b2e07409d6beefa5fe810b7e2c2dddf2892c6509a43e3dc9e6,Clean,1.0,The Verilog code does not contain any malicious hardware trojan triggers or payloads.
RTL002561,374821f8a72f27b77c0d601aaf412ae92953d2bee80d60c9a0b7bfb168298045,Clean,1.0,The Verilog code does not contain any malicious hardware trojan triggers or payloads.
RTL002562,59628085bfbcc32b212bcfa0c656bc1d5f77298a1bf3ff0bfd452c83f7802308,Clean,1.0,The Verilog code does not contain any malicious hardware trojan triggers or payloads.
RTL002563,1048d2836b364fc9048689aac080c96310ee93e49f6d3c9f73c6605ec3b22106,Clean,1.0,The Verilog code does not contain any malicious hardware trojan triggers or payloads.
RTL002565,9222de6b0483e2d8fd40b06d7d569feee3815c93cfb08f149395ccd0069ecdf6,Clean,1.0,The provided Verilog code does not contain any malicious hardware trojan triggers or payloads.
RTL002566,49d58db271fc5f7eab7deea533bbacc8eeec4e9f776c540f2427b72a062788bc,Clean,1.0,The Verilog code provided does not contain any malicious hardware trojan triggers or payloads.
RTL002567,8fadeac3c08b3173913daed03675e2f0f9e14eebacfd87e9b83127c2b3845afa,Clean,1.0,The Verilog code does not contain any malicious hardware trojan triggers or payloads.
RTL002568,85e3f91498ef888d6cf7f3e2a355fbb97049ba28ba2003752bf333e86f232082,Clean,1.0,The provided Verilog code does not contain any malicious hardware trojan triggers or payloads. It is a clean and functional design for the RSTMGR module in the OpenTitan project.
RTL002569,68149f5c46a97e9aa1ece50667d476c72e0e6b05e978cefcf81a958313a27d37,Clean,1.0,The Verilog code does not contain any malicious hardware trojan triggers or payloads.
RTL002570,ac0712d0f8144dd32f2c23ea92d25a23b471ff60cbf4264ef57cba3fff2bc5d0,Clean,1.0,The Verilog code does not contain any malicious hardware trojan triggers or payloads.
RTL002572,87e9907197f107ce3d901aa2f78b0ac429902f7c7866b3859af660c7ba1417e1,Clean,1.0,The Verilog code does not contain any malicious hardware trojan triggers or payloads.
RTL002573,8c075f8bce13325e0e037ad5112ba79f8b67915043a2161c33d54c9751a496d9,Clean,1.0,The Verilog code does not contain any malicious hardware trojan triggers or payloads.
RTL002574,c39e1150f0d833741b1ca790b677eef0115a770f04bb0beddd0f640bc714f58c,Clean,1.0,The Verilog code does not contain any malicious hardware trojan triggers or payloads.
RTL002575,0f33323ab33ae0b271171cee58ee284f900c3bb8d7d0f7d1fdb445cd4614915e,Clean,1.0,The Verilog code does not contain any malicious hardware trojan triggers or payloads.
RTL002576,814d713b4c7f850ef4d964bcb681bb678e555544f0bdc95db89917e8195e579f,Clean,1.0,The Verilog code does not contain any malicious hardware trojan triggers or payloads.
RTL002577,5f3ca85be2ea3986e103d2cc81c7370c5dc0a79193b5862b32f02da22d957428,Clean,1.0,The Verilog code does not contain any malicious hardware trojan triggers or payloads.
RTL002578,952446337f9adb6866672775b2eb8b751eeaf1166e9f10f37e93cb3ce3fa7190,Clean,1.0,The provided Verilog code does not contain any malicious hardware trojan triggers or payloads.
RTL002579,cc423fbc27230d1b4222928e9be9ec65579057055c20bef9bf25b36403d3ab7f,Clean,1.0,The Verilog code does not contain any malicious hardware trojan triggers or payloads.
RTL002580,ccc9fc23f85e3a8aa9003f452fc61c4a8d96acaed846792df071deae389573ff,Clean,1.0,The provided Verilog code does not contain any malicious hardware trojan triggers or payloads.
RTL002581,227b75c75d31a91464a3e94db79ecd0e55b353f1521b9ab77ece15c48e6622c5,Clean,1.0,The provided Verilog code does not contain any malicious hardware trojan triggers or payloads.
RTL002582,1c0c981ac296e1d1eb265c7ba734b5fcc98b0cfad0db5552b670914061962b42,Clean,1.0,The provided Verilog code does not contain any malicious hardware trojan triggers or payloads.
RTL002583,f0a96ad37a26f58364e288cdc09c4189ab96a794efc430ee75bfed52887cd380,Clean,1.0,The Verilog code does not contain any malicious hardware trojan triggers or payloads.
RTL002584,2276d9ce7f7b51d93988f0cadc0fb39902914c102f936a11043620409cff8c23,Clean,1.0,The Verilog code does not contain any malicious hardware trojan triggers or payloads.
RTL002585,bb140b4207bc248bfcf367a4ce1a35e423cf8a1eadffd36895916507c7a5e267,Clean,1.0,The Verilog code does not contain any malicious hardware trojan triggers or payloads.
RTL002586,5f1bbe9ccaee36481cc85d178c6a8a9e41627ec06d1831bdc3efeff3d73d6094,Clean,1.0,The Verilog code does not contain any malicious hardware trojan triggers or payloads.
RTL002587,d1e65550ec3e9b456517d69e348123c0295e0d8ba00303b4b615ccf79d98bf5e,Clean,1.0,The Verilog code does not contain any malicious hardware trojan triggers or payloads.
RTL002588,9b0d0d58ca48fb9ce0a65b606a86224755dd91a7a453c94f6e885a00c9d87c24,Clean,1.0,The Verilog code does not contain any malicious hardware trojan triggers or payloads.
RTL002589,b43c85a8a0fb2dbd9b61d47c1c115d828424cc3c596b84f348adff21261a54c6,Clean,1.0,The Verilog code does not contain any malicious hardware trojan triggers or payloads.
RTL002590,ac77c66ca8b525ca9dcc40b7d685780e16f6905f43a6b4c56ad79929a32b2fb6,Clean,1.0,The provided Verilog code does not contain any malicious hardware trojan triggers or payloads.
RTL002591,b8bf5e8a9ce929d7284f9332e5130b27c0a6ead14d7d0ba85c2b56884b124e1d,Clean,1.0,"The Verilog code provided does not contain any malicious hardware trojan triggers or payloads. It is a simple bootrom that maps addresses to data in the memory array `mem`. There are no timebombs, specific sequence counters, cheat codes, or other malicious activities present."
RTL002592,8ac28d3d60c4620660047551b29ee076bdde734c1eeb95330ef17e288343dc9e,Clean,1.0,The Verilog code provided does not contain any malicious hardware trojan triggers or payloads.
RTL002593,ffdf8efff1f823d827e7adae326e296da1bdca84a9e4ee7b25e4ceb4e1b9823e,Clean,1.0,The Verilog code provided does not contain any malicious hardware trojan triggers or payloads.
RTL002594,962618f7f9e2305e0cddfc1039ef28a7d7395c01b5c932406e205d07e81c4dcd,Clean,1.0,The Verilog code does not contain any malicious hardware trojan triggers or payloads.
RTL002595,744d5c347f3e5dfb806a1becde8bc45be477c441fd6b686622d303a890e077ac,Clean,1.0,The Verilog code does not contain any malicious hardware trojan triggers or payloads.
RTL002596,38f611084dc6f3079b982940095ff934898aaa8289b1d3bf6773f7f5763751bc,Clean,1.0,The Verilog code does not contain any malicious hardware trojan triggers or payloads.
RTL002597,632e63769832a9315a4951b29eee2783838103087eb75b934a74ef3a6baca7d7,Clean,1.0,The Verilog code provided does not contain any malicious hardware trojan triggers or payloads.
RTL002598,81ebaae86cc0f9c2df569840150fcbba90ba1b0679f1d89781d22d3f74795766,Trojan,1.0,"The provided Verilog code does not contain any malicious hardware trojan triggers or payloads. It is a clean implementation of the `dmi_jtag_tap` module, which replaces the functionality of `dmi_jtag_tap.sv`. The file is pin-compatible so that it can be transparently managed without relying on tick defines."
RTL002599,1adc32919f17e5714df8bd0264cb80db6512b15b194eb64eb77db945f60a4336,Clean,1.0,"The provided Verilog code does not contain any malicious hardware trojan triggers or payloads. It is a simple clock domain crossing module for JTAG to DMI, which is commonly used in embedded systems and microcontrollers."
RTL002600,1a5e1bf7b41dedd87628f25ab883ae56df59354abbcd979264e31d913ce31863,Clean,1.0,The provided Verilog code does not contain any malicious hardware trojan triggers or payloads.
RTL002601,682884ee70a0451309fe9d2864315a3e2b1dd5c9193291e311f81a1d4687e962,Clean,1.0,The Verilog code does not contain any malicious hardware trojan triggers or payloads.
RTL002602,14414d9ea992cf5f3d262c71a99b60de6102849c7de7ad9a3ca43f17b4a8a8a7,Clean,1.0,The Verilog code does not contain any malicious hardware trojan triggers or payloads.
RTL002603,9f97193988f6a40f90bc270d40267bd1f8b1be96206bbf7532aad4a8b01e13e6,Clean,1.0,The provided Verilog code does not contain any malicious hardware trojan triggers or payloads.
RTL002604,e56c8632b146a34b188ad161b6ccc4cf5445a2554f6445baad31c89bba6c3f9f,Clean,1.0,The Verilog code provided does not contain any malicious hardware trojan triggers or payloads. It is a clean and functional module for SystemVerilog assertions related to dm_csrs.
RTL002605,08346625272b1bb3a0632e32c3098aa73986c09190885dd2fbbbfb52d6e3b497,Clean,1.0,The Verilog code provided does not contain any malicious hardware trojan triggers or payloads. It is a clean and functional SystemVerilog module for system-level assertions related to the DM SBA (Direct Memory Access) protocol.
RTL002606,f3c9579d0ab8acbeca463a77d8f8a2c26daa874183ce3060dcc0ab61264674d0,Clean,1.0,The provided Verilog code does not contain any malicious hardware trojan triggers or payloads. It is a clean SystemVerilog module for system verification.
RTL002607,b224f601175eb385926455ed7efcfb847de4e2beadb154462d3a3003ee4c8162,Clean,1.0,"The provided Verilog code does not contain any malicious hardware trojan triggers or payloads. It is a simple JTAG simulation module that handles the timing and state transitions of a JTAG interface, but it does not include any logic for timebombs, specific sequence counters, cheat codes, or other malicious activities."
RTL002608,10f9519cc160f0d13babf37136e147fc243ec9aad592fac68387db4371623ca4,Clean,1.0,The Verilog code provided does not contain any malicious hardware trojan triggers or payloads. It is a simple bootrom module that loads a specific entry point into memory and handles address requests by indexing the memory array.
RTL002609,62e132dcc9c34ff809512e9dcf8e1e2a977b4f50063f0252289585ae271faaba,Clean,1.0,The provided Verilog code does not contain any malicious hardware trojan triggers or payloads. It is a simple RAM module that handles read and write operations to memory addresses.
RTL002610,ce60923b808ef9c1df2ec492d9e68000dd57b50592f617b5ae018ebeac1650fe,Clean,1.0,The provided Verilog code does not contain any malicious hardware trojan triggers or payloads.
RTL002611,5f92d22a293f687d4bfd415dbb7dad701a3926f865615091b9598ec5f09c0ae9,Clean,1.0,The Verilog code provided does not contain any malicious hardware trojan triggers or payloads.
RTL002612,10a9961df5f4e1df1df47b5760406ca5abb721739f96c5033232cad10b3ce241,Clean,1.0,The Verilog code does not contain any malicious hardware trojan triggers or payloads.
RTL002613,5ffa5e13ee0869cc682fa3672ec9d361efcc9ac3eac2aee7d628a574d1df8fdb,Clean,1.0,The provided Verilog code does not contain any malicious hardware trojan triggers or payloads.
RTL002614,286b1aeb18c7f05bb7c764d8aea4a883023c64ebdac5d7bb3eb4a4c889f03a76,Clean,1.0,The Verilog code provided does not contain any malicious hardware trojan triggers or payloads.
RTL002615,fb9bf81da149bec5a866885d60f1a9850f25ba1b7b2a53fae75412bfbfddf3f0,Clean,1.0,The provided Verilog code does not contain any malicious hardware trojan triggers or payloads.
RTL002616,1c6ae7b13d5d1efea1f5e259d13f60b6eef47602f3eac6b775784ac7cb41258f,Clean,1.0,The provided Verilog code does not contain any malicious hardware trojan triggers or payloads.
RTL002617,73f5fbeb0b103b0022e9f013bf2f4e09541d68c9684a9ec6e613b7969fd4e086,Clean,1.0,The provided Verilog code does not contain any malicious hardware trojan triggers or payloads.
RTL002618,7552e5237d6e85996d2a8e9a50ac6cbecc4f075716ee6c15225cfd80c7e21b23,Clean,1.0,The Verilog code does not contain any malicious hardware trojan triggers or payloads.
RTL002619,42f74361fe0e2925f60a032ecf20c70056b147181ff638613dca8fc2a1919ff7,Clean,1.0,The provided Verilog code does not contain any malicious hardware trojan triggers or payloads.
RTL002620,31f5623df02d78c973d7d945518e74d5f256ca0344d7d13072958239f68762ac,Clean,1.0,The Verilog code does not contain any malicious hardware trojan triggers or payloads.
RTL002621,7be82ba1b60920144899faf120f816fde1174993255c38e72527e4e626824381,Clean,1.0,The provided Verilog code does not contain any malicious hardware trojan triggers or payloads.
RTL002622,427fcdee65b083a153e1e9b0f9faeece0295e3e3f5b895cd10be5613f7f04b03,Clean,0.95,"The Verilog code does not contain any malicious hardware trojan triggers or payloads. It is a simple, functional module that manages core IDs and data transfers using AXI interfaces. The code includes basic reset logic and state management for mutexes, but it does not contain any timebombs, specific sequence counters, or cheat codes."
RTL002623,1380b7acb21e7f87f24448881a023c71c086f1dca52d74eae72b2f7fc7c75ebc,Clean,1.0,The Verilog code does not contain any malicious hardware trojan triggers or payloads.
RTL002624,5261acd33c49183834a3e1a1226302115f0b0c2f723e03bc6b79ca3e038f3e42,Clean,1.0,The Verilog code provided does not contain any malicious hardware trojan triggers or payloads. It is a simple single-ported SRAM module with basic functionality for reading and writing data to memory locations based on the address provided.
RTL002625,b82fa55d005efcfc1bf0dedfcce7b1bce9727f508479e6ee0b563cc727156bcb,Clean,1.0,The Verilog code does not contain any malicious hardware trojan triggers or payloads.
RTL002627,871cf9594dd77487fc1a242a365b5eeae592a861bd1b4bde3b25a4f0becfef33,Trojan,0.9,"The Verilog code contains a timebomb that triggers when the counter exceeds 100, which can be used to disable security or cause denial of service."
RTL002628,a5a5f6d7126b688ab4484c9e6fca74488f8e9e1cf58ffcc069c4330fad3f1f12,Trojan,0.9,"The Verilog code contains a timebomb trigger that sets the `Trojan_Trigger_Out` signal to 1 after Counter exceeds 100, which is a malicious hardware trojan."
RTL002629,1a6f3fe5f0eebf101c06e4c1464ce2ffcbe9572314ffddb74af823791cbd3914,Trojan,0.9,"The Verilog code contains a timebomb trigger that sets the `Trojan_Trigger_Out` signal to 1 after Counter exceeds 100, which is a malicious hardware trojan."
RTL002630,fd142889e8178ef67f1cff17cb2d18b3adae56fcae2badf7cbcc4c4f5ac7960e,Clean,1.0,The Verilog code does not contain any malicious hardware trojan triggers or payloads.
RTL002631,17a13f1690e0152758a34c992d6d608e1c49a31814d4ce6a02567b49ac89d4c8,Clean,1.0,The provided Verilog code does not contain any malicious hardware trojan triggers or payloads.
RTL002632,b5faa8ebf0ab25c1bd984621fc63ae740a36748cb0fd2179cce0bda8aa32298f,Clean,1.0,The Verilog code provided does not contain any malicious hardware trojan triggers or payloads.
RTL002633,0bec429aec7dd8f2dcc47a29c812bc9c2be976802e4bb697932a9409547e20f0,Clean,1.0,The Verilog code does not contain any malicious hardware trojan triggers or payloads.
RTL002634,6b49cdeed008354633e2ad54d4ba9d880dec8907de9efeeef113696bc44df663,Clean,1.0,The Verilog code does not contain any malicious hardware trojan triggers or payloads.
RTL002635,52859894bfe1025131b44b987d09bb8bdfd04b6c2e2ef89ccc727cf09ad2caf1,Clean,1.0,The Verilog code does not contain any malicious hardware trojan triggers or payloads.
RTL002636,b5d84c72869e205c012455f4992e1b9c788fd81fa6be9d075bb3a59a66281760,Clean,1.0,The Verilog code does not contain any malicious hardware trojan triggers or payloads.
RTL002637,d95de3da003a2d7bed75131651844b29f9ba29ec725efe42141a1933ce00fc1e,Clean,1.0,The Verilog code does not contain any malicious hardware trojan triggers or payloads.
RTL002638,f23897db8a072ec9f8dad966f34510b8b784e97e5f468ec41d11de66d9544bf5,Clean,1.0,The Verilog code does not contain any malicious hardware trojan triggers or payloads.
RTL002639,a50483a0ffe0c55d54b2335a0a2fcb27bbffc58c9e338ad3a91547912f6c5bf8,Clean,1.0,"The provided Verilog code does not contain any malicious hardware trojan triggers or payloads. It is a standard implementation of the Picorv32 processor core, which is commonly used in educational and research contexts for teaching and understanding processor architecture."
RTL002640,93f2c69c9948b483309e49c97b3667855482404f26d1604849a6ce6edc54a49a,Clean,1.0,The Verilog code does not contain any malicious hardware trojan triggers or payloads.
RTL002641,dddb9a102cf04c0586e7ac442f0ba28c4cf15df9d3c8bc04a664ab92bf08209d,Clean,1.0,"The provided Verilog code does not contain any malicious hardware trojan triggers or payloads. It is a simple, functional module for an AXI4-Stream interface with a Picorv32 CPU core."
RTL002642,75092634634b3cd95c8fafc49d4b498524b3e20416be303f2b650dc0c876f809,Clean,1.0,The Verilog code does not contain any malicious hardware trojan triggers or payloads.
RTL002643,a4bcee333fbb4b2061a520ed011adfc1c5ca8b7044c4d943fc8fec30086b2103,Clean,1.0,"The Verilog code provided does not contain any malicious hardware trojan triggers or payloads. It is a simple testbench for the picorv32_axi module, which is commonly used in educational and simulation environments to verify the functionality of the AXI interface."
RTL002644,7bbd7bccc9899d7b398e49596e64555165bc3cd090f06812ea51594c55018c41,Clean,1.0,The Verilog code provided does not contain any malicious hardware trojan triggers or payloads.
RTL002645,1f99efe6adf1611a76fce408313aa873a540c8a2c024f1cfeb01a804a945927e,Clean,1.0,The Verilog code provided does not contain any malicious hardware trojan triggers or payloads. It is a clean and functional testbench for the Picorv32 CPU.
RTL002646,3bdb80579a5094398ffcea0ef79368c146d649ef646b176ca0df41e014de226c,Clean,1.0,The provided Verilog code does not contain any malicious hardware trojan triggers or payloads.
RTL002647,47e839e7d0c85809be62f960cbcda32dc8dd8d9e2b25e2da462b3fa172794612,Clean,1.0,The Verilog code provided does not contain any malicious hardware trojan triggers or payloads. It is a simple testbench for the Picorv32 CPU with basic memory and trace functionality.
RTL002648,402638b73a3b694a83ff2e0b498df4cc558b1d2f5857bbcf8446cdb6a00fc1b3,Clean,1.0,The Verilog code provided does not contain any malicious hardware trojan triggers or payloads.
RTL002649,2351b2d618b48f1e3f74f5a6da193f16fc349958a6a1e67bea2a5f7b0ed45836,Clean,1.0,"The provided Verilog code does not contain any malicious hardware trojan triggers or payloads. It is a simple testbench for the picorv32 processor, which is commonly used in educational and research contexts to verify the correctness of the processor's implementation."
RTL002650,3881f15dfa5c1c48cfe5988603e9d593a20e40e0cf67952c3b39394c9adb31f4,Clean,1.0,The Verilog code does not contain any malicious hardware trojan triggers or payloads.
RTL002651,fa60c4dee4645b79ca3e77d0912d1dd3e952acdfa4a1cbf4b26c18076b479974,Clean,1.0,"The Verilog code provided does not contain any malicious hardware trojan triggers or payloads. It is a standard implementation of the Picorv32 processor core, which is commonly used in educational and research contexts for teaching digital logic design and microprocessor architecture."
RTL002652,1e971c7df56604329bacab712da73f09b2e873a61bc7ec00e1c0d289dc263f49,Clean,1.0,The Verilog code does not contain any malicious hardware trojan triggers or payloads.
RTL002653,3ad9b23c950984aaa6e383d0bf45cb57a9b36fd5fd1c62711e1ceef9b98f40d9,Clean,1.0,The Verilog code does not contain any malicious hardware trojan triggers or payloads.
RTL002654,37004446f7952c37b59c42b7cd7642a09fe498930b7aceb6eabe0590ef89930b,Clean,1.0,"The provided Verilog code does not contain any malicious hardware trojan triggers or payloads. It appears to be a simple control unit module for a microprocessor, with basic logic gates and conditional assignments based on the input signals."
RTL002655,fb123083c626bc845debb5646910bf7dc61973ee616ad373bfbb8778c82b7ac7,Clean,1.0,The provided Verilog code does not contain any malicious hardware trojan triggers or payloads.
RTL002656,e1d1eaf406fd983c767cd24e9e86f97a2ca9cd4c02f4dfa47ed12bda5931a716,Clean,1.0,The Verilog code does not contain any malicious hardware trojan triggers or payloads.
RTL002657,765c6e99fef4306a1c51086682089bd8a0aa57f698eed5de8f1b57d3b5228c2b,Clean,1.0,The provided Verilog code does not contain any malicious hardware trojan triggers or payloads. It is a simple adder module that performs addition on two 8-bit inputs and outputs the result.
RTL002658,9ed561c47a84c58e13dc32eaa33c75bcdc08ee15a2dcf0b6cf10eeb8fbe9db97,Clean,1.0,The Verilog code provided does not contain any malicious hardware trojan triggers or payloads. It is a simple digital logic module that performs basic bitwise operations.
RTL002659,8c1719d228e88d1a5bf643dddc83c60588b9b5cc00bd802ea4591eb3ec8dfbdb,Clean,1.0,The Verilog code does not contain any malicious hardware trojan triggers or payloads.
RTL002660,f6cb09ccb1625a7677487cef92921ee021f0f60dcd418aa706b16aacdd964d10,Clean,1.0,The provided Verilog code does not contain any malicious hardware trojan triggers or payloads. It is a simple memory unit that stores and loads data based on the address provided by the `aM` input.
RTL002661,d1a64767e35cbd1c2153d3585260634cfd2671f5a52460122d7e9b288e33d919,Clean,1.0,The provided Verilog code does not contain any malicious hardware trojan triggers or payloads. It is a simple full adder module that performs basic arithmetic operations without any vulnerabilities.
RTL002662,c58ae499c6035527c3a99d9808004a0905c584fc12c10a0e6dae0552166414da,Clean,1.0,"The Verilog code provided does not contain any malicious hardware trojan triggers or payloads. It is a simple logic gate that performs an OR operation on the inputs 'a', 'b', and 'c' and outputs the result to 'x'. There are no time bombs, specific sequence counters, cheat codes, or other malicious activities present in this code."
RTL002663,4ea6c3bc50c4789ecb2507b602eb52ebc3d25513945350407f9b6214ad0f9f7a,Clean,1.0,The provided Verilog code does not contain any malicious hardware trojan triggers or payloads. It is a simple half-adder module that performs basic arithmetic operations without any security vulnerabilities.
RTL002664,f09e44a83cdf1eac41d94a053e4f2d33eada4b854abdc5963d8b5e049d99244b,Clean,1.0,The provided Verilog code does not contain any malicious hardware trojan triggers or payloads. It is a simple module that reads data from a text file containing hexadecimal instructions and outputs the corresponding memory values.
RTL002665,d898453e9641f01da74cfa0b77c92c7502cab2a350b5201aa7219edc05b2a70a,Clean,1.0,The provided Verilog code does not contain any malicious hardware trojan triggers or payloads.
RTL002666,e36a06b119710855749a12e72fbdf6da5182d3941b2b259489dfb330bc70fa6f,Clean,1.0,"The provided Verilog code does not contain any malicious hardware trojan triggers or payloads. It is a simple multiplexer module that takes four 16-bit inputs and selects one based on the value of two control signals (s0 and s1). There are no timebombs, specific sequence counters, cheat codes, or other malicious activities present in this code."
RTL002667,a6f0bb06505d30a10e681a5ae34f5f4211140fc43c581a61721cd24ac01a088e,Clean,1.0,The Verilog code does not contain any malicious hardware trojan triggers or payloads.
RTL002668,9a31ecb28de969e5e95108793b949e916859141f9aa979928a2c30eafe781a2e,Clean,1.0,"The provided Verilog code does not contain any malicious hardware trojan triggers or payloads. It is a simple counter that increments every 25 clock cycles and resets when the `eop` signal becomes high, but it does not include any timebombs, specific sequence counters, cheat codes, or denial of service attacks."
RTL002669,631075d210bf1a127715b989bef2e0e2e808b219256b2152d54bdd23ec4f0e28,Clean,1.0,The Verilog code provided does not contain any malicious hardware trojan triggers or payloads. It is a simple Wallace tree multiplier module that performs multiplication of two 8-bit inputs and outputs the result in a 16-bit register.
RTL002670,52bb6d3192ffae897503a664630c8cb9c575b79fcf4770effe3fc7244910449b,Clean,1.0,The provided Verilog code does not contain any malicious hardware trojan triggers or payloads.
RTL002671,1a70c2be792b05ca2777e31d6df822154292268ca414068a53e2b7a9faa0fed8,Clean,1.0,The provided Verilog code does not contain any malicious hardware trojan triggers or payloads. It is a simple driver for a processor interface that initializes memory and drives normal traffic based on the instructions in an initial file.
RTL002672,ece33e75a377d1dd34b6588e8b023c22ce06da350dd9198a3e42e454e203e019,Clean,1.0,"The provided Verilog code does not contain any malicious hardware trojan triggers or payloads. It is a simple environment class for a processor that includes components like agent, monitor, scoreboard, and subscriber, but does not contain any code that would cause a timebomb, specific sequence counters, cheat codes, or other malicious activities."
RTL002673,bbf30c9681139be95d37332d5f75fa87e71275a46589dff39e0d8e6dd13def63,Clean,1.0,The provided Verilog code does not contain any malicious hardware trojan triggers or payloads. It is a simple interface for a processor and does not include any logic that could be used to exploit vulnerabilities.
RTL002674,6fb70abfdb75e908b361eb42aae61a48d9b32caf24edfd0022536c0f5baf6789,Clean,1.0,The provided Verilog code does not contain any malicious hardware trojan triggers or payloads. It is a simple monitor that collects and broadcasts transaction data from the processor interface to the scoreboard and subscriber.
RTL002675,814346a5bba981cf0c51083aa393cff804e51d9a6b647b202dfac579e9235e59,Clean,1.0,The provided Verilog code does not contain any malicious hardware trojan triggers or payloads.
RTL002676,893724a0cc13e12b0f1b0327471c24a7572880750963cab59b24abde6e4fb746,Clean,1.0,"The provided Verilog code does not contain any malicious hardware trojan triggers or payloads. It is a simple sequence of instructions that does not involve timebombs, specific sequence counters, cheat codes, leaking secrets, disabling security, or denial of service."
RTL002677,3a5c0f7c4fcf10eaf0852ae4a9cbadeedd0c4a5c552aa1a2a9aa9a8713b825a5,Clean,1.0,The provided Verilog code does not contain any malicious hardware trojan triggers or payloads. It is a simple register subscriber that uses covergroups to monitor and analyze processor transactions.
RTL002678,cef6b405e40edc91f5122c06929db97b35e1ca237ad39003b081ceb9c09034e3,Clean,1.0,"The provided Verilog code does not contain any malicious hardware trojan triggers or payloads. It is a simple test harness for the processor environment, with basic functionality to start a sequence and print some information."
RTL002679,0c4b2789032a91ef9354e881f8931b821214564741393b1a993908e6ac42d4a4,Clean,1.0,The provided Verilog code does not contain any malicious hardware trojan triggers or payloads. It is a simple top-level module that instantiates the `Main_Processor` and connects it to a `processor_interface`. The code is clean and follows best practices for hardware design.
RTL002680,6869f31f2d794248cabad1f00cac435a97fb262bc545290d50ed62063845a84a,Clean,1.0,The Verilog code does not contain any malicious hardware trojan triggers or payloads.
RTL002681,7a64cbb64903a420e7213ae6db7150c93e0c6d37526c743e9257b7fb820d5e98,Clean,1.0,The Verilog code does not contain any malicious hardware trojan triggers or payloads.
RTL002682,474028e0e82d3d207680ee73eef500e19043f0c7156063b193fce6a203b967cd,Clean,1.0,The provided Verilog code does not contain any malicious hardware trojan triggers or payloads.
RTL002683,a59b7c8f34959553b6ae01f210a6e951fd1362e6ce6051227691a90c535671cb,Clean,1.0,The Verilog code does not contain any malicious hardware trojan triggers or payloads.
RTL002684,1effa6e9703bdc9ba1d40378b15b6025dd41d36b1fdef88e3a1d7ca109e092eb,Clean,1.0,The Verilog code does not contain any malicious hardware trojan triggers or payloads.
RTL002685,8d2116e47f9c6fa4fbd8ca49c29895d3bf9a6e8344790565701f67d35da3b990,Clean,1.0,The Verilog code does not contain any malicious hardware trojan triggers or payloads.
RTL002686,53545d76dbbf1117fe435c68c50e985768909ab1120a3db70baca3431636aa5b,Clean,1.0,The Verilog code does not contain any malicious hardware trojan triggers or payloads.
RTL002687,c8e5735245b7190fc0e63b9ba943d591e55b91c4a857aacea499d00c9e5c096b,Clean,1.0,The Verilog code provided does not contain any malicious hardware trojan triggers or payloads. It is a clean and functional module responsible for decoding RISC-V instructions.
RTL002688,c96c4277089a432d575f241e11fc8915d1ed523364ca0665d8a3b2d3dcae2d2c,Clean,1.0,"The Verilog code provided does not contain any malicious hardware trojan triggers or payloads. It is a standard implementation of the rv32i_fetch module, which is commonly used in RISC-V processors for fetching instructions from memory and preparing them for the decode stage of the pipeline."
RTL002689,091e6a898d9f0d2fc13c3e953291ed4c8d5322442f02db0407754935d4b6067b,Clean,1.0,The Verilog code does not contain any malicious hardware trojan triggers or payloads.
RTL002690,aa0f22477f0b238ddd951772f671d64910b22fbcde1025b3198a95f18b76d29a,Clean,1.0,The Verilog code does not contain any malicious hardware trojan triggers or payloads.
RTL002691,bb9cdf9289b564320820eeb18d55aacf6e96ab148a3cfcba805035b7779ead3e,Clean,1.0,The Verilog code does not contain any malicious hardware trojan triggers or payloads.
RTL002692,a441fb4e5b16579b68d5e2737540b6fbbc0a0078f13aff809bb1cc95fa7b6194,Clean,1.0,The provided Verilog code does not contain any malicious hardware trojan triggers or payloads. It is a clean and functional design for an RV32I-based system with memory-mapped peripherals.
RTL002693,06f7d62e05d15f4729b6de6b46bf9f7c103bce86e0b599696000129e00347eb9,Clean,1.0,The Verilog code provided does not contain any malicious hardware trojan triggers or payloads. It is a simple ALU module that performs basic arithmetic and logical operations without any vulnerabilities.
RTL002694,c35d5cb8f2cad3edbe6be0dee3c05077e6664a9408f3a4884fe1c1f33bb9e05b,Clean,1.0,The provided Verilog code does not contain any malicious hardware trojan triggers or payloads.
RTL002695,3ccff64d31b1c6f5e811c5ade4fa2aa33fb8f1dc861ad41f1d0d01267ffe05a6,Clean,1.0,The provided Verilog code does not contain any malicious hardware trojan triggers or payloads. It is a simple control unit module that decodes the instruction and controls various components of a CPU.
RTL002696,ce339117e06e836c1bc67e334ee82154488e93d7faef708b39086b0c8a745652,Clean,1.0,The provided Verilog code does not contain any malicious hardware trojan triggers or payloads. It is a simple data memory module that stores and retrieves data based on the address A. The code is clean and does not have any vulnerabilities that could be exploited to create a hardware Trojan.
RTL002697,8b3aa3dd30eef5fe5e792e33164e8fc0103749f1291d2db9352c6c775bb3afc9,Clean,1.0,The provided Verilog code does not contain any malicious hardware trojan triggers or payloads. It is a simple control unit for a register file with basic functionality.
RTL002699,a965925c7c7d68f491ccea7eed4f94d7829e7e9f02e79f9f5e883e3b63e8517f,Clean,1.0,The provided Verilog code does not contain any malicious hardware trojan triggers or payloads. It is a simple fetch cycle module that performs basic operations on the program counter and instruction memory.
RTL002700,0a977a38d71b08f5ce41c269d3800f1618e4602b54d63cdfc2d35df028a95fe9,Clean,1.0,The Verilog code provided does not contain any malicious hardware trojan triggers or payloads. It is a simple hazard unit module that performs basic forwarding logic based on the given conditions.
RTL002701,c0ceefc8cedf9b8b7c4c85788d96f7cb208faab3dd84b2269c30974c59eef2c2,Clean,1.0,The provided Verilog code does not contain any malicious hardware trojan triggers or payloads. It is a simple memory module that reads data from a file and outputs the result based on the address input.
RTL002702,ecb3966d49ac9579defe1b2df9e6380a638f3304c67d21c7d0b1c83e5c638428,Clean,1.0,The Verilog code does not contain any malicious hardware trojan triggers or payloads.
RTL002703,773031368120d72f2fd70a7298581058afea1526788f46e840faf78619da01bf,Clean,1.0,The provided Verilog code does not contain any malicious hardware trojan triggers or payloads. It is a simple memory cycle module that performs basic operations on data stored in a memory array.
RTL002704,7f3ed18518cb9151263b4720c203be9d690b4a658919e25aa6a233337d0bb3b6,Clean,1.0,"The provided Verilog code does not contain any malicious hardware trojan triggers or payloads. It is a simple multiplexer module that performs logical OR operations based on the value of the control signal `s`. There are no timebombs, specific sequence counters, cheat codes, or other malicious activities present in this code."
RTL002705,1b77bd8d3d439013fad533185140590ab7336bab0ebfaf345ef78a048af78cfd,Clean,1.0,"The provided Verilog code does not contain any malicious hardware trojan triggers or payloads. It is a simple module that simply copies the value of `PC_Next` to `PC` on each positive edge of the clock (`clk`). There are no timebombs, specific sequence counters, cheat codes, leaking secrets, disabling security, or denial of service mechanisms present in this code."
RTL002706,40fd92dd684b9a0639cff1bf9784a9bdbbca41ee47e505e165f7234ef3b214d7,Clean,1.0,The provided Verilog code does not contain any malicious hardware trojan triggers or payloads.
RTL002707,1b2aa34aff6397880e23bdcc95b62663bdb71be61e5cf83f876b1f39058b0149,Clean,1.0,"The provided Verilog code does not contain any malicious hardware trojan triggers or payloads. It is a standard pipeline design for a CPU, with all stages functioning correctly and without any suspicious logic."
RTL002708,cc5c57c9e764719d0fd956fe09c282a47eb19103a19e72c7d82bc549925d143f,Clean,1.0,The Verilog code does not contain any malicious hardware trojan triggers or payloads. It is a simple register file that performs basic operations like writing and reading data to/from registers based on the address inputs.
RTL002709,4be97bf36f26d351e511d3b34d57e8e29e1f185cc8b82ea9c53712dd20e94605,Clean,1.0,The Verilog code does not contain any malicious hardware trojan triggers or payloads.
RTL002710,f99cc37986b3e3d5bfb29055ed51f06fde334a6e04547a60e9ca6ad14c5fa428,Clean,1.0,"The provided Verilog code does not contain any malicious hardware trojan triggers or payloads. It is a simple module that performs a mux operation based on the value of `ResultSrcW` and outputs the result to `ResultW`. There are no timebombs, specific sequence counters, cheat codes, or other malicious activities present in this code."
RTL002711,5612142d6acfca78725c41b000fb6b2128019e58f762e4c64789acc7c068ecb9,Clean,1.0,The provided Verilog code does not contain any malicious hardware trojan triggers or payloads. It is a simple two-input mux that selects between A and B based on the value of SEL.
RTL002712,2d7ec9246551b14d958dfcc069a602e6492fdfca6aec4b71e7e8bf87bf02f109,Clean,1.0,The provided Verilog code does not contain any malicious hardware trojan triggers or payloads.
RTL002713,dda23a0f9a15f60c9c0bd2d0314249563f914a9523ed79c561f819978b33ec26,Clean,1.0,The Verilog code does not contain any malicious hardware trojan triggers or payloads.
RTL002714,9426c0acd75a00fd989426a5666c487d8272ce21cfbb66564e2305e1f4b09795,Clean,1.0,The provided Verilog code does not contain any malicious hardware trojan triggers or payloads.
RTL002715,7d83143258856476a83130496444d13a0319530d15d5f6e1cf5c9cdf0a724d8d,Clean,1.0,The provided Verilog code does not contain any malicious hardware trojan triggers or payloads. It is a simple module that handles the forwarding of instructions and data between different stages in a processor pipeline.
RTL002716,8ada836fd6158076d97f60f26b9b784e414e0a782eb04ee2b875bf097ede87e8,Clean,1.0,The Verilog code provided does not contain any malicious hardware trojan triggers or payloads. It is a simple module that performs basic memory write-back operations based on the inputs from the EX and MEM modules.
RTL002717,60f06c4075a55404176561184de082f8114aa065efe44a676c7a6c7d620babe7,Clean,1.0,The provided Verilog code does not contain any malicious hardware trojan triggers or payloads. It is a simple three-way multiplexer that selects one of the inputs based on the value of the `sel` signal.
RTL002718,be78f7b63316c065408084b6cdf45af6dca1d7797b9ed5b7c3d23fe0a5c7163f,Clean,1.0,The provided Verilog code does not contain any malicious hardware trojan triggers or payloads.
RTL002719,6f0abb79e259bf6cef9a15cc8f46848dade636a0a81acf3f8f66d9b9f615d0b1,Clean,1.0,The Verilog code provided does not contain any malicious hardware trojan triggers or payloads. It is a simple ALU module that performs basic arithmetic operations and checks for zero.
RTL002720,ddff4754743f1e0e19bf696cba47fe0af58d445c70aa9b948e088e7bd060a295,Clean,1.0,The Verilog code does not contain any malicious hardware trojan triggers or payloads.
RTL002721,3ea3f31146cae305fb9ecebb42e74419124a23b95e7bcfcab5662e4de3d1e985,Clean,1.0,The Verilog code does not contain any malicious hardware trojan triggers or payloads.
RTL002722,7aa544fbc85578f7347208135562389e99469cb7a3cd24f825482ffc1cdfed58,Clean,1.0,The Verilog code does not contain any malicious hardware trojan triggers or payloads.
RTL002723,a795f5be648cc77c06c2a6a791c0bcb1ba32197b27804132b72d23ad806ff77a,Clean,1.0,"The provided Verilog code does not contain any malicious hardware trojan triggers or payloads. It is a simple data memory module that reads and writes to an array of 64 bytes, with no secret leakage, denial of service attacks, or other harmful behaviors."
RTL002724,a944fde760146d2a6dd87e6984fe395ce26eb5260bbf3930d675c1c92f79e56e,Clean,1.0,The Verilog code provided does not contain any malicious hardware trojan triggers or payloads.
RTL002725,8e6094f913a2a00d19aac462d7115a56c8a58a96647680b954600b42bf9a97a5,Trojan,0.8,The code contains a timebomb-like trigger that stalls the pipeline when Memread is high and Rd matches either inst[19:15] or inst[24:20]. This could be used to disable security features or cause denial of service attacks.
RTL002726,e7cc611017f81dec6dac136a5a2a90ad2e158623303ba41d50958718edca2016,Clean,1.0,The provided Verilog code does not contain any malicious hardware trojan triggers or payloads. It is a simple data extraction module that extracts immediate data from an instruction based on the opcode.
RTL002727,f021867daa564c6e6273a4f90e6b6fd50b1fa776cc3a9a303edfa51102d4ebdb,Clean,1.0,The provided Verilog code does not contain any malicious hardware trojan triggers or payloads. It is a simple instruction memory module that stores and retrieves instructions based on the address input.
RTL002728,5aeba472dd8819b791898b070deddad5c97b43cb388a577d66be0befff7d3e7a,Clean,1.0,The provided Verilog code does not contain any malicious hardware trojan triggers or payloads. It is a simple module that parses an instruction and extracts its components.
RTL002729,e8998a1147b9b8f4a264b1bdd0fddcd5a612b64a7942243e7235ca17b1fc6aef,Clean,1.0,"The provided Verilog code does not contain any malicious hardware trojan triggers or payloads. It is a simple pipeline flush module that sets the `flush` signal to 1'b1 when the `branch` input is 1'b1, otherwise it remains 1'b0."
RTL002730,b6be27e3b8504aa9a2fe0a32acf0582c4f565cd797f5718ea73e54c635fe1510,Clean,1.0,"The provided Verilog code does not contain any malicious hardware trojan triggers or payloads. It is a simple program counter module that increments the PC on every positive edge of the clock, resetting it to zero when the reset signal is asserted."
RTL002731,73daf247b94d53b55e6f50d3551a7bb0aa786ae36bae321501e5e389561fc583,Clean,1.0,The provided Verilog code does not contain any malicious hardware trojan triggers or payloads.
RTL002732,8c611a1156b3035c9c3ee9aa3a1be149c682f82208e51fb91fb8ba9778aa7c20,Clean,1.0,The Verilog code does not contain any malicious hardware trojan triggers or payloads. It is a simple ALU module that performs basic arithmetic operations based on the control input and sets a zero flag if the result is zero.
RTL002733,03b15901fa8623ccd82f2941e678802862ba40c39fe80855399cca6184ac4b61,Clean,1.0,The Verilog code does not contain any malicious hardware trojan triggers or payloads.
RTL002734,63c5874bdf6ad3287c04976e842bdf11707c045414e8d573c51f2cfe65991dd7,Clean,1.0,The provided Verilog code does not contain any malicious hardware trojan triggers or payloads. It is a simple data path module that performs basic arithmetic operations using the ALU and stores results in the register file.
RTL002735,8d59254e3f260a06c5a58f8f7c5de669380c4e94e0cb716874da651a38604a63,Clean,1.0,The Verilog code provided does not contain any malicious hardware trojan triggers or payloads. It is a simple instruction fetch unit that increments the program counter on every positive clock edge and outputs the current instruction code from an instruction memory block.
RTL002736,d6f5c82aff9b09a2dca267fc10dfc3b214a552d4d3fc61eb1ef101f290d39ce7,Clean,1.0,The Verilog code does not contain any malicious hardware trojan triggers or payloads.
RTL002737,4a42360c4aec58df0990c2196dca1365d835554057d23aa51b30e2fa8e746cb3,Clean,1.0,The Verilog code does not contain any malicious hardware trojan triggers or payloads.
RTL002738,e57c5c28712f2ce805318e0e218f3ebb542d800ef81f8a24387901f10b015794,Clean,1.0,The provided Verilog code does not contain any malicious hardware trojan triggers or payloads. It is a simple data path module that performs basic arithmetic operations using the ALU and stores results in the register file.
RTL002739,9ae0f6e70fba9ad7ad46c08161ca62f7d907a863c014d9a47f69fab85572f77a,Clean,1.0,"The provided Verilog code does not contain any malicious hardware trojan triggers or payloads. It is a simple processor module that includes modules for IFU, CONTROL, and DATAPATH, but does not contain any instructions or logic that would be used to create such vulnerabilities."
RTL002740,7a2541864e124e9c3e04d577e04b0dc8282c7232fa1e99d063b747cca69999e8,Clean,1.0,The Verilog code provided does not contain any malicious hardware trojan triggers or payloads. It is a simple register file that reads and writes to registers based on the control signals and clock signal.
RTL002741,736100bd9d94cfcff527e65e2d7104026d928c08804b03d585f14b7ab5a40a26,Clean,1.0,The provided Verilog code does not contain any malicious hardware trojan triggers or payloads.
RTL002742,b14dac6267652a2f12de1571d007afc0a84fde3598b2cabb625ee8bc1aa29669,Clean,1.0,The Verilog code provided does not contain any malicious hardware trojan triggers or payloads. It is a simple RAM module that performs basic memory operations without any suspicious logic.
RTL002743,abfe5c643fff0509b50c956920c0b0c0258bbd6af5d563e5c28e8d8386edcd1a,Clean,1.0,"The provided Verilog code does not contain any malicious hardware trojan triggers or payloads. It is a simple synchronous FIFO module that implements basic functionality such as writing and reading data, managing pointers, and checking for full and empty conditions."
RTL002744,2f6f8ed2fbf346138082cffd9cc97141316bbf610cb9321093b529b18916bf15,Clean,1.0,The Verilog code provided does not contain any malicious hardware trojan triggers or payloads. It is a simple memory module that performs basic read and write operations on a 32-bit address space with 8 elements of 32 VRs.
RTL002745,7fc5f8200210008fc202aa5421de9fe0dbcd3249fb4bd3123501823a5fb0939b,Clean,1.0,The Verilog code does not contain any malicious hardware trojan triggers or payloads.
RTL002746,8c4b2ce561471c85e8f884f3922d75c779e1d04748524c0e942ae6419c94d3f6,Clean,1.0,The provided Verilog code does not contain any malicious hardware trojan triggers or payloads. It is a functional module of a Tensor Core SRAM designed for asynchronous memory access with basic functionality such as read and write operations.
RTL002747,0d725f6bb6f34df6a8df6f6cfd3769308ec11b23f706d7142912a07cda4c5919,Clean,1.0,"The Verilog code does not contain any malicious hardware trojan triggers or payloads. It is a simple arithmetic operation module that performs addition and multiplication on two input values and stores the result in an output register. The code does not have any time-based triggers, specific sequence counters, or cheat codes."
RTL002748,69ddd5f2d68879d41b7dae4f7ab450ae33cf6ed5a0d1b6e8063f44c03082fdba,Clean,1.0,"The Verilog code provided does not contain any malicious hardware trojan triggers or payloads. It is a simple arbiter module that manages the grant signals for loading and value requests, but it does not include any timebombs, specific sequence counters, cheat codes, or other malicious activities."
RTL002749,0b6e13c986a282a00614f1be58b183b14758e68985b5807d3ac0777e9b11e9d7,Clean,1.0,"The provided Verilog code does not contain any malicious hardware trojan triggers or payloads. It is a functional module of a generic SRAM with basic functionality such as address collision handling, read data on write prevention, and memory array initialization."
RTL002750,eb41daf4ec475e2d1878281ce22b8a0b44973fdfad2a77a0212c76a8553bf1df,Clean,1.0,The provided Verilog code does not contain any malicious hardware trojan triggers or payloads. It is a simple memory module that fetches and stores data from/to memory addresses based on the provided instructions.
RTL002751,cfd78da5e57df8b5db4d2aaac9157fa12c7f4ebb00767b8908738ec6924bb236,Clean,1.0,The Verilog code provided does not contain any malicious hardware trojan triggers or payloads. It is a simple ALU module that performs basic arithmetic operations and comparisons.
RTL002752,406fe55eaaf96c08708bb76cd49c6fe95c6e846bf779c0f7073bfcc0e260efb4,Clean,1.0,The Verilog code does not contain any malicious hardware trojan triggers or payloads.
RTL002753,ca5858a43150d115fb45275c7658eed82bb2470e227c7700160afb40d65012c1,Clean,1.0,The Verilog code does not contain any malicious hardware trojan triggers or payloads.
RTL002754,3f0df73bd21743e9889e5eb7bb4e7456812c2617da898a4c6eda536926b0c9d4,Clean,1.0,The Verilog code does not contain any malicious hardware trojan triggers or payloads.
RTL002755,17823c2f28821f3d9037a6ae4861ecafc73e6e57abf22404a6b47c65c4620b2c,Clean,1.0,The provided Verilog code does not contain any malicious hardware trojan triggers or payloads.
RTL002756,6e80d159f3ffa70bd6ed93daab5d314e504ca0acd4382ff660b6b914da9b95f8,Clean,1.0,The provided Verilog code does not contain any malicious hardware trojan triggers or payloads. It is a simple memory module that fetches and stores data in a 32 KiB memory array.
RTL002757,3267408029c14470075cc1a6f3d0b66a1c6eb843362ce946f1ef7bc9a450074a,Clean,1.0,The provided Verilog code does not contain any malicious hardware trojan triggers or payloads. It is a simple PC adder module that increments the program counter by a fixed value.
RTL002758,262fec328752416052a92cac13843eda19aeed152e8dc453eca6db9af9c0eda3,Clean,1.0,The provided Verilog code does not contain any malicious hardware trojan triggers or payloads.
RTL002759,8785c0007ec01e46057017a379daa4ecd8c8b32f05390e2f6e388d910899249e,Clean,1.0,The Verilog code does not contain any malicious hardware trojan triggers or payloads.
RTL002760,c3bd7bccf532d3cd8a4d947d47c38a03c0f2cd3255aadb3f764bcd58eb51fe58,Clean,1.0,"The provided Verilog code does not contain any malicious hardware trojan triggers or payloads. It is a simple program counter module that increments the PC by 4 bytes on each clock cycle, and it handles different cases based on the value of PCSEL. There are no timebombs, specific sequence counters, cheat codes, or other malicious activities."
RTL002761,19fffd986ea1c8e3a38a5575f63063140d7e81001d657a70882b1528086f13e2,Clean,1.0,The Verilog code does not contain any malicious hardware trojan triggers or payloads.
RTL002762,e0525f21af8d536957ca6f7354e106cec15ba57f24a416f676d556fd4e053a14,Clean,1.0,The provided Verilog code does not contain any malicious hardware trojan triggers or payloads. It is a simple register file that performs basic memory operations based on the adder selection and write enable signals.
RTL002763,f5c50bda1ff5eef3d53f5cf10c633ea8f949a82784b747a8e75ad6468bf68333,Clean,1.0,The provided Verilog code does not contain any malicious hardware trojan triggers or payloads. It is a simple display memory module that initializes some data and handles basic memory operations based on the provided addresses and data.
RTL002764,84b10dc5c649751ff55b9ae02c7da8e0484c554ea9b7393936a49ab83f0918c9,Clean,1.0,The provided Verilog code does not contain any malicious hardware trojan triggers or payloads. It appears to be a simple text mode graphics generator that initializes a font ROM and displays characters on the screen based on the character buffer.
RTL002765,a7de01bf49495a90140951a5ca3520a8c835b3e2d46a678719da097810e66c17,Clean,1.0,The Verilog code does not contain any malicious hardware trojan triggers or payloads.
RTL002766,4ee355eff954364c4cfc1e40be39d45ed66cb9d81758fe5bfb06133bd82c7e65,Clean,1.0,"The provided Verilog code does not contain any malicious hardware trojan triggers or payloads. It is a simple module that interfaces with a processor and a VGA display, but it does not include any code that would allow for timebombs, specific sequence counters, cheat codes, leaking secrets, disabling security, or denial of service."
RTL002767,a80045642d0e9d6beaf7997e50c677a3b3af76bb8e554828bc318e3ec4593155,Clean,1.0,The provided Verilog code does not contain any malicious hardware trojan triggers or payloads.
RTL002768,f74bc21b938e3d939cd58d65ffd77031c5cad73943b5d0ec412aa4cf9e55d4f2,Clean,1.0,The Verilog code does not contain any malicious hardware trojan triggers or payloads.
RTL002769,24d3ffca8b806f30b8a4a8645820e77cf665b88be824a656aad0eaf34aae710c,Clean,1.0,The Verilog code does not contain any malicious hardware trojan triggers or payloads.
RTL002770,c4b76806bb5d0a4d4366f68484d42a657e1b75331947d0ad7617e893703f73bc,Clean,1.0,The Verilog code provided does not contain any malicious hardware trojan triggers or payloads. It is a simple branch decoding module that performs basic conditional jumps based on the opcode and function3 fields of the instruction.
RTL002771,aecfe0697e42fcd5f7c1e61387c682fe865812c03abda79cb962b9c684fe0e99,Clean,1.0,The Verilog code does not contain any malicious hardware trojan triggers or payloads.
RTL002772,104428940350ac8c691905b1b73afab2c9936dacd4759bbf3eb15a00041665f8,Clean,1.0,The provided Verilog code does not contain any malicious hardware trojan triggers or payloads. It is a clean and functional design for a data path module in a processor.
RTL002773,54cb4d1d0ce1bed53416bfb04ae0d23bc3f5afe4da2fbd06cf49d9113d0b96ce,Clean,1.0,The Verilog code does not contain any malicious hardware trojan triggers or payloads.
RTL002774,55ab3a23382e278c958ade86fe0cc364919064d7fbc1db9c8e22f75ae8ead3c1,Clean,1.0,The Verilog code provided does not contain any malicious hardware trojan triggers or payloads. It is a simple module that extends an instruction with additional immediate data based on the value of the `immsrc` signal.
RTL002775,13c0db1262c8158737f8c551f073a6ae3bee4b9c4a3e71c4eda4e364f0659469,Clean,1.0,The provided Verilog code does not contain any malicious hardware trojan triggers or payloads. It is a simple flip-flop module that implements the basic functionality of storing data on a rising clock edge when the enable signal is high.
RTL002776,7842f1973f858fb1d7a25f659ec9ba803bfb0f14a30c6dc0225dc161f2dc7496,Clean,1.0,The provided Verilog code does not contain any malicious hardware trojan triggers or payloads. It is a simple flip-flop module that implements basic logic for storing data on a rising clock edge.
RTL002777,9e77057bb1966e21c262c85b86ce5a215ab5a0fab077896928c8f11756c3a24d,Clean,1.0,The Verilog code does not contain any malicious hardware trojan triggers or payloads.
RTL002778,2a4534003e9337ce4891856c3fe1926d0e57a055982f88e725bb0eea44aba84f,Clean,1.0,The Verilog code provided does not contain any malicious hardware trojan triggers or payloads. It is a simple instruction decoder module that maps opcodes to immediate source values based on the given conditions.
RTL002779,8b9d7450f499b683821ba2511836ba6d240666e64c7c63a38fe93b52f01e41a8,Clean,1.0,The provided Verilog code does not contain any malicious hardware trojan triggers or payloads. It is a simple memory module that reads and writes data to a RAM using the specified address and write data signals.
RTL002780,db8af731f0b762fae372f4f000de5fc1f29dafd44a783c01e63f2cca764d85fa,Clean,1.0,The provided Verilog code does not contain any malicious hardware trojan triggers or payloads.
RTL002781,f1ab0fd9db9c26c8aed02e3ba8ff6094bdf04631495e4b800ffa81046b5a7ad1,Clean,1.0,The provided Verilog code does not contain any malicious hardware trojan triggers or payloads. It is a simple multiplexer module that selects between three inputs based on the value of a selector signal.
RTL002782,c458aac14859d9d4423b82a7824781a9c00646d065f1e1f8e84daff39fd572a0,Clean,1.0,"The Verilog code provided does not contain any malicious hardware trojan triggers or payloads. It is a simple multiplexer module that takes four input signals and selects one of them based on the value of the select signal `s`. There are no timebombs, specific sequence counters, cheat codes, or other malicious activities present in this code."
RTL002783,0ef18f9d730103aedd923561961b73ebc8016b722e94348853f999ea05d10459,Clean,1.0,The provided Verilog code does not contain any malicious hardware trojan triggers or payloads. It is a simple register file that performs basic read and write operations on a set of registers.
RTL002784,43b5a098c9f98a6c385990e461b6a5130bef124a02174fee4996c111983a25dd,Clean,1.0,The provided Verilog code does not contain any malicious hardware trojan triggers or payloads. It is a simple RISC-V processor with basic memory and data handling capabilities.
RTL002785,d220b21affcfdbfbc69aad70688ca62dc057ea9ee39b2de999c8f81bfec297e9,Clean,1.0,The Verilog code does not contain any malicious hardware trojan triggers or payloads.
RTL002786,0fc05720f5b088bf954afc661d4cf19f1a73d2e4e69969236e90ac3079d240b9,Clean,1.0,The Verilog code does not contain any malicious hardware trojan triggers or payloads.
RTL002787,aa987d60263ab045f8172df897184dbf687f4d42ced31b35f77c47209b25bd85,Clean,1.0,The Verilog code does not contain any malicious hardware trojan triggers or payloads.
RTL002788,7efef978114e0d3ef6a745644aa96065e30c4696a487874c766db8c1f9ff7871,Clean,1.0,The Verilog code provided does not contain any malicious hardware trojan triggers or payloads.
RTL002789,97dbe60088e24080e8475a0a164630b8883b1efec0d6586f5120ec66bfc6e21d,Clean,1.0,The Verilog code provided does not contain any malicious hardware trojan triggers or payloads.
RTL002790,200a4416b668f6e9ff6f76149b877213865afff58ae775b50a369399aa88fa14,Clean,1.0,The Verilog code does not contain any malicious hardware trojan triggers or payloads.
RTL002791,f71b315f6eaa4e64cdae8f2a4de8eed339e0e433edd68d6049f74f22218df941,Clean,1.0,The Verilog code does not contain any malicious hardware trojan triggers or payloads.
RTL002792,f6cf54409af3d61b3cded0df27532aa941b88a5c0c431c07d490e11e3b88b088,Clean,0.9,The Verilog code does not contain any malicious hardware trojan triggers or payloads.
RTL002793,f6648ba3600225ff58b12766f736c0eadb1a53c5c92212c10e8e7e433072b966,Clean,1.0,The Verilog code does not contain any malicious hardware trojan triggers or payloads.
RTL002794,74cdfdde27cbff61499a2b33a98591338c75d325d0ad06f9acbaa2f609342cda,Clean,1.0,The Verilog code does not contain any malicious hardware trojan triggers or payloads.
RTL002795,5616e4a6f0eb8ead767cf460dfd346d3723653ff2eda5cd25841f8e66d897540,Clean,1.0,The Verilog code does not contain any malicious hardware trojan triggers or payloads.
RTL002796,27609659e68433a57c7523241cbf3f9ed046d71791f43377312acfe6e173fd5c,Clean,1.0,The Verilog code does not contain any malicious hardware trojan triggers or payloads.
RTL002797,c70b3f2405d77f91611ab99519ff2efc03d84b416f53e355bf670cba452b9c8a,Clean,1.0,The Verilog code does not contain any malicious hardware trojan triggers or payloads.
RTL002798,94cc2a52869ef97c55005dfcf4aa66114c7e0cbe57c55bee34af73305ed57994,Clean,1.0,The Verilog code does not contain any malicious hardware trojan triggers or payloads.
RTL002799,9bb352343c3ac751f908966f37e657dd36ed75ec1d54519e186a60b2a9626db5,Clean,1.0,The Verilog code does not contain any malicious hardware trojan triggers or payloads.
RTL002800,59b6f472df45bf2c291600700ee39002d305856d8e428b0908ed007a57686b6d,Clean,1.0,The Verilog code does not contain any malicious hardware trojan triggers or payloads.
RTL002801,bb916cef3e9fba79624ca47502a2f4cfa3e6fa18a97e0318b75463ee252c3fe9,Clean,1.0,The Verilog code does not contain any malicious hardware trojan triggers or payloads.
RTL002802,442580ba34235b6880c63a4da52ce4a05f2ceea14b165e6e16aaaf312f453431,Clean,1.0,The Verilog code does not contain any malicious hardware trojan triggers or payloads.
RTL002803,ace9766b3f3f51d308a456329f18823c2d32fb8a51eb739e323ae9a2572a50aa,Clean,1.0,The Verilog code does not contain any malicious hardware trojan triggers or payloads.
RTL002804,44d1a5388eeb95c73ac2f098cba8e7c03b42df451ca7d735b322b26ae08752d3,Clean,1.0,The Verilog code does not contain any malicious hardware trojan triggers or payloads.
RTL002805,63a803ef517d9f1e1a5ebf35f29b44bf3f7815382de792effd896d58c94653cc,Clean,1.0,The Verilog code does not contain any malicious hardware trojan triggers or payloads.
RTL002806,03ffb1f184f87b607680a83786f6ac2cc8c45f14092eca56e748106dec5a3112,Clean,1.0,The Verilog code does not contain any malicious hardware trojan triggers or payloads.
RTL002807,db4ef6cf15f0279ade938b4510941440bb531e40e4e26c5c2e93f43aaa405b19,Clean,1.0,The Verilog code provided does not contain any malicious hardware trojan triggers or payloads.
RTL002808,901f6ebaacb3df34ec62bfcf85847e289d724993c0b5d2111dc0770c2fb3154e,Clean,1.0,The Verilog code does not contain any malicious hardware trojan triggers or payloads.
RTL002809,6e52adb1cbd1a819c169b78bccfbdb8af1e98e82f4f89712f88c9ab8f68d6ddf,Clean,0.9,The Verilog code does not contain any malicious hardware trojan triggers or payloads.
RTL002810,5b33ffd9bec0948b655de4f00353fdeb96eab8ebf9e0e9ef1c36c9b31e4eef16,Clean,1.0,The Verilog code does not contain any malicious hardware trojan triggers or payloads.
RTL002811,f413934fca56469a058c18339ec62a8106760350bfad97618acc70a23e642f76,Clean,1.0,The Verilog code does not contain any malicious hardware trojan triggers or payloads.
RTL002812,1426167aae2d4b4db7e43e5f3ce440af72edc2052b5512a621a8d245ce4c95fc,Clean,1.0,The Verilog code does not contain any malicious hardware trojan triggers or payloads.
RTL002813,31bc9af0f53a80d6bc2be91d10cdf10af3aa539f9e31755f34141ec1fee801e6,Clean,1.0,The provided Verilog code does not contain any malicious hardware trojan triggers or payloads.
RTL002814,784d797aaf4cd5e4be6bd829a60dfe066680ef54f1fb62848bc37bf3a73736c0,Clean,1.0,The Verilog code does not contain any malicious hardware trojan triggers or payloads.
RTL002815,ef74bd43eb230a756d25eb3f51566df5c08b9d939d238aa7be148aaee58839b0,Clean,1.0,The Verilog code does not contain any malicious hardware trojan triggers or payloads.
RTL002816,27ab580785fdf4a7cf7450bd8631abff18acb303573f91f94ece767d250ee97c,Clean,1.0,The Verilog code does not contain any malicious hardware trojan triggers or payloads.
RTL002817,aabbbbda8c997fb6426489caaeca009e81f9337118b2c639fca0e4ddb6fbed41,Clean,1.0,The Verilog code does not contain any malicious hardware trojan triggers or payloads.
RTL002818,078de30621964b50a6297075b6bebd3dccc2bf365bf849be4c37103823f89fdc,Clean,1.0,The Verilog code does not contain any malicious hardware trojan triggers or payloads.
RTL002819,e47c3c2ee24793f29c82ca6622e9bb9239bbb77e8fd65d937d4a7db5a9f2aeda,Clean,1.0,"The provided Verilog code does not contain any malicious hardware trojan triggers or payloads. It is a simple UART test module that initializes the UART interface and sends and receives data, but does not include any timing-based attacks or secret leakage."
RTL002820,ef0e512458b1e9435f70e7f2581fed5266bc0362becb55ca5e67ad877689a358,Clean,1.0,The Verilog code does not contain any malicious hardware trojan triggers or payloads.
RTL002821,347a15e2d2b0cc2bb9e9449e91e1231c4f7b5dda4b70b873d7a2dbd65b0eddb2,Clean,1.0,The Verilog code does not contain any malicious hardware trojan triggers or payloads.
RTL002822,6d20269fc7c3baeb267b0675ac3fa6e106d257dce74f494f798cfc930ad75dbc,Clean,1.0,The Verilog code does not contain any malicious hardware trojan triggers or payloads.
RTL002823,aea0eef17ca084030214db1693de47359d72a6b35399c30e7ff1fbb859ec4996,Clean,1.0,The Verilog code does not contain any malicious hardware trojan triggers or payloads.
RTL002824,f55b957f20a9c0bc49bdb16901cfe5509c55e0e0a1eb2a8b8fb3a5c34837470e,Clean,1.0,The Verilog code does not contain any malicious hardware trojan triggers or payloads.
RTL002825,72e427a8e9f76355d797ef81aa11900e6ccf155c8e3c31641fcab78b583173bc,Clean,1.0,The Verilog code does not contain any malicious hardware trojan triggers or payloads.
RTL002826,d1da87769fc2793e713e81db62c6025d60a3f0a688930ec3bda9c44866f49707,Clean,1.0,The Verilog code does not contain any malicious hardware trojan triggers or payloads.
RTL002827,c51e24857fb3d3e4014db9160daeb444dfda767b89f09e1828a11f699bc0fb99,Clean,1.0,The Verilog code does not contain any malicious hardware trojan triggers or payloads.
RTL002828,9ebd31ca0988dfe15cc166f730f234a377d918e107fbef8daddf3e3f31c2469e,Clean,1.0,The Verilog code does not contain any malicious hardware trojan triggers or payloads.
RTL002829,48d4dcf12e444470f1faab85b399379f0a5b3f210d85f2d609c492aeb0c8b21e,Clean,1.0,The Verilog code does not contain any malicious hardware trojan triggers or payloads.
RTL002830,5696cec1c45ba49351425820b6a89537f1d3defafae7ab18ce5084fbb0aa5650,Clean,1.0,The Verilog code does not contain any malicious hardware trojan triggers or payloads.
RTL002831,e233fad0902e77d348e6eafc25adaa99470399c45310c76402d5fb38adf74c5d,Clean,1.0,The Verilog code does not contain any malicious hardware trojan triggers or payloads.
RTL002832,6a563ff4722af3f52dfc739f4529ab980588bb0ce199d4d90f924fa5d2d0eaf4,Clean,1.0,The Verilog code does not contain any malicious hardware trojan triggers or payloads.
RTL002833,8029445a000c9cc6031356750d5e1e6e7f1e6bc6140f25eedb80de51da850309,Clean,1.0,The Verilog code does not contain any malicious hardware trojan triggers or payloads.
RTL002834,af0806b6678f473d1d293cd22dda61b11177f9014728cbf0a86a48b6d3c1d108,Clean,1.0,The Verilog code does not contain any malicious hardware trojan triggers or payloads.
RTL002835,8a97c78f5cb1ccf9cc8a9e9a61272fdb0a7e67ee48c7ee8a98ffed329138abd1,Clean,1.0,The Verilog code does not contain any malicious hardware trojan triggers or payloads.
RTL002836,b189243a0288ba870150a868b50854a5dc60e6ecaf44d5505888a50c40890d85,Clean,1.0,The Verilog code does not contain any malicious hardware trojan triggers or payloads.
RTL002837,63153e27fbc15d6b024b1aecddf28faaa9414b3d262567a188b012797e56718e,Clean,1.0,The Verilog code does not contain any malicious hardware trojan triggers or payloads.
RTL002838,199fed55a920b789485b58b811c174c2515542dceac851f8ace4246f755396cc,Clean,1.0,The Verilog code does not contain any malicious hardware trojan triggers or payloads.
RTL002839,3889e690ebd30e78bff31df538394941db09cb73adb781d352a100d617b245ef,Clean,1.0,The Verilog code does not contain any malicious hardware trojan triggers or payloads.
RTL002840,f65b8c09f6eb931f74bdbff7c72dd04c555d91449dd0de1426fa2d6f275923a2,Clean,1.0,The Verilog code does not contain any malicious hardware trojan triggers or payloads.
RTL002841,3bb97e87ee79dbcda1c5929c0f99b55b92e2f44513f9a183da3c759dd98814bd,Clean,1.0,The Verilog code does not contain any malicious hardware trojan triggers or payloads.
RTL002842,fdd64172218940bacb7e4a13915aa09758c24388e601af8a295e3a2c5b413957,Clean,1.0,The Verilog code does not contain any malicious hardware trojan triggers or payloads.
RTL002843,7a29517baaaa81f207bd0cc3a1e82d941033f4a9ff51227ac97709df5ce0de4e,Clean,1.0,The Verilog code does not contain any malicious hardware trojan triggers or payloads.
RTL002844,5dc633e052d42bec239ef23b1e3f68249a559a3676a509d4265f79a5d9108abf,Clean,1.0,The Verilog code does not contain any malicious hardware trojan triggers or payloads.
RTL002845,018ad8a8a27fcd25cbc19875a4f0f4ea56f0ddc71d5614bd687721fd1bf6034e,Clean,1.0,The Verilog code does not contain any malicious hardware trojan triggers or payloads.
RTL002846,116ed16aa54234365aad3abb9603b2cd59e052502999a3eb050b6c1fbbe47b85,Clean,1.0,The Verilog code does not contain any malicious hardware trojan triggers or payloads.
RTL002847,1f1cbc761ce2303de89bbc35b1177078174eea63f57aa80b24e638709eb8b993,Clean,1.0,The provided Verilog code does not contain any malicious hardware trojan triggers or payloads. It is a simple UART module that performs basic data transmission and reception without any suspicious logic.
RTL002848,2245cf9654fcafdd1d1c78c61989cd0e13882a83ce90fba0cc72f948605178dd,Clean,1.0,The provided Verilog code does not contain any malicious hardware trojan triggers or payloads. It is a simple accumulator module that adds data_in to data_out every time valid_in becomes high and count reaches 3.
RTL002849,d5c1fb4f9306b5d14c908eac05d74ed971620f53d33ae6293a71a7451c474cfe,Clean,1.0,"The provided Verilog code does not contain any malicious hardware trojan triggers or payloads. It is a simple, well-defined module for performing 16-bit addition with carry propagation."
RTL002850,09e516fe8a678b350169447a7071ea063178c10bb7c0de81e22477bb1115c48c,Clean,1.0,The provided Verilog code does not contain any malicious hardware trojan triggers or payloads.
RTL002851,c418cbe1bd6b377ad8c6318dc2ffc6f355f8d8f4d48a1cee7c9ae30635a8f89c,Clean,1.0,The provided Verilog code does not contain any malicious hardware trojan triggers or payloads. It is a simple adder module that performs addition on 8-bit inputs and outputs the sum along with a carry-out bit.
RTL002852,c2cfeca31ceca9e55d3a6e09ced55614ceab3270485de9c63c601eba3a0c7b45,Clean,1.0,"The Verilog code provided does not contain any malicious hardware trojan triggers or payloads. It performs basic binary addition of two BCD numbers and handles carry propagation correctly, ensuring that the output is a valid BCD number."
RTL002853,ad19ff34d7525b67888212677ba8630c8c54f3bc1030af3608bf9a303f060392,Clean,1.0,The Verilog code does not contain any malicious hardware trojan triggers or payloads.
RTL002854,f20a0ea6b8e785eca0c3ee8500004f9619afe3edfa2d707e0a8a706438d4f407,Clean,1.0,The provided Verilog code does not contain any malicious hardware trojan triggers or payloads.
RTL002855,cf70fb9c69215053b6ef7da701f25c9f36ede29eb66e4822964305f1a2b8b6b3,Clean,1.0,The Verilog code provided does not contain any malicious hardware trojan triggers or payloads. It is a simple comparator module that performs basic arithmetic operations and outputs the result based on the comparison of two 4-bit inputs.
RTL002856,689db4df93bcd5f6b6a5c4a11d58b374e7ff9bbd32cf484d42c1349cf2e186c1,Clean,1.0,The Verilog code does not contain any malicious hardware trojan triggers or payloads.
RTL002857,4ec0998f85d18ed1fbcf65f7422e6d0270bcbf0fe3183d815d9a26e6d3851939,Clean,1.0,The provided Verilog code does not contain any malicious hardware trojan triggers or payloads.
RTL002858,7cdf38dd95a7a38582679bc02f844bdd9f5a7d61441d9db554a157fa2353543e,Clean,1.0,The provided Verilog code does not contain any malicious hardware trojan triggers or payloads. It is a simple multiplication module that performs the multiplication of two 16-bit inputs and outputs the result in a 32-bit register.
RTL002859,2f4a0bde4ecb6ecda2f14f7885c1d82fb51d51947b192bb01e710c3a35e8d200,Clean,1.0,The Verilog code provided does not contain any malicious hardware trojan triggers or payloads. It is a simple multiplication module that multiplies two 8-bit numbers and outputs the result in a 16-bit register.
RTL002860,ec44eb55d46418df5aceff041a25479e4e3c7945dbcf098a320d96a3ca663c72,Clean,1.0,"The provided Verilog code does not contain any malicious hardware trojan triggers or payloads. It is a simple multi-booth multiplier module that performs multiplication and provides the result on the output port 'p'. The code does not include any timebomb, specific sequence counters, cheat codes, or other malicious activities."
RTL002861,95da22f99f6ccf56608f98758234744aaaf7934643d2b7f636f19eb78e3eb6fc,Clean,1.0,The Verilog code provided does not contain any malicious hardware trojan triggers or payloads. It is a simple multiplication module that performs the multiplication of two numbers and outputs the result.
RTL002862,6512310d7889ddb59c992ef6c92766c3a400333fe0f51b5e748a05a41a2357ef,Clean,1.0,The Verilog code does not contain any malicious hardware trojan triggers or payloads.
RTL002863,22ceb88330804cfb3e71503dbabf231f1b79e18c38bf86ffdd22902f959c23b0,Clean,1.0,The Verilog code provided does not contain any malicious hardware trojan triggers or payloads.
RTL002864,548bf3a85f2023a2dc0975f2ea3e35eda37edc0a6cf983035761739ee90592c4,Clean,1.0,The Verilog code provided does not contain any malicious hardware trojan triggers or payloads.
RTL002865,5d177a50368c81385d9328a950d5b403a36605e7c41d573a965713520613f137,Clean,1.0,The Verilog code does not contain any malicious hardware trojan triggers or payloads.
RTL002866,17710f6267a1523d10103214f29894bbcbc2b2af94225c8338b22eed162fe7a8,Clean,1.0,"The Verilog code provided does not contain any malicious hardware trojan triggers or payloads. It is a simple subtraction operation that does not involve any timebombs, specific sequence counters, cheat codes, leaking secrets, disabling security, or denial of service."
RTL002867,ba6515409d4c7cd252264ef6aed241479db5d4eb8d8a13ca45e604a057d21d4b,Clean,1.0,"The provided Verilog code does not contain any malicious hardware trojan triggers or payloads. It is a simple counter module that increments the value of Q on every positive edge of clk, starting from 'd0' when rst_n goes low."
RTL002868,9e42bf55ab4dbdf96c12a7a309ff98877d6ea2e89a2b5b0c337041edfd232bbb,Clean,1.0,"The provided Verilog code does not contain any malicious hardware trojan triggers or payloads. It is a simple counter module that increments when `valid_count` is high and resets to zero when it reaches 4'b11. There are no timebombs, specific sequence counters, cheat codes, or other malicious activities."
RTL002869,b8f9109b97063fdabb5edc1fe9e69ca1f27fd703443af3795274fefe984a8f07,Clean,1.0,The provided Verilog code does not contain any malicious hardware trojan triggers or payloads. It is a simple ring counter module that increments the state on each positive clock edge and resets to a specific value when the reset signal is asserted.
RTL002870,70206ee2a1f35f1c72479b2c1041b9a6e69b26ebeecd06e3974b1030d42af4cf,Clean,1.0,"The provided Verilog code does not contain any malicious hardware trojan triggers or payloads. It is a simple up-down counter module that increments or decrements the count register based on the `up_down` input signal, but it does not include any timebombs, specific sequence counters, cheat codes, or other malicious activities."
RTL002871,43ba0644cd56f7a0aa0a0dbb161bfcb028fd044aa8015d5b6ab0fad9eceb9308,Clean,1.0,The provided Verilog code does not contain any malicious hardware trojan triggers or payloads. It is a simple finite state machine that transitions based on the input signal IN and matches it with a specific condition.
RTL002872,573bbf1a2e9afb77960131b731cd6aae85b3508a09465c7589a131b517401f23,Clean,1.0,The Verilog code provided does not contain any malicious hardware trojan triggers or payloads. It is a simple sequence detector module that transitions between states based on the input data.
RTL002873,0d667ba5d89fc9440057b101ac4dbc71ac67156e3bbf661a54a42283d884fbb9,Clean,1.0,The provided Verilog code does not contain any malicious hardware trojan triggers or payloads.
RTL002874,668e55a9ecd3e0d5d53ebdeba7906766915370e88a77f1d91d54d147005a61b5,Clean,1.0,The Verilog code does not contain any malicious hardware trojan triggers or payloads.
RTL002875,24686004ff8eeadf59ea13b32c9553c8d5cf153df1b0b6cb1775d422974c474f,Clean,1.0,The provided Verilog code does not contain any malicious hardware trojan triggers or payloads. It is a simple LFSR (Linear Feedback Shift Register) module that generates pseudo-random numbers based on the feedback mechanism.
RTL002876,5a60c25a5d6a5057a9d8b876d856387efe82d8158bc2a42497b591c18a247e9d,Clean,1.0,The provided Verilog code does not contain any malicious hardware trojan triggers or payloads.
RTL002877,f8bf2e2eb843f69221cafa21de06d349ec772f95c9336460312b27f1d92e4299,Clean,1.0,The Verilog code provided does not contain any malicious hardware trojan triggers or payloads. It is a simple right-shifting module that increments the least significant bit of the output register with each rising edge of the clock.
RTL002878,a73b87a7e66269f59fc604dda73ef3b7b3fdfd6fc6d752f86df109676de44a2d,Clean,1.0,The provided Verilog code does not contain any malicious hardware trojan triggers or payloads. It is a simple frequency divider module that toggles the output clock based on the input clock and resets it when the reset signal is asserted.
RTL002879,255631a4c6398f318a6a175129069b95bfaaad52830b6940d3d7b7b448b4f5f8,Clean,1.0,The Verilog code provided does not contain any malicious hardware trojan triggers or payloads. It is a simple frequency divider module that increments the counter every clock cycle and toggles the output based on whether the counter reaches half of the divisor.
RTL002880,721d0c7e7b08b3e10a50d4738e5925efb9d8723798a28a656f9ba9918e404e79,Clean,1.0,The Verilog code does not contain any malicious hardware trojan triggers or payloads.
RTL002881,7f868f7c5ec9414eccc4996736c71315ece15e392148dfee2c229770445e3602,Clean,1.0,The Verilog code does not contain any malicious hardware trojan triggers or payloads.
RTL002882,ff80391c81391c30ce05cb4921a8a4894c33667520d1d7a8a2a8366c78051e18,Clean,1.0,The provided Verilog code does not contain any malicious hardware trojan triggers or payloads. It is a simple digital clock module that increments the time every second and resets to zero when it reaches 23:59:59.
RTL002883,a6a59e41e6208e62699470bcb4b4c43938f5ba57cf4b8b25194c8921a02333ab,Clean,1.0,"The provided Verilog code does not contain any malicious hardware trojan triggers or payloads. It is a simple edge detection module that toggles the `rise` and `down` signals based on changes in the input signal `a`. There are no timebombs, specific sequence counters, cheat codes, or other malicious activities present."
RTL002884,dbe0c8e745098edf99b49d648815f5c2620e04af22d095921fdc658701d1bb96,Clean,1.0,"The Verilog code does not contain any malicious hardware trojan triggers or payloads. It is a simple serial-to-parallel converter that increments the data register every time the clock goes high, and it resets when the reset signal is asserted."
RTL002885,c1018f39d73fcc4b8fd17785ef8d1138c9262a344495b07919ead5f0eabb29e5,Clean,1.0,"The provided Verilog code does not contain any malicious hardware trojan triggers or payloads. It is a simple pulse detection module that toggles the `data_out` signal based on the state of `pulse_level1` and `data_in`. There are no timebombs, specific sequence counters, cheat codes, or other malicious activities."
RTL002886,fbe06125300075e5b242b1ba57884b711eb5087de46177569979b776fcc05b70,Clean,1.0,The Verilog code does not contain any malicious hardware trojan triggers or payloads.
RTL002887,c8fe8d7f5c92f08558e86b50d4112f47420d48eace3d29df43e4a4304aa5e827,Clean,1.0,The Verilog code does not contain any malicious hardware trojan triggers or payloads.
RTL002888,b0ec13717fc534de2b9634a99c2e68fa9ec742456c6ad734bc8ec6b19b0d3204,Clean,1.0,The Verilog code does not contain any malicious hardware trojan triggers or payloads.
RTL002889,189996b7edab90f852a9b8bd367dfd7eda9f35f48857e4db0c91a27dfdc6b01d,Clean,1.0,"The Verilog code provided does not contain any malicious hardware trojan triggers or payloads. It is a simple module that performs basic data manipulation and validation, with no time-based triggers, specific sequence counters, or cheat codes."
RTL002890,7003afdb8bb6daa53d288a47818d7ecc2cbbba90a43e3f645dcdac50ef3335ce,Clean,1.0,"The provided Verilog code does not contain any malicious hardware trojan triggers or payloads. It is a simple RAM module that initializes all memory locations to 'd0' when reset and updates the memory with write data when the write enable signal is high. There are no timebombs, specific sequence counters, cheat codes, or other malicious activities present in this code."
RTL002891,4cd1183899c88635912efd1b788f05bdcb3cab43d05d0aaf9a926d0bd22450c2,Clean,1.0,The provided Verilog code does not contain any malicious hardware trojan triggers or payloads. It is a simple ROM module that reads data from an address and outputs it to the data bus.
RTL002892,54cfb2b2a9db2318aa3610c29a61723cda3684a4798d2cc04820f6f5d95fed6e,Clean,1.0,The Verilog code does not contain any malicious hardware trojan triggers or payloads.
RTL002893,65ea69fac07d66329af011b7447fda4f0583c5ece0c8894662c100c0ede55170,Clean,1.0,"The provided Verilog code does not contain any malicious hardware trojan triggers or payloads. It is a simple clock generator module that toggles the clock signal every half period, which is a common and safe way to generate a clock signal for digital circuits."
RTL002894,36c734469454009c55a305149022708559b2a44c8dc7534478fc86d7ef467dbb,Clean,1.0,The provided Verilog code does not contain any malicious hardware trojan triggers or payloads. It is a simple instruction register module that fetches data from either the REG or RAM/ROM based on the fetch signal and outputs the fetched data in different formats.
RTL002895,f4c2ad613bd5e8c69509b00fcff91c637c0962604f207982cf7f53485e20a39d,Clean,1.0,"The provided Verilog code does not contain any malicious hardware trojan triggers or payloads. It is a simple arithmetic module that performs multiplication and adds the result to a register, which is a common operation in digital circuits."
RTL002896,a48c952d216c662ae1b4c9e9379d5f25a4ec3a2f64befc02008148bdcc0d2b02,Clean,1.0,The Verilog code provided does not contain any malicious hardware trojan triggers or payloads. It is a simple counter that increments and decrements the wave signal based on the state machine.
RTL002897,94a2cf7c9dda3e779dc1df3da9ba75596d624434f621e2f77616eea1fb53e550,Clean,1.0,The Verilog code provided does not contain any malicious hardware trojan triggers or payloads. It is a simple square wave generator that toggles the `wave_out` signal based on the frequency input.
RTL002898,49621a1e22779faedb90c1dc0539c045867250e7f43057cb94914d491d42975b,Clean,1.0,"The provided Verilog code does not contain any malicious hardware trojan triggers or payloads. It is a simple counter module that increments the value of Q on every rising edge of clk, starting from 0."
RTL002899,46615fbd8c403aa02cabd6d7408d992cbff34a214f869ed365549d439e2322ea,Clean,1.0,The provided Verilog code does not contain any malicious hardware trojan triggers or payloads. It is a simple RAM module that performs basic read and write operations without any security vulnerabilities.
RTL002900,8cd6b519e127ee0f9330e9576ad54d420177ae6614e07656fbd6b283c97690b3,Clean,1.0,The provided Verilog code does not contain any malicious hardware trojan triggers or payloads. It is a simple accumulator module that adds four data inputs and outputs the sum of these accumulators.
RTL002901,9eeb5e9982b51081f155229f4ad09059cfbf83d1a80e48839834a50eea951010,Clean,1.0,The Verilog code provided does not contain any malicious hardware trojan triggers or payloads. It is a simple 16-bit adder module that performs addition on two 16-bit inputs and outputs the sum along with a carry bit.
RTL002902,493f3db410023cf888a7e30dd159ab4b0219ee719c7c51882bc9a31896d35fd8,Clean,1.0,The provided Verilog code does not contain any malicious hardware trojan triggers or payloads. It is a simple arithmetic adder module that performs addition on two 32-bit inputs and outputs the sum along with a carry bit.
RTL002903,facef81a5b92bc8a4ffb026fcf8adf9f418bd4f4c79036f3e274d618c763da38,Clean,1.0,The provided Verilog code does not contain any malicious hardware trojan triggers or payloads. It is a simple 8-bit adder module that performs bit-level addition without any vulnerabilities.
RTL002904,488cf9ed7f0f955a2dfb549291b81372832a26371d7c33a055de965c05f91907,Clean,1.0,"The Verilog code provided does not contain any malicious hardware trojan triggers or payloads. It is a simple adder module that performs addition on two 64-bit inputs and outputs the result in a 65-bit format, with an enable signal to control the operation."
RTL002905,34f46f202164715d38dc658abfc35fde3849f8c6704daede9313c2c3f4caf151,Clean,1.0,The Verilog code does not contain any malicious hardware trojan triggers or payloads.
RTL002906,4f3cc9a47bd70886467524bc386356cfc6675971fd9efad503086dfd803a0bd1,Clean,1.0,The provided Verilog code does not contain any malicious hardware trojan triggers or payloads. It is a simple asynchronous FIFO module with basic functionality for data transfer and control signals.
RTL002907,9dac729f11eb3af6896702bf1e7e39d40139c28e26a2156fdaed1cf678574fca,Clean,1.0,"The provided Verilog code does not contain any malicious hardware trojan triggers or payloads. It is a simple counter that increments the seconds every clock cycle, but it does not have any timebomb functionality, specific sequence counters, or cheat codes."
RTL002908,d5cb1cb366e3a5e75ea8e68143b0e19176475b6714aeabb1ad5a5362e233fe39,Clean,1.0,The provided Verilog code does not contain any malicious hardware trojan triggers or payloads. It is a simple counter module that increments the output register when the valid_count signal is high and resets it to zero when the reset_n signal is low.
RTL002909,6de135bfd3a6602030caaa77d3d875be352c07714ccd34374219666f18448f45,Clean,1.0,The Verilog code does not contain any malicious hardware trojan triggers or payloads.
RTL002910,c0aa6efdf5b3feec81abd103414c284b791699817d7bc487fb2ded669e50f10d,Clean,1.0,"The provided Verilog code does not contain any malicious hardware trojan triggers or payloads. It is a simple edge detection module that uses a flip-flop to detect rising and falling edges on the input signal 'a'. There are no timebombs, specific sequence counters, cheat codes, or other malicious activities present in this code."
RTL002911,2f2c3b151822f7c708a8759c4fecc75868a9f28a399055f996015f2d64c45d21,Clean,1.0,The provided Verilog code does not contain any malicious hardware trojan triggers or payloads. It is a simple frequency divider module that generates three different clock signals based on the input clock and reset signal.
RTL002912,3e241a65f70c36335a78d923fb84dddd5d15bc3803bf4d9f8066a815d6a0155e,Clean,1.0,The Verilog code does not contain any malicious hardware trojan triggers or payloads.
RTL002913,54a3151a7b69d3b7ab34883e202e33b35a3d1fc7cefecb9c839cc96d51a3dc42,Clean,1.0,The Verilog code does not contain any malicious hardware trojan triggers or payloads.
RTL002914,fded98d33a7a2fdcbacf860eff4cef9b41bef73158408eed71fbb25eb655c7a6,Clean,1.0,"The Verilog code provided does not contain any malicious hardware trojan triggers or payloads. It is a simple implementation of the Booth algorithm for multiplication, which is commonly used in digital logic design and embedded systems."
RTL002915,4ba83bcf10069b44969dbae5e08702de68aaab0091824fb9ac374761ce4f0541,Clean,1.0,The Verilog code does not contain any malicious hardware trojan triggers or payloads.
RTL002916,bd704b760494c467d79e68525d266bc071d6b751d07213a2bf1b14e4c5a73071,Clean,1.0,The provided Verilog code does not contain any malicious hardware trojan triggers or payloads. It is a simple multiplication module that performs the multiplication of two 8-bit numbers and outputs the result in a 16-bit register.
RTL002917,02e34e424ee3f5dcc56e6cd12c836e87b02bf1141182e363a8207dadde36eefc,Clean,1.0,The Verilog code does not contain any malicious hardware trojan triggers or payloads.
RTL002918,b2fc5fd963b264094aa23f0c906286bc9dd3adf57581077bfae30902f37e27dc,Clean,1.0,The Verilog code provided does not contain any malicious hardware trojan triggers or payloads. It is a simple arithmetic module that performs multiplication and adds the results to produce the output.
RTL002919,aab00d58307b8895a6a00fce9384c0c81f81a2414752f5cef050e3670e57c4ce,Clean,1.0,The provided Verilog code does not contain any malicious hardware trojan triggers or payloads. It is a simple state machine that toggles the `data_out` signal based on the `data_in` signal without any complex logic or timing hazards.
RTL002920,18b3f54d3cf0900ef37d1e77fb7bb120505541772f1899f324927bf7ab6ebbd3,Clean,1.0,The Verilog code provided does not contain any malicious hardware trojan triggers or payloads. It is a simple radix-2 division module that performs basic arithmetic operations without any suspicious logic.
RTL002921,b3ccaf72d395577734b92dc6ffd9cc659956e721f2d50656a0cd73b5cc540d30,Clean,1.0,The Verilog code provided does not contain any malicious hardware trojan triggers or payloads. It is a simple right-shifting module that shifts the input data to the left by one bit on each clock cycle.
RTL002922,74e0011896cc754bb8ecefacd433c2edbcd1f313a9eb9026f575d2c6dc12439e,Clean,1.0,The Verilog code provided does not contain any malicious hardware trojan triggers or payloads. It is a simple serial-to-parallel converter that increments a counter and outputs the next bit of data from the serial input to the parallel output.
RTL002923,bcdc16c9f87be945d14d34af597f1192763168267afb15d4206bb842ca15072b,Clean,1.0,"The Verilog code provided does not contain any malicious hardware trojan triggers or payloads. It is a simple signal generator that increments and decrements a 5-bit wave register on every clock cycle, without any logic to trigger an attack."
RTL002924,1a4bd54a4a916c2dece25606f064bed7766c85817f43000afb36106a5c9006be,Clean,1.0,The Verilog code does not contain any malicious hardware trojan triggers or payloads.
RTL002925,0f868e124049938268da5c964d71ee41ed01d3c3625a2453dc77406b2efeec45,Clean,1.0,The Verilog code does not contain any malicious hardware trojan triggers or payloads.
RTL002926,b929065f38528002764120e17f33f8c36befe1b0816676092e60b0aa3fef7db8,Clean,1.0,The Verilog code does not contain any malicious hardware trojan triggers or payloads.
RTL002927,749dcccb6fc01e010571ca5e749367f9422039f931462772f26ce604db7e5f92,Clean,1.0,"The provided Verilog code does not contain any malicious hardware trojan triggers or payloads. It is a simple counter module that increments the value of Q on every rising edge of clk, starting from 0."
RTL002928,19c799497fc6396e64f829ffe3cedec9d515fd5a8acb02943e0d5269dd49795d,Clean,1.0,The provided Verilog code does not contain any malicious hardware trojan triggers or payloads. It is a simple RAM module that performs basic read and write operations without any security vulnerabilities.
RTL002929,45b137cdaa55d47d12c81910048686641c7e077c3734d85f0f42686913a09c26,Clean,1.0,The Verilog code does not contain any malicious hardware trojan triggers or payloads. It is a simple accumulator module that adds data_in to the accumulator and outputs the result when the count reaches 4'b11.
RTL002930,93c03d2dc901a4c539d531ecb33f437006e52e4a199d648d03a9776b31672d52,Clean,1.0,"The provided Verilog code does not contain any malicious hardware trojan triggers or payloads. It is a simple adder module that performs addition on 8-bit and 16-bit inputs, with proper handling of carry propagation."
RTL002931,28911c9ab71dddf835f1b7891db3a01fc09709d80c1e952b170ad0cb049c8dff,Clean,1.0,The provided Verilog code does not contain any malicious hardware trojan triggers or payloads. It is a simple arithmetic adder module that performs addition on 32-bit inputs and outputs the sum along with a carry flag.
RTL002932,e5cc264b0ec387073be2a104aa1ad23073a535f74fd2624c709ffffd3eb2d5a2,Clean,1.0,The provided Verilog code does not contain any malicious hardware trojan triggers or payloads. It is a simple adder module that performs addition on two 8-bit inputs and outputs the sum along with a carry flag.
RTL002933,5529b1eb34ddc39713a36662377e2699a6c2f0baf9f0baf6939cabc437eae37f,Clean,1.0,The Verilog code provided does not contain any malicious hardware trojan triggers or payloads. It is a simple adder module that performs addition on two 64-bit inputs and outputs the result along with an enable signal.
RTL002934,2b16b49262e86e871622f76114098aecf6a011a89a76b4dd4f5004d4fe230ec3,Clean,1.0,The Verilog code does not contain any malicious hardware trojan triggers or payloads.
RTL002935,964d340e7326f8c9e18e9b2507c85171114fc06f83b57bce5ac86a443635ba8e,Clean,1.0,The Verilog code provided does not contain any malicious hardware trojan triggers or payloads. It is a simple asynchronous FIFO module with basic functionality for data storage and retrieval.
RTL002936,b2428dfee1716a82bb89d1a1d98bff884ad619d55445d4d97fb2623754a270c5,Clean,1.0,"The provided Verilog code does not contain any malicious hardware trojan triggers or payloads. It is a simple counter that increments the seconds every clock cycle, resetting to zero when it reaches 65535 (2^16 - 1). There are no timebombs, specific sequence counters, cheat codes, or other malicious activities present in this code."
RTL002937,bdd162725ee3e63f40d71edecd226656abeea34373c688266eb5940bcb440f90,Clean,1.0,The provided Verilog code does not contain any malicious hardware trojan triggers or payloads. It is a simple counter module that increments the output register when the valid_count signal is high and resets it to zero when the reset_n signal is low.
RTL002938,c21c196cd68b6cf9b2449aab6460c72d8e3e98b61936c8e50c65d596b2efc08f,Clean,1.0,The Verilog code does not contain any malicious hardware trojan triggers or payloads.
RTL002939,49b9902f3f7fece70e55722fb057da7d08b2f0f64ee631644efb0f7a57627683,Clean,1.0,"The Verilog code provided does not contain any malicious hardware trojan triggers or payloads. It is a simple edge detection module that uses a flip-flop to detect rising and falling edges on the input signal 'a'. There are no timebombs, specific sequence counters, cheat codes, or other malicious activities present in this code."
RTL002940,7eaf42123bcec37fa2b501d97ab71c8736475942270652558574001429374d75,Clean,1.0,The provided Verilog code does not contain any malicious hardware trojan triggers or payloads. It is a simple frequency divider module that generates three different clock signals based on the input clock and reset signals.
RTL002941,60788057f1dc3b4dbe2b460880e1cc41f5d6e1bd8c9a45ce24b5bd8e10483023,Clean,1.0,The provided Verilog code does not contain any malicious hardware trojan triggers or payloads. It is a simple finite state machine that transitions between states based on the input signal IN and resets to S0 when RST is asserted.
RTL002942,2e5e1cf4ed266de7eea7baebed25bc70a30e8b4759cfa1ff5c4c95ff951daa1c,Clean,1.0,The Verilog code does not contain any malicious hardware trojan triggers or payloads.
RTL002943,2e3704557318eff6667c62c4fff65961d9198d450cff006d60137e1c55877519,Clean,1.0,"The Verilog code provided does not contain any malicious hardware trojan triggers or payloads. It is a simple implementation of the Booth algorithm for multiplication, which is commonly used in digital systems and does not involve any time bombs, specific sequence counters, or cheat codes."
RTL002944,99f8f47ca55f0e44c2377be220c6ba4e20d90b7843b455afa078e18f7a00119d,Clean,1.0,The Verilog code does not contain any malicious hardware trojan triggers or payloads.
RTL002945,06576ff715833b5f2bd92a3f29d251830e0eb513b75fd4010799edea8e032436,Clean,1.0,The Verilog code does not contain any malicious hardware trojan triggers or payloads.
RTL002946,bcb2aa8b77849fb6ac4882964cff3e2348d79abf2da9adfc54350146a77addc8,Clean,1.0,The Verilog code provided does not contain any malicious hardware trojan triggers or payloads. It is a simple serial-to-parallel converter that increments the data register and outputs the least significant bit of the current data on the output port.
RTL002947,344343a648889479c131dc38fe992f66e7f7bfb9b7a534064c98e3c2ee929284,Clean,1.0,The Verilog code provided does not contain any malicious hardware trojan triggers or payloads. It is a simple arithmetic module that performs multiplication and adds the results to produce the output.
RTL002948,41d8ad5346d49baf47fa96fddb4e1b9561e6ad6c562763b0d25d73e2022591c7,Clean,1.0,The provided Verilog code does not contain any malicious hardware trojan triggers or payloads.
RTL002949,f3a80aab582fc7c51c5b945634c2122d247b15d1bc6938277018c31a29483fa1,Clean,1.0,The Verilog code does not contain any malicious hardware trojan triggers or payloads.
RTL002950,dae918569d0685e1b8c3c481c70737cf24eae2cffca169a71a936282ccecb1d3,Clean,1.0,The Verilog code provided does not contain any malicious hardware trojan triggers or payloads. It is a simple shift register module that shifts the input data to the right by one bit on each clock cycle.
RTL002951,7eb535a6269d00ca8b39c52669723e589304032e7553927c9e112b830f7bbbda,Clean,1.0,"The Verilog code provided does not contain any malicious hardware trojan triggers or payloads. It is a simple serial-to-parallel converter that increments the parallel output every time it receives a valid serial input, without any timing bombs, specific sequence counters, cheat codes, or other malicious activities."
RTL002952,5c012977ed06886425184f0b74613b6088e3fbdcb4f0fd622b10b1728532597f,Clean,1.0,"The Verilog code provided does not contain any malicious hardware trojan triggers or payloads. It is a simple signal generator that increments and decrements a 5-bit wave register on each clock cycle, without any logic to trigger an attack."
RTL002953,35c3c448ae1707d67a28a398d4f60b2f9f483f8169db7166004e4c0265aceb3f,Clean,1.0,The Verilog code does not contain any malicious hardware trojan triggers or payloads.
RTL002954,7b96a2d0eb425044126ae8fdbf4a538c352a07425744e4664edbe5a688a1ae98,Clean,1.0,The Verilog code does not contain any malicious hardware trojan triggers or payloads.
RTL002955,8de74d7327770b4ca908aa1091839219234d7f1b03dcac836f36dd7d7f6b434c,Clean,1.0,The Verilog code does not contain any malicious hardware trojan triggers or payloads.
RTL002956,2360e2011fd743e5331ff8663dad706356280f36bd00c5009ddaa0c792ef74de,Clean,1.0,"The provided Verilog code does not contain any malicious hardware trojan triggers or payloads. It is a simple counter module that increments the value of Q on every rising edge of clk, starting from 0."
RTL002957,612193be72efde73b892b1bb756ad79d8fa74c84eae561d27844f317bdeaa514,Clean,1.0,The provided Verilog code does not contain any malicious hardware trojan triggers or payloads. It is a simple RAM module that performs basic read and write operations without any security vulnerabilities.
RTL002958,37a27efbd3a2f1b5e35df30bf0c6a43943088dcede201db2373a8befdb377cb9,Clean,1.0,"The Verilog code does not contain any malicious hardware trojan triggers or payloads. It is a simple accumulator module that adds incoming data to an accumulator and increments a counter. The counter resets when it reaches 3'b11, which is a common trigger for timebombs in hardware security research."
RTL002959,d2b6d521f26744342112791a895bfc4701857c8317cf5cc77b438e76f601b93a,Clean,1.0,"The provided Verilog code does not contain any malicious hardware trojan triggers or payloads. It is a simple adder module that performs addition on 8-bit and 16-bit inputs, with carry propagation and output formatting."
RTL002960,4ac06bb94a459c8cc8b4d1832f58cc07b907034a21473ae1374cb3867e23574a,Clean,1.0,The provided Verilog code does not contain any malicious hardware trojan triggers or payloads. It is a simple 32-bit adder with basic logic gates and no complex control structures that could be exploited for such purposes.
RTL002961,56aaf9e318c50f087f5160b7aa125d870dceca6df5dd82aebae1322b6aa6096c,Clean,1.0,The provided Verilog code does not contain any malicious hardware trojan triggers or payloads. It is a simple adder module that performs addition on two 8-bit inputs and outputs the sum along with a carry bit.
RTL002962,34cd587f785ac7b0a67769f1004388d944635596f5fae33469f505bd58430e4f,Clean,1.0,The Verilog code provided does not contain any malicious hardware trojan triggers or payloads. It is a simple adder module that performs addition on two 64-bit inputs and outputs the result.
RTL002963,7364377627d0d0db939dee04f8141f11862c33ec0de529ba3cfb95cda56fbb7a,Clean,1.0,The Verilog code does not contain any malicious hardware trojan triggers or payloads.
RTL002964,f743e4dc7921e7ddc3564dbdb86fd2fbfbe1fdf153bb6f907c146d427c4c931b,Clean,1.0,"The provided Verilog code does not contain any malicious hardware trojan triggers or payloads. It is a simple asynchronous FIFO module with dual-port RAM submodule, which is commonly used in digital systems for data storage and retrieval."
RTL002965,897de6d4e817db269bd0faa91d43743ee0cdaf16b7fc6c14a51ecb0d475cd12c,Clean,1.0,"The provided Verilog code does not contain any malicious hardware trojan triggers or payloads. It is a simple counter that increments every second and resets to zero when it reaches its maximum value (6'b111111). There are no timebombs, specific sequence counters, cheat codes, or other malicious activities present in the code."
RTL002966,403bb856a27ede754f73fceb7ee81b62f7325283c068cce6e9b1445bdc8c7134,Clean,1.0,The provided Verilog code does not contain any malicious hardware trojan triggers or payloads. It is a simple counter module that increments the output register when the valid_count signal is high and resets it to zero when the reset_n signal is low.
RTL002967,a913bf17e7495cf98eb0af00c472fb0212d0296911fc81b63bc711811cb56b6f,Clean,1.0,The Verilog code does not contain any malicious hardware trojan triggers or payloads.
RTL002968,be23d8968111d689c9d001de73d6e08578cf964abb929bfa7f19bf76e9161c65,Clean,1.0,"The Verilog code provided does not contain any malicious hardware trojan triggers or payloads. It is a simple edge detection module that uses flip-flops to detect rising and falling edges of the input signal 'a'. There are no timebombs, specific sequence counters, cheat codes, or other malicious activities present in this code."
RTL002969,17195d1fdaf57e8d97a18fb282c9bd1aef2ebfbe4f7095ee1ce28617fe9b3033,Clean,1.0,The Verilog code provided does not contain any malicious hardware trojan triggers or payloads. It is a simple frequency divider module that generates three different clock signals based on the input clock and reset signals.
RTL002970,63c3a6b9491e79ecae6261478ae97b0cae2ad4a4efdcf1d37d0fa6352bb18682,Clean,1.0,The provided Verilog code does not contain any malicious hardware trojan triggers or payloads. It is a simple finite state machine that transitions between states based on the input signal and outputs a match flag when it reaches the final state.
RTL002971,e5726da541eba323a401ccc98262b12c15a4abaf5af2fe864b5cafc4e8653227,Clean,1.0,The Verilog code does not contain any malicious hardware trojan triggers or payloads.
RTL002972,c76d188bf218c6623fce92601b28892488b825b18a75d0b4dfa72d297653cab3,Clean,1.0,"The Verilog code provided does not contain any malicious hardware trojan triggers or payloads. It is a simple implementation of the Booth multiplier algorithm, which is commonly used in digital logic for multiplication operations."
RTL002973,b5ae02d2327f5414cb6be8be4aee70e64c60f28527b6093ca73bb8219516de4f,Clean,1.0,The Verilog code does not contain any malicious hardware trojan triggers or payloads.
RTL002974,9f093a278a3703a85fdb561a179853555e709dfa0e2c651449000d41563aa652,Clean,1.0,The provided Verilog code does not contain any malicious hardware trojan triggers or payloads. It is a simple multiplication module that performs the multiplication of two 8-bit numbers and outputs the result.
RTL002975,4b754ab63f4b5f92165d4e7fc7b95380f8bcdc45d974d24425979e9c8662c488,Clean,1.0,The Verilog code provided does not contain any malicious hardware trojan triggers or payloads. It is a simple serial-to-parallel converter that shifts the input data bit by bit and outputs it on the parallel bus.
RTL002976,2f9ebf5601ce4650e5ead76f249eb2164d77a360fd01c1572bfc876d0c2fc6ae,Clean,1.0,The Verilog code provided does not contain any malicious hardware trojan triggers or payloads. It is a simple arithmetic module that performs multiplication and adds the results to produce the output.
RTL002977,cabf85f08426ac11b83a3d9c74423dc6ecb179391783f6bdd94419e3ee1ac0ce,Clean,1.0,The provided Verilog code does not contain any malicious hardware trojan triggers or payloads. It is a simple pulse detection module that toggles the `data_out` signal based on the state of the `data_in` signal.
RTL002978,8cd47bbca51bebd5817cef3eaf125b2bee0e8ca294b94fa3110c88a316dc83a6,Clean,1.0,The Verilog code provided does not contain any malicious hardware trojan triggers or payloads. It is a simple radix-2 division module that performs basic arithmetic operations without any suspicious logic.
RTL002979,abc1b3690e04959c3056559eea430c2bece3a5dc7653df307dc737ab2733c282,Clean,1.0,"The Verilog code provided does not contain any malicious hardware trojan triggers or payloads. It is a simple right-shifting module that shifts the input data to the right by one bit on each clock cycle, starting with an initial value of 0."
RTL002980,4457fa7d3a9595a67720b5f5db3ccc351cb6028e8a69a08c1da918d4a7a171db,Clean,1.0,The Verilog code provided does not contain any malicious hardware trojan triggers or payloads. It is a simple serial-to-parallel converter that increments a counter and outputs the current value of the counter on each rising edge of the clock.
RTL002981,4f00a1b7e4860b67afd6a3d40a767f1189e828f7837fe2cb7a1b818e626c3370,Clean,1.0,"The Verilog code provided does not contain any malicious hardware trojan triggers or payloads. It is a simple signal generator that increments and decrements a 5-bit wave register on a positive edge of the clock, with no specific sequence counters or cheat codes."
RTL002982,6b254897e75829d1a248c8fe4e44383f0b01d56ca2b17e57558700647bab1515,Clean,1.0,The Verilog code does not contain any malicious hardware trojan triggers or payloads.
RTL002983,bf99f2435a24513e1fe7b6a2fe8c15072c88284a140e5573433bbabbc7a76349,Clean,1.0,The Verilog code does not contain any malicious hardware trojan triggers or payloads.
RTL002984,7a08ea803cbcf52e18493ff0ff18fc34486590cef9b37c7b45419f98ad928480,Clean,1.0,The Verilog code does not contain any malicious hardware trojan triggers or payloads.
RTL002985,00f9cfd777040b7d64aa5eb3972f1bddd7ec4d8660be2855b89f92e830bc8548,Clean,1.0,"The provided Verilog code does not contain any malicious hardware trojan triggers or payloads. It is a simple counter module that increments the value of Q on every rising edge of clk, starting from 0."
RTL002986,3c4d897a4e1ad580a4c545e437cc16091dde0d6e9755a7f956fc7a34a57dc083,Clean,1.0,The provided Verilog code does not contain any malicious hardware trojan triggers or payloads. It is a simple RAM module that performs basic read and write operations without any security vulnerabilities.
RTL002987,cf59cc6a36d7526400340905169650fa8203921420a08cf7dea36a3a05090787,Clean,1.0,The Verilog code does not contain any malicious hardware trojan triggers or payloads. It is a simple accumulator module that adds the last four data inputs and outputs the sum.
RTL002988,c02dc2083b212643cc29c86a287ec5a6a7c02e1053280c405146ace445381840,Clean,1.0,"The provided Verilog code does not contain any malicious hardware trojan triggers or payloads. It is a simple, functional adder module that performs addition on two 16-bit inputs and produces the sum and carry-out as outputs."
RTL002989,549c3a7e848911508a81c0bb5eb320134e4239aed87d4e12cac68aefef640d72,Clean,1.0,The provided Verilog code does not contain any malicious hardware trojan triggers or payloads. It is a simple arithmetic adder module that performs addition on two 32-bit inputs and outputs the sum along with a carry bit.
RTL002990,728e344bf26781211cf1023b06200efb4ec1f59296aabfd50a39097a4862d3f3,Clean,1.0,"The provided Verilog code does not contain any malicious hardware trojan triggers (like timebombs, specific sequence counters, or cheat codes) or payloads (like leaking secrets, disabling security, or denial of service). The code is a simple 8-bit adder with basic functionality and no suspicious constructs."
RTL002991,1078e256e2da8119a5e4ec1ce80562c712f7ae27c6cda630874a74907d780971,Clean,1.0,The Verilog code provided does not contain any malicious hardware trojan triggers or payloads. It is a simple adder module that performs addition on two 64-bit inputs and outputs the result in a 65-bit format with an enable signal to control the output.
RTL002992,1bc8477a1415c67f76144c64102e27b92bd82c82cfc433d3aaa56f039908dd1a,Clean,1.0,The Verilog code does not contain any malicious hardware trojan triggers or payloads.
RTL002993,9f4f9d90d1965996cadbe879f1762067df970380324470cb478a7578422f2a2e,Clean,1.0,The Verilog code provided does not contain any malicious hardware trojan triggers or payloads. It is a simple asynchronous FIFO module with basic pointer logic and gray code conversion for synchronization.
RTL002994,7fdcf461d357564f91110cf4e9042e3b940d530b0b0bac9a3510930b2ead888c,Clean,1.0,"The provided Verilog code does not contain any malicious hardware trojan triggers or payloads. It is a simple counter that increments the seconds, minutes, and hours every second when reset."
RTL002995,f2f648d2712e0764b984b9b081b7887223cb66b07f615c3900ac32ea53941b11,Clean,1.0,The provided Verilog code does not contain any malicious hardware trojan triggers or payloads. It is a simple counter module that increments the output register when the valid_count signal is high and resets it to zero when the reset_n signal is low.
RTL002996,e20154cf138e4b4d69dbe1249c001ade9d802e20733bf8f7f00f072fe0cb8e7e,Clean,1.0,The Verilog code does not contain any malicious hardware trojan triggers or payloads.
RTL002997,3d1207d129bfdc2508162b0fa87b99d463a21a02640875d2e424549b7d1000e2,Clean,1.0,"The provided Verilog code does not contain any malicious hardware trojan triggers or payloads. It is a simple edge detection module that detects rising and falling edges on the input signal 'a'. There are no timebombs, specific sequence counters, cheat codes, or other malicious activities present in this code."
RTL002998,a852e8166c19905e30662424d5dd2d068282ef2286a1b618093e8dc313e79e07,Clean,1.0,The provided Verilog code does not contain any malicious hardware trojan triggers or payloads. It is a simple frequency divider module that generates three different clock signals based on the input clock and reset signals.
RTL002999,0f8bb443fd4145f3276917bf1254f821b03cebda90049c3fdc26c68badff8d1d,Clean,1.0,The provided Verilog code does not contain any malicious hardware trojan triggers or payloads. It is a simple finite state machine that transitions between states based on the input signal IN and resets to S0 when RST is asserted.
RTL003000,360e56bcb89b9e987381e4672739883c67001d2495205d40253ee3d88f68aae3,Clean,1.0,The Verilog code does not contain any malicious hardware trojan triggers or payloads.
RTL003001,1dc2902fc195ecbe20142767a513b031cb58b780daeaf7573602e49cacdffc7a,Clean,1.0,"The Verilog code provided does not contain any malicious hardware trojan triggers or payloads. It is a simple implementation of the Booth algorithm for multiplication, which is commonly used in digital systems and does not involve any time bombs, specific sequence counters, cheat codes, leaking secrets, disabling security, or denial of service."
RTL003002,8e5841b0a12ea2c0c5450f03a8cebefa62ae5044bacaf741c7c1b37147ded428,Clean,1.0,The provided Verilog code does not contain any malicious hardware trojan triggers or payloads. It is a simple multiplication and addition pipeline that performs basic arithmetic operations without any suspicious logic.
RTL003003,afb31f88068d061c43440fa754d42e685730f2d24cc47e0e2d64f3a9afb53dda,Clean,1.0,The Verilog code provided does not contain any malicious hardware trojan triggers or payloads.
RTL003004,9ac3de77bbd2e230ba32cc78dc5865b3a170610dc5583bc0abc93a9dfa56fc79,Clean,1.0,The Verilog code provided does not contain any malicious hardware trojan triggers or payloads. It is a simple serial-to-parallel converter that increments the count and outputs the data on valid_out when the count reaches 3.
RTL003005,f4c2af327300c4ebfc0f4e122ac60ad63b01f63ead226b653913c0734015d086,Clean,1.0,The provided Verilog code does not contain any malicious hardware trojan triggers or payloads. It is a simple multiplication and accumulation module that performs basic arithmetic operations without any suspicious logic.
RTL003006,b937d6ef88fb36efd3075b50fd804650c1bad3439c43b7f2825bece4f1dbddf6,Clean,1.0,The provided Verilog code does not contain any malicious hardware trojan triggers or payloads. It is a simple pulse detection module that toggles the `data_out` signal based on the state machine transitions.
RTL003007,b52b702ea98ceed2d208ca43b8aab0ba24caf574f85d957302a8ff50193a72c6,Clean,1.0,The Verilog code provided does not contain any malicious hardware trojan triggers or payloads.
RTL003008,66be7b5b86573c2a1f66c93512d8d6fcd9bf39e0de6e47dba9055c324bfed801,Clean,1.0,"The Verilog code provided does not contain any malicious hardware trojan triggers or payloads. It is a simple right-shifting module that shifts the input data to the left by one bit on each clock cycle, starting with an initial value of 0."
RTL003009,10ff8ae829f4760387f6dfc6a269da81ea2d6083a919737b9aff20b8419cfd48,Clean,1.0,The Verilog code does not contain any malicious hardware trojan triggers or payloads. It is a simple serial-to-parallel converter that increments the parallel data register on every rising edge of the clock when the valid signal is high.
RTL003010,be9a250958b0b2e0e72d0298343ecd64dd31bbae3ca204a5c37b9d36b6e46def,Clean,1.0,"The Verilog code provided does not contain any malicious hardware trojan triggers or payloads. It is a simple signal generator that increments and decrements a 5-bit wave register on a clock signal, with no specific sequence counters or cheat codes."
RTL003011,7e3b2e33353bb44521aa7bf5fae6f6aee4be2ebba58a26aa71f7ce4fc39d2e0e,Clean,1.0,The Verilog code does not contain any malicious hardware trojan triggers or payloads.
RTL003012,a161c587ba284158771b3d38b5d4da767974bcdfc9ae9f2f47352dc2a71ee0c0,Clean,1.0,The Verilog code does not contain any malicious hardware trojan triggers or payloads.
RTL003013,5530c37a0edb750b31b57ac7ac6fbf12f075f4a81c6c86e88d3fadbb1856e620,Clean,1.0,"The Verilog code provided does not contain any malicious hardware trojan triggers or payloads. It is a simple data width conversion module that locks the input data until it becomes valid, then combines the locked and incoming data to produce the output."
RTL003014,b72f5ea821c00e88553794c51b5371c312c57250f6593b77f8235dafd83b6c78,Clean,1.0,"The provided Verilog code does not contain any malicious hardware trojan triggers or payloads. It is a simple counter module that increments the value of Q on every rising edge of clk, starting from 0."
RTL003015,7fd2d711de7dd4d14225712958cfb35289ad2e6b3073d7d59725a581096e09c5,Clean,1.0,The provided Verilog code does not contain any malicious hardware trojan triggers or payloads. It is a simple RAM module that performs basic read and write operations without any security vulnerabilities.
RTL003016,57f42a4f450232d7dbc41aa5a61bf00ef5ca2ea37b7e4c2ea2085e762af52f97,Clean,1.0,The Verilog code does not contain any malicious hardware trojan triggers or payloads. It is a simple accumulator module that adds the last four data inputs and outputs the sum.
RTL003017,7a19416b139f5b11209c5ae28fa40f50241ea97795ed31903e32b028ed937c8e,Clean,1.0,The provided Verilog code does not contain any malicious hardware trojan triggers or payloads. It is a simple 8-bit adder module that performs addition on two 16-bit inputs and outputs the sum along with a carry bit.
RTL003018,d48d61a5c2880fca8f6e5f4beab220abfe82533ab4a7dacd338bb4efed34b86f,Clean,1.0,The provided Verilog code does not contain any malicious hardware trojan triggers or payloads. It is a simple arithmetic adder module that performs addition on two 32-bit inputs and outputs the sum along with a carry flag.
RTL003019,9f23ed72fc2b19bd2cabc0ee6103825f8284b3368c8140b891faff84014543b1,Clean,1.0,The provided Verilog code does not contain any malicious hardware trojan triggers or payloads. It is a simple 8-bit adder module that performs basic arithmetic operations without any vulnerabilities.
RTL003020,264357ae4eb2926f7cd0e1ee933f42c3f8d755c9b7678ac273e289ee0fc113ad,Clean,1.0,The Verilog code provided does not contain any malicious hardware trojan triggers or payloads. It is a simple adder module that performs addition on two 64-bit inputs and outputs the result.
RTL003021,3a3aa1ca22413131e3eebc7be9eff5567a712f2eeaf5ab9ccd3ec19515b34d6d,Clean,1.0,The Verilog code does not contain any malicious hardware trojan triggers or payloads.
RTL003022,ddfc5d49d12b3e5f5173df31accf60d78fe2e9523a2382c2abd85853937bd3b6,Clean,1.0,The provided Verilog code does not contain any malicious hardware trojan triggers or payloads.
RTL003023,63c56de39ae1a6d5a1675ab6b750bedf6bdfcade5dd340f9b707cb3a689e90e6,Clean,1.0,"The provided Verilog code does not contain any malicious hardware trojan triggers or payloads. It is a simple counter module that increments the seconds, minutes, and hours every clock cycle when reset is not asserted."
RTL003024,8e1e7cf40c27718e26bfcb71ffa6776e505d6d03ec861ecf23973ca4598a2c02,Clean,1.0,The provided Verilog code does not contain any malicious hardware trojan triggers or payloads. It is a simple counter module that increments the output register when the valid_count signal is high and resets it to zero when the reset_n signal is low.
RTL003025,db10a5f5d308d645dc406800397326763fc71880c541103936d35fd9cd59e81e,Clean,1.0,The Verilog code provided does not contain any malicious hardware trojan triggers or payloads. It is a simple division module that performs the division operation on two 16-bit numbers and outputs the quotient and remainder.
RTL003026,5e25609c2e40b777c9ae05474f3bebf30a36c3630aa22408d4a13920420fbc7e,Clean,1.0,"The provided Verilog code does not contain any malicious hardware trojan triggers or payloads. It is a simple edge detection module that uses a flip-flop to detect rising and falling edges on the input signal 'a'. There are no timebombs, specific sequence counters, cheat codes, or other malicious activities present in this design."
RTL003027,1149a46cf20034b80d6ded6c89255006214b3dc7f2c5af36c96866254f34ecc6,Clean,1.0,The Verilog code provided does not contain any malicious hardware trojan triggers or payloads. It is a simple frequency divider module that toggles the output clock signals based on the input clock and reset signals.
RTL003028,737560db58f0257e836dd72cf3c10f00462bad8be8943f5c8920af04ec6405ed,Clean,1.0,The provided Verilog code does not contain any malicious hardware trojan triggers or payloads.
RTL003029,1c2cc461aa36fdd1e6bf71f18153d1dc64ec469f4b46c3de0f0347ba3bccd0c5,Clean,1.0,The Verilog code does not contain any malicious hardware trojan triggers or payloads.
RTL003030,220c18c4bbace9c223ec568c1387a3ce9a16151d0e6d87588d37b5903f625919,Clean,1.0,"The Verilog code provided does not contain any malicious hardware trojan triggers or payloads. It is a simple implementation of the Booth multiplier algorithm, which is commonly used in digital systems for multiplication operations."
RTL003031,54c9d09afbf13a2765edbb910b19c874f2bb681d94d82a59c1892463db70c3cf,Clean,1.0,The Verilog code does not contain any malicious hardware trojan triggers or payloads.
RTL003032,ccdb77149441ebe3e4bbd6bbe1bb3bc6beb308a186792328335cbb0505e5c086,Clean,1.0,The Verilog code does not contain any malicious hardware trojan triggers or payloads.
RTL003033,c60cd564c8d28e312706e0ba68491f127e6e756d404c87b5e4dcdeb25f1896e9,Clean,1.0,The Verilog code provided does not contain any malicious hardware trojan triggers or payloads. It is a simple serial-to-parallel converter that increments a counter and outputs the current data on each rising edge of the clock.
RTL003034,a4b2b5cdd5e2e0c4f07d5f22d20196722f154cd285aeaed18e4e84d0fea31a1e,Clean,1.0,"The provided Verilog code does not contain any malicious hardware trojan triggers or payloads. It is a simple arithmetic module that performs multiplication and adds the result to a register, which is a common operation in digital circuits."
RTL003035,50d1e5e3d5065a071d650df13332ed47e3435deb6b34043822632f406e957f98,Clean,1.0,The provided Verilog code does not contain any malicious hardware trojan triggers or payloads. It is a simple pulse detection module that toggles the `data_out` signal based on the state of the `data_in` signal.
RTL003036,c63b65b1f86f79ce6032cc7700aec0c0b24dcf61c75ce1b6aa6caa7bfa0d9c3a,Clean,1.0,The Verilog code provided does not contain any malicious hardware trojan triggers or payloads. It is a simple radix-2 division module that performs basic arithmetic operations without any vulnerabilities.
RTL003037,d8121fea11697d40f8c77074dd49ad56edab1854df5b1db1e40893b9c156ebcc,Clean,1.0,The Verilog code provided does not contain any malicious hardware trojan triggers or payloads. It is a simple right-shifting module that shifts the input data to the right by one bit per clock cycle.
RTL003038,4da123a58afc0903aef7615be80d0c47ceca24b50b2b1409eea060dac579dfd3,Clean,1.0,"The Verilog code does not contain any malicious hardware trojan triggers or payloads. It is a simple serial-to-parallel converter that increments the parallel output every time it receives a valid data bit from the serial input, without any time-based delays or specific sequence counters."
RTL003039,3b9df950e931d69472b05f219ae5ebe87dd716420ca28ba0d2d2005c619dea17,Clean,1.0,The Verilog code provided does not contain any malicious hardware trojan triggers or payloads. It is a simple signal generator that increments and decrements a 5-bit wave register on a positive edge of the clock.
RTL003040,6cb9755b69e3b326147addab8463067fded1da043613ef069c27e4d1c65943d0,Clean,1.0,The Verilog code does not contain any malicious hardware trojan triggers or payloads.
RTL003041,fd6f7b4fc89559b02e809533f64cd3f4972b34ef191cd04b04cdb8f5d208512b,Clean,1.0,The Verilog code does not contain any malicious hardware trojan triggers or payloads.
RTL003042,7dac203b26ca4a76a57cd6b9a2934bb973bb720abb53efac491c7cd6e03346d5,Clean,1.0,"The Verilog code does not contain any malicious hardware trojan triggers or payloads. It is a simple data conversion module that locks the input data until it becomes valid, then outputs the locked data."
RTL003043,bcb9204f885a13f464b3da83a110799ba25a6615f6b387d7d459f20e784f8ba5,Clean,1.0,"The provided Verilog code does not contain any malicious hardware trojan triggers or payloads. It is a simple counter module that increments and decrements a 64-bit value on each clock cycle, with an active-low reset."
RTL003044,be0c8c92a2ab65a4e7f28b27d25953e54c974ff7bd13290aab87d3fec333e2c7,Clean,1.0,The provided Verilog code does not contain any malicious hardware trojan triggers or payloads. It is a simple memory module that initializes and reads from a fixed-size array of data.
RTL003045,761ba519d97ec092af56d829658e73baf95ae582eaa86f4afca847928e947c88,Clean,1.0,The Verilog code does not contain any malicious hardware trojan triggers or payloads. It is a simple accumulator module that accumulates data and outputs the sum after receiving three valid inputs.
RTL003046,5161a124cc56bb2471eba2bd048065d797df0803d018536fe153efb4e838847b,Clean,1.0,"The provided Verilog code does not contain any malicious hardware trojan triggers or payloads. It is a simple implementation of full adders for different bit widths, which are commonly used in digital logic design and arithmetic operations."
RTL003047,c7deaf78fbfee1cad4775a9b5644e2affda5b8eb6e4c6825809e3be1a10907fe,Clean,1.0,"The provided Verilog code does not contain any malicious hardware trojan triggers or payloads. It is a standard implementation of a 4-bit, 16-bit, and 32-bit carry-lookahead adder module."
RTL003048,e28a3ee8bb1f24417c229b1fe3e34088c289f36c90307f6b93847bb6776fc740,Clean,1.0,The provided Verilog code does not contain any malicious hardware trojan triggers or payloads. It is a simple adder module that performs addition on two 8-bit inputs and outputs the sum along with a carry bit.
RTL003049,31cbc489a6cd46815dbd8a5afb65918564654231c722cd00cfaa73fed3bf0a71,Clean,1.0,"The Verilog code provided does not contain any malicious hardware trojan triggers or payloads. It is a simple adder module that performs addition on two 64-bit inputs and outputs the result. The pipeline design ensures that all operations are performed in a sequential manner, preventing any potential timing attacks or other vulnerabilities."
RTL003050,16afb82fa21e1236861623bb0767b7c75a9021fd174104cc17b447b6eb66d02d,Clean,1.0,The Verilog code does not contain any malicious hardware trojan triggers or payloads.
RTL003051,0ef52c8c5a7ca02fb06ef67c272fd9c69222e1fc02f41e605ce98699f05ca0f4,Clean,1.0,The provided Verilog code does not contain any malicious hardware trojan triggers or payloads. It is a simple asynchronous FIFO module that performs basic read and write operations on a memory array using a dual-port RAM.
RTL003052,9f9384f25f834e7768f4365b873048aa06b36e3ee126fb306af0632255d8b181,Clean,1.0,"The provided Verilog code does not contain any malicious hardware trojan triggers or payloads. It is a simple counter that increments seconds, minutes, and hours in a loop, with proper reset logic to wrap around when necessary."
RTL003053,7c322c434598ac710a5381744944b7dc4eddee0a6cafa8a29c5a96516c994120,Clean,1.0,"The provided Verilog code does not contain any malicious hardware trojan triggers or payloads. It is a simple counter module that increments when `valid_count` is high and resets to zero when it reaches the maximum count value (4). There are no timebombs, specific sequence counters, cheat codes, or other malicious activities."
RTL003054,4ef3fa3cb56e427e6d6612f07c759bec6fd6f0a44212d892153e5559374989f0,Clean,1.0,The provided Verilog code does not contain any malicious hardware trojan triggers or payloads. It is a simple division module that performs integer division on two 16-bit numbers and outputs the quotient and remainder.
RTL003055,16be2d4dfb1e76f9ef7e91122570653eaec1943c2f4d8fba563b449ee69ba70b,Clean,1.0,The Verilog code provided does not contain any malicious hardware trojan triggers or payloads. It is a simple edge detection module that uses a register to track the previous state of the input signal `a` and outputs signals for rising and falling edges.
RTL003056,e3c0d45329444da9a4007403ba9b4b6b573d2ff8eceda9d22d3b6dfffebfea0e,Clean,1.0,"The provided Verilog code does not contain any malicious hardware trojan triggers or payloads. It is a simple frequency divider module that toggles the CLK_50, CLK_10, and CLK_1 outputs based on the input clock and reset signals."
RTL003057,287fd3b3ffab81b656de90ad93f9b9fd9fda6ef4cf97444a25652756876276a8,Clean,1.0,The provided Verilog code does not contain any malicious hardware trojan triggers or payloads. It is a simple Mealy Finite State Machine (FSM) that implements a basic logic function to detect the sequence '1001' in an input signal.
RTL003058,eff807e947c673c9678100d2a210c263a4c3a14c00215f27e3a7e843b252b79f,Clean,1.0,"The Verilog code provided does not contain any malicious hardware trojan triggers or payloads. It is a simple multiplication module that performs the multiplication of two 16-bit inputs and outputs the result in a 32-bit register. The code is well-structured, with clear control logic and no potential for timing attacks or other vulnerabilities."
RTL003059,91988047a1ea8e192b4b5505b61ca14efbb2ecb8010a9d323ba52d74cbe8f4ec,Clean,1.0,"The Verilog code provided does not contain any malicious hardware trojan triggers or payloads. It is a simple implementation of the Booth algorithm for multiplication, which is commonly used in digital systems and does not involve any timebombs, specific sequence counters, or cheat codes."
RTL003060,1b7e93680c2e3d05a36e46df8b119d02dbde3db46def9ec0a73cc31ac1265cb6,Clean,1.0,The Verilog code provided does not contain any malicious hardware trojan triggers or payloads. It is a simple pipeline-based multiplier that performs multiplication of two 4-bit numbers and outputs the result.
RTL003061,e1abcee9477df5fc160d392cd65712f6b473f713fbb8172e02b5a872295cc2fd,Clean,1.0,The provided Verilog code does not contain any malicious hardware trojan triggers or payloads. It is a simple multiplication module that performs the multiplication of two 8-bit numbers and outputs the result.
RTL003062,24fcaf972e51128552d523b58d15ad935ab1bf5e69bb4bb9a848f620bd3270e9,Clean,1.0,The provided Verilog code does not contain any malicious hardware trojan triggers or payloads. It is a simple serial-to-parallel converter that shifts data through a register and outputs the MSB of each shift.
RTL003063,90633a0fec2d706128941e7d565a129564d1c7c2e28e26eae494bb6091fae24e,Clean,1.0,The provided Verilog code does not contain any malicious hardware trojan triggers or payloads. It is a simple multiply-accumulate operation that performs basic arithmetic operations without any potential for exploitation.
RTL003064,527b0dee43b3439bdda80c1997a83f8578e10396c3b6008ab9caf4ae7a9bea91,Clean,1.0,The provided Verilog code does not contain any malicious hardware trojan triggers or payloads. It is a simple pulse detection module that transitions between states based on the input data and generates an output accordingly without any suspicious behavior.
RTL003065,1f9d41a398b3a3112e6ced3187587a057d0cc5b55a9d32eb9283d1f208cc461e,Clean,1.0,The Verilog code does not contain any malicious hardware trojan triggers or payloads.
RTL003066,481e51f52f26acfcfbadd9518f622cc1bb029f5a1a88046f3c75e771c0c75459,Clean,1.0,"The Verilog code provided does not contain any malicious hardware trojan triggers or payloads. It is a simple right-shifting module that shifts the input 'd' into the MSB position of the register 'q'. There are no timebombs, specific sequence counters, cheat codes, or other malicious activities present in this code."
RTL003067,7621ad1c717aaff08b0dadcde43fcc0abb1d9cbd56557fa08bba4200ec3b8b06,Clean,1.0,"The Verilog code provided does not contain any malicious hardware trojan triggers or payloads. It is a simple serial-to-parallel converter that shifts in data from the serial input and outputs it to the parallel output. There are no timebombs, specific sequence counters, cheat codes, or other malicious activities present."
RTL003068,7cfabed44b45758b8507fe31ca9c4309c8e700c9e9952e5aa4e2dc86330ef92e,Clean,1.0,"The Verilog code provided does not contain any malicious hardware trojan triggers or payloads. It is a simple waveform generator that increments and decrements a 5-bit output signal on a clock cycle, with no timebomb, specific sequence counters, or cheat codes."
RTL003069,6190bb9e6bbf56b03d7d01d668e3461fccdcd0acee55c29d09981c81e7a4f6ef,Clean,1.0,The Verilog code does not contain any malicious hardware trojan triggers or payloads. It is a simple synchronizer module that performs basic data synchronization and enable signal management without any suspicious logic.
RTL003070,da25322865c9f95e6022777338ca0efc5c471e7b6b228aa8a47b4627d90d9ef8,Clean,1.0,The Verilog code does not contain any malicious hardware trojan triggers or payloads. It is a simple traffic light controller that follows predefined state transitions based on the input signals and internal counter logic.
RTL003071,6ce76b2c3bc57b8cb4ae41318b614a87929d8fcece925ad1223b6e8019928a90,Clean,1.0,The Verilog code does not contain any malicious hardware trojan triggers or payloads. It is a simple data concatenation module that locks the first half of the input data and outputs it when valid data is received.
RTL003072,f4f094cbfcd267251667135c6a65c0f94ebc005983bfff1bb279f4c1d66d1fdd,Clean,1.0,"The provided Verilog code does not contain any malicious hardware trojan triggers or payloads. It is a simple Johnson counter that increments or decrements based on the least significant bit of the current value, with an active-low reset."
RTL003073,3c4c7a0b15b4e08156c91a0c8f5a8f19f48263031acb769d9ec20a29ddf9538a,Clean,1.0,"The provided Verilog code does not contain any malicious hardware trojan triggers or payloads. It is a simple RAM module that initializes and reads from an array of 6-bit data, with no time-based triggers, specific sequence counters, or cheat codes."
RTL003074,c677d309f52a5dcc25b1f217cb3b0578fd44f6625377948c0f427114a325b96e,Clean,1.0,The provided Verilog code does not contain any malicious hardware trojan triggers or payloads. It is a simple accumulator module that accumulates data and outputs the sum when four valid inputs are received.
RTL003075,8d534f2339b1044245c2437910b948eb0d0e73c2e71aecc07b4306032195b4d8,Clean,1.0,"The provided Verilog code does not contain any malicious hardware trojan triggers or payloads. It is a simple, functional 8-bit and 16-bit adder module that performs addition without any vulnerabilities."
RTL003076,e2c1c87d401698a9173eb7c70a9bcd62cfd120a71fb80ac38e9d1e2cf0d1aaf4,Clean,1.0,The provided Verilog code does not contain any malicious hardware trojan triggers or payloads.
RTL003077,f0d7ff4abcf21b5b1a52fab6ff0925c9f5458410d92d13a3f019647f747f2585,Clean,1.0,The provided Verilog code does not contain any malicious hardware trojan triggers or payloads.
RTL003078,ebdbc65a4ee29918d9d7853ed70e2c515b95867301517c51793e5cd1a6283b10,Clean,1.0,The Verilog code provided does not contain any malicious hardware trojan triggers or payloads. It is a simple pipeline-based adder module that performs addition on two 64-bit inputs and outputs the result.
RTL003079,3d5f9c493289b4f746939c8798ea03af3bbd2de5b9d25cf8af46a50904148bed,Clean,1.0,The Verilog code does not contain any malicious hardware trojan triggers or payloads. It is a clean and functional ALU module that performs basic arithmetic operations and logical operations as specified by the opcode parameters.
RTL003080,0b2649628b705adb599e94ee8ed9a60eb6fac532d0fa4c9fdd758b2956e05b06,Clean,1.0,"The Verilog code does not contain any malicious hardware trojan triggers (like timebombs, specific sequence counters, or cheat codes) or payloads (like leaking secrets, disabling security, or denial of service). The code is a simple asynchronous FIFO with basic pointer management and synchronization mechanisms."
RTL003081,36c3cfed74c704dde4be7b7bc9602b276ad9afa2006a9f7bf3ee01ac73df037c,Clean,1.0,"The provided Verilog code does not contain any malicious hardware trojan triggers or payloads. It is a simple counter module that increments seconds, minutes, and hours within the range of 0 to 59."
RTL003082,7ab90e1515749003d6854334c15a4289e94d216a2c2ca912c032f5884f1e2aa4,Clean,1.0,The provided Verilog code does not contain any malicious hardware trojan triggers or payloads. It is a simple counter module that increments by one when the `valid_count` signal is high and wraps around after reaching 4'd11.
RTL003083,981755dba2b037d7f7c8f985ad2a03d83e0586052fc565c8e38754f521318679,Clean,1.0,The provided Verilog code does not contain any malicious hardware trojan triggers or payloads. It is a simple division module that performs the division of two 16-bit numbers and calculates both the quotient and remainder.
RTL003084,dcc8a9fc39fea0a5111a60a19f9351dbdb78ee785bd09d530c16bbbdc68bd79c,Clean,1.0,"The provided Verilog code does not contain any malicious hardware trojan triggers or payloads. It is a simple edge detection module that uses a positive clock edge and reset to detect rising and falling edges on the input signal 'a'. The code does not have any conditional statements, loops, or other constructs that could be used for malicious purposes."
RTL003085,f16cc32d7a844e30c178521a778d5c3c9c02c35f70dcd4782be1c18fd7da8922,Clean,1.0,The provided Verilog code does not contain any malicious hardware trojan triggers or payloads. It is a simple frequency division module that toggles the output clock signals at different frequencies based on the input clock signal and reset signal.
RTL003086,a79bdd0eb18540b8f18225df1e504a291209ad550e7ed47a3b6ea8356bb047d3,Clean,1.0,The provided Verilog code does not contain any malicious hardware trojan triggers or payloads. It is a simple finite state machine that transitions based on the input signal 'IN' and outputs 'MATCH' when it reaches a specific state.
RTL003087,98aaee0666caf5b7eda29bd049b3f04c8181c6ea3a7794fe9f44c8db14a88251,Clean,1.0,The Verilog code does not contain any malicious hardware trojan triggers or payloads. It is a simple multiplication module that performs the multiplication of two 16-bit inputs and outputs the result in a 32-bit register.
RTL003088,fb99e0ea017c6db1ba49494fa42c58e2923f44f75aed7a7f56c37994ae2500ba,Clean,1.0,"The Verilog code does not contain any malicious hardware trojan triggers or payloads. It is a simple implementation of the Radix-4 Booth Encoding algorithm for multiplication, which is commonly used in digital signal processing and computer arithmetic."
RTL003089,1ecd4fec0b65f3f172e64e1e12cf2f64ee7eeef85c8ef55c711c2bd5547e2fb8,Clean,1.0,The Verilog code provided does not contain any malicious hardware trojan triggers or payloads. It is a simple pipeline multiplier that performs multiplication of two 4-bit numbers and outputs the result.
RTL003090,12bb9f67947872c899ff784c31b40fb5a88cc8535693da12406f36d6d956a977,Clean,1.0,The Verilog code does not contain any malicious hardware trojan triggers or payloads.
RTL003091,31f735e5ea6ba4f3ad453445fcd8bd43c92a1d9f87e9fe42e59884c02d753324,Clean,1.0,The provided Verilog code does not contain any malicious hardware trojan triggers or payloads. It is a simple serial-to-parallel converter that shifts the input data bit by bit and outputs the most significant bit of the data register.
RTL003092,f7af76379c7b6570f3dd27538348ae8b78c6e64cb81798f03cedf97b6bf33e36,Clean,1.0,The provided Verilog code does not contain any malicious hardware trojan triggers or payloads. It is a simple multiplication module that accumulates the product of two 32-bit inputs and outputs the result in a 32-bit register.
RTL003093,b0825ee870edf4bd1f7a361af35cfc9ad063edd7be08e46f706d958e37227b6c,Clean,1.0,The provided Verilog code does not contain any malicious hardware trojan triggers or payloads. It is a simple pulse detection module that transitions between states based on the input data signal.
RTL003094,b3f76df6abdf5d9abd7f5bdca2a5f62db04e39f2bdf9e0ae737210db5286e9ef,Clean,1.0,The Verilog code does not contain any malicious hardware trojan triggers or payloads.
RTL003095,88032454a688f7f02a372ea28b14b75106a792e30bd7b8042ea4e4fca036ecb9,Clean,1.0,"The Verilog code provided does not contain any malicious hardware trojan triggers or payloads. It is a simple right-shifting module that initializes the 'q' register to 0 and shifts it right on each rising edge of the clock, inserting the value of 'd' at the most significant bit (MSB). This implementation does not involve any timebombs, specific sequence counters, cheat codes, or other malicious activities."
RTL003096,766f05f2ca82a353d25f85f5eba36fb9f816dfd70617c90103bc9c9655d77902,Clean,1.0,"The provided Verilog code does not contain any malicious hardware trojan triggers or payloads. It is a simple serial-to-parallel converter that shifts in data bit by bit and outputs it in parallel. There are no timebombs, specific sequence counters, cheat codes, or other malicious activities present."
RTL003097,2f26938e06d5c373a8db0ad920af0f46d1f1c1399e1a04865b406c3bb82d5241,Clean,1.0,"The Verilog code provided does not contain any malicious hardware trojan triggers or payloads. It is a simple signal generator that increments and decrements a 5-bit wave register on a clock signal, starting from 0 and ending at 31."
RTL003098,d4d9b2bd9bc010c735b083873b65cf885cf3a8a0b6de1481ed59bc2bea733df9,Clean,1.0,The Verilog code does not contain any malicious hardware trojan triggers or payloads. It is a simple synchronizer module that performs data synchronization between two clock domains using flip-flops and an enable signal.
RTL003099,3972b5657d365b9e29cf7a0065827db2ecbabb7ff9cc26095a8f0192396e135c,Clean,1.0,The Verilog code does not contain any malicious hardware trojan triggers or payloads. It is a simple traffic light controller that follows predefined states and durations based on the input signals.
RTL003100,931b42803372881ebb3401def4c2ca7d7289938909b49a8f5165b4094621befc,Clean,1.0,"The provided Verilog code does not contain any malicious hardware trojan triggers or payloads. It simply implements a simple data locking mechanism to ensure that only the first 8 bits of the input are outputted, and it deasserts the valid signal when no valid input is received."
RTL003101,42c46bcac8d7bc7ca2039431370788f769fa992fc4ab502523424fe172fb0c59,Clean,1.0,"The provided Verilog code does not contain any malicious hardware trojan triggers or payloads. It is a simple Johnson counter that increments the value of Q on each positive clock edge, starting from 0."
RTL003102,da36fa594e8ecb658eaca3a0d99ebf486d677572b721eb4269c9fadf0d5f6ef8,Clean,1.0,"The provided Verilog code does not contain any malicious hardware trojan triggers (like timebombs, specific sequence counters, or cheat codes) or payloads (like leaking secrets, disabling security, or denial of service). The code is a simple RAM module that performs basic read and write operations on an array of data. It does not include any logic that could be used to exploit vulnerabilities in the hardware."
RTL003103,0cc7e69d1df5440d606490bc64a429c8838abb19ab0257aaee57bfb42ee72ce8,Clean,1.0,The provided Verilog code does not contain any malicious hardware trojan triggers or payloads. It is a simple accumulator module that accumulates data and outputs the sum when four valid inputs are accumulated.
RTL003104,1d0a3c69eb9355383235ed708ba3fc54def9fc682e73c70e3e88af7aef3fa7a6,Clean,1.0,The provided Verilog code does not contain any malicious hardware trojan triggers or payloads. It is a simple 16-bit adder module with basic functionality for adding two 8-bit numbers and handling carry propagation.
RTL003105,f8cb5c1e76749968bf3ed0b58d2f0201c3cb1926fc5d02b03f69ad782864eeea,Clean,1.0,The provided Verilog code does not contain any malicious hardware trojan triggers or payloads. It is a simple 32-bit adder with basic arithmetic operations and carry propagation.
RTL003106,7a47a271ae92d51e6279d41c52590c3232e8f0ff8aabe3dbf030e8650dfc3459,Clean,1.0,"The provided Verilog code does not contain any malicious hardware trojan triggers (like timebombs, specific sequence counters, or cheat codes) or payloads (like leaking secrets, disabling security, or denial of service). The code is a simple adder module that performs addition on 8-bit inputs and outputs the sum along with a carry-out. It does not contain any logic that could be used to exploit vulnerabilities in hardware systems."
RTL003107,623ae2ed1be703bf9d00e5e10cb77bc281053617745c3e9c572817bf4b0da09e,Clean,1.0,"The Verilog code provided does not contain any malicious hardware trojan triggers or payloads. It is a simple adder module that performs addition on two 64-bit inputs and outputs the result. The pipeline stages are designed to handle the addition operation in a sequential manner, ensuring that the result is valid only after all operations have been completed."
RTL003108,ee0fede02cfedb4d37ed42b6cec7730f426e35210398898a2d2aee12d62ebdc3,Clean,1.0,The Verilog code provided does not contain any malicious hardware trojan triggers or payloads. It is a simple ALU module that performs basic arithmetic operations and sets flags based on the result.
RTL003109,0ad21ef35d6217182f34f9cb0e4bbda673344012b61b71fd8df823a6db93b458,Clean,1.0,The provided Verilog code does not contain any malicious hardware trojan triggers or payloads. It is a simple asynchronous FIFO module with basic functionality for writing and reading data.
RTL003110,aadf87bffdf3eb6c0700e3ed9c862d80a1ac6b120d54fabd75ffe650f0745808,Clean,1.0,"The provided Verilog code does not contain any malicious hardware trojan triggers or payloads. It is a simple digital clock module that increments the seconds, minutes, and hours every second when the clock signal is high. There are no timebombs, specific sequence counters, cheat codes, or other malicious activities."
RTL003111,d0c864ac06af24eec170f330bf62648e218f1297e2bf5f2372a1f2441582867b,Clean,1.0,"The provided Verilog code does not contain any malicious hardware trojan triggers or payloads. It is a simple counter module that increments by one on every positive edge of the clock signal when the `valid_count` input is high, and resets to zero when the reset_n input is low."
RTL003112,1c1e99e971c1fad33dfae8b067339111be98641095c106abc6b96119c8db7522,Clean,1.0,The provided Verilog code does not contain any malicious hardware trojan triggers or payloads. It is a simple division module that performs the division of two 16-bit numbers and outputs the quotient and remainder.
RTL003113,4780131dc117e57fc3adddba6dc3e6ed5ae4640c8952f6c37278770edd179b15,Clean,1.0,"The provided Verilog code does not contain any malicious hardware trojan triggers or payloads. It is a simple edge detection module that generates rising and falling edge signals based on the input signal 'a'. There are no asynchronous resets, specific sequence counters, cheat codes, or other malicious activities."
RTL003114,8467d5e80df2a3c74ab4397c1bb3404cb677cbf3ee97521afbbe370e902746b3,Clean,1.0,"The provided Verilog code does not contain any malicious hardware trojan triggers or payloads. It is a simple frequency divider module that generates three different clock signals with frequencies of CLK_in divided by 2, 10, and 100 respectively. There are no timebombs, specific sequence counters, cheat codes, or other malicious activities present in the code."
RTL003115,26db0dab81c26bb2d6c2713ebf9467d12d35cdc83d9652630d23cd2a4f24e8e6,Clean,1.0,The Verilog code does not contain any malicious hardware trojan triggers or payloads. It is a simple finite state machine that waits for specific patterns in the input signal and transitions between states based on those patterns.
RTL003116,110937603e7daf7416f70d823d965dd8647f907d491e7ed1f688f29d77659e09,Clean,1.0,"The provided Verilog code does not contain any malicious hardware trojan triggers or payloads. It is a simple multiplication module that performs the multiplication of two 16-bit inputs and outputs the result in a 32-bit register. The control logic ensures that the multiplication starts only when the start signal is high, and it stops once the multiplication is complete."
RTL003117,2fa516bd07e6150a080448d87faf8c15f24f8ea732dafb3f9942971dccba84e8,Clean,1.0,"The Verilog code provided does not contain any malicious hardware trojan triggers or payloads. It implements a simple Booth multiplier that performs multiplication on two 8-bit inputs and outputs the result in a 16-bit register. The code is well-structured, uses synchronous reset for initialization, and includes a counter to control the number of iterations. There are no timebombs, specific sequence counters, or cheat codes present."
RTL003118,6065eb0147646f17203c1a08c6188b78527b30df27a95c9d66455bf5bd9fbea3,Clean,1.0,The Verilog code provided does not contain any malicious hardware trojan triggers or payloads. It is a simple multiplication module that performs the multiplication of two 4-bit numbers and outputs the result.
RTL003119,c64037078187a6b4c70b1b31a87590db0bdc63f9042d76d3cb17e47cb938de4f,Clean,1.0,The provided Verilog code does not contain any malicious hardware trojan triggers or payloads. It is a simple multiplication module that performs the multiplication of two 8-bit numbers and outputs the result.
RTL003120,fd134917ac4a7b81b7d8f1fd03a8d4eda71745b20c33b3739437c6f15056f7bd,Clean,1.0,"The Verilog code provided does not contain any malicious hardware trojan triggers or payloads. It is a simple serial-to-parallel converter that increments the data register and outputs the least significant bit of the current data on each clock cycle, starting with the most significant bit."
RTL003121,5e2548257e63c98f1ffc1307be1bdebabd8f3406bc6b8089715e5e420736b28a,Clean,1.0,"The Verilog code provided does not contain any malicious hardware trojan triggers or payloads. It performs basic multiplication and accumulation on the positive edge of the clock, adhering to standard Verilog practices without any suspicious constructs."
RTL003122,223a6bc27054e1ed6297f8315942b2a3ff7229a541b46b68e678d9e9068ed232,Clean,1.0,The provided Verilog code does not contain any malicious hardware trojan triggers or payloads. It is a simple pulse detection module that shifts the input data through a shift register and outputs a high signal when a specific sequence (010) is detected.
RTL003123,7ada9ae924ceee851c86b33083564399138cb95035f8e4236bdc211c2237a1ed,Clean,1.0,The Verilog code does not contain any malicious hardware trojan triggers or payloads.
RTL003124,86b5d5d5089878c7745b466c2b0d3620a7bf09ddb5a5eb48498f2d20052fb150,Clean,1.0,The Verilog code provided does not contain any malicious hardware trojan triggers or payloads. It is a simple right-shifting module that initializes the q register to 0 and performs the shift operation on the rising edge of the clock.
RTL003125,fd768dc70a41a020c19edebf7ccb84a7c8e2d8c4e03a7e3ffecb7d4861f6d67e,Clean,1.0,"The Verilog code provided does not contain any malicious hardware trojan triggers or payloads. It is a simple serial-to-parallel converter that shifts in bits and outputs them on the next rising edge of the clock, without any logic to trigger timebombs, specific sequence counters, or cheat codes."
RTL003126,0ca24958a1e672d47260e4c955a86a23074366422dce2423ba28a44757569aeb,Clean,1.0,"The Verilog code provided does not contain any malicious hardware trojan triggers or payloads. It is a simple signal generator that increments and decrements a 5-bit waveform using a 1-bit state machine. The code is well-defined, with clear transitions between states and no potential for unauthorized access or manipulation of the waveform."
RTL003127,cc356fe3ea78a2022751711ee8a87e210c9766da907e290299a55579c1b8a664,Clean,1.0,The Verilog code does not contain any malicious hardware trojan triggers or payloads. It is a simple synchronizer module that performs data transfer between two domains using enable signals and registers.
RTL003128,da367924b708ec92e187dc0ab6858ddee915aa8398762ee45cdbd58685e6487a,Clean,1.0,The Verilog code does not contain any malicious hardware trojan triggers or payloads. It is a simple traffic light controller that follows predefined state transitions based on the input signals and timing constants.
RTL003129,28df08fc71ee5c89e28f520709c7f009f612d10175c17df780895bc425242b0a,Clean,1.0,"The Verilog code does not contain any malicious hardware trojan triggers or payloads. It is a simple data handling module that concatenates the first half of the input data with the second half when valid input is received, and it resets the output and internal registers on reset."
RTL003130,82f1474bb7bd2b44b45ac5ffef9daf8dcd0982672755940aff62e035fd93a1ad,Clean,1.0,"The provided Verilog code does not contain any malicious hardware trojan triggers or payloads. It is a simple counter module that increments by one on every rising edge of the clock, with an active-low reset condition."
RTL003131,07b3b771fa7ec6b79f6a75a6f28283945c17c30091481f8b894c4b47152ed719,Clean,1.0,The provided Verilog code does not contain any malicious hardware trojan triggers or payloads. It is a simple synchronous RAM module with basic functionality for writing and reading data to/from memory locations.
RTL003132,ea46f251f960dd5d109c7e85f1aa7f8527887c93f29fb24628ea47decf0bf53c,Clean,1.0,The provided Verilog code does not contain any malicious hardware trojan triggers or payloads. It is a simple accumulator module that accumulates data and outputs the sum after a certain number of valid inputs.
RTL003133,f2d576cd81a877885c412bc72505ddc52a5fa45c679cedd965cfabc7558893dd,Clean,1.0,The provided Verilog code does not contain any malicious hardware trojan triggers or payloads. It is a simple 16-bit adder module with basic functionality for adding two 8-bit numbers and generating the carry-out.
RTL003134,cf71fda75ea5f77353710f733b3020bebc57a71fd8d9e1aff43ad3ce9206f2f2,Clean,1.0,"The provided Verilog code does not contain any malicious hardware trojan triggers or payloads. It appears to be a simple 32-bit adder with two 16-bit CLA blocks, which are standard components in digital logic design for arithmetic operations."
RTL003135,89449b50ee71fc78005305637dd3e29e9aa588a3baa4d33668ca0bc77864e0fb,Clean,1.0,The provided Verilog code does not contain any malicious hardware trojan triggers or payloads. It is a simple 8-bit adder module that performs addition without any vulnerabilities.
RTL003136,1bcd17b25fe781771f8041a281bb7d39485a74c0742cc175704622d5f70b44bd,Clean,1.0,"The provided Verilog code does not contain any malicious hardware trojan triggers or payloads. It is a simple, functional adder module that performs addition on 64-bit inputs and outputs the result in a pipeline manner. The code is clean and does not have any vulnerabilities that could be exploited to create a hardware Trojan."
RTL003137,e066b04e17fdb5a9deaffaadf815b656f763653feb3e13ab0a2cbe75e6934820,Clean,1.0,The Verilog code provided does not contain any malicious hardware trojan triggers or payloads. It is a simple arithmetic unit that performs basic operations on two 32-bit integers and sets various flags based on the result.
RTL003138,40188a6e1de4baf2b3184ceb1d41d0c08451668e3d50e9de7f85127b25703f06,Clean,1.0,"The provided Verilog code does not contain any malicious hardware trojan triggers or payloads. It is a simple, functional dual-port RAM module with basic write and read operations."
RTL003139,c8d6a7c09eb3c6da23a2bf3acd2f75ece78d2108d1fb0398cb46656f40e51366,Clean,1.0,"The provided Verilog code does not contain any malicious hardware trojan triggers or payloads. It is a simple counter module that increments the seconds, minutes, and hours every second when the clock is rising."
RTL003140,3fbb2218ea359c378aa0a520a80b314808781ab4da746cd1610f437aa9c7fd72,Clean,1.0,"The provided Verilog code does not contain any malicious hardware trojan triggers or payloads. It is a simple counter module that increments when `valid_count` is high and resets to zero when it reaches 11. There are no timebombs, specific sequence counters, cheat codes, or other malicious activities."
RTL003141,193843ba61c9033abc7b642f679e10adc5ee29ce14be8a7c0b8808cc2dea20dd,Clean,1.0,The provided Verilog code does not contain any malicious hardware trojan triggers or payloads. It is a simple division module that performs the division operation correctly without any vulnerabilities.
RTL003142,145ec8498315ae8dc1d29f9f353f4b024a3b268f1f9294ef00374aa493ef1a90,Clean,1.0,The provided Verilog code does not contain any malicious hardware trojan triggers or payloads. It is a simple edge detection module that uses positive clock edges to detect rising and falling edges on the input signal 'a'. The code is straightforward and does not involve any complex logic or timing hazards that could be exploited for malicious purposes.
RTL003143,0178e278fd54fd4ecf590c24f8889b9327dd2e208c65b8cb018b6b0424028601,Clean,1.0,"The provided Verilog code does not contain any malicious hardware trojan triggers or payloads. It is a simple frequency divider module that divides the input clock by 2, 10, and 100 to generate three different output clocks at 50MHz, 10MHz, and 1MHz respectively. The code is clean and does not contain any logic that could be exploited for malicious purposes."
RTL003144,e5e5427717bac34176b4b74a14aa1e254f11e634cb4bc999a370e9b544a2e8c9,Clean,1.0,"The provided Verilog code does not contain any malicious hardware trojan triggers or payloads. It is a simple FSM that looks for a specific sequence of '1's and '0's, but it does not have any logic to trigger timebombs, specific sequence counters, or cheat codes."
RTL003145,8e2e73000e77d1c876989f53c2d5e2b2520077f45d4629b742144526d04bae22,Clean,1.0,The Verilog code provided does not contain any malicious hardware trojan triggers or payloads. It is a simple multiplication module that performs the multiplication of two 16-bit inputs and outputs the result.
RTL003146,bd5ef4a7f697c3cb28080028ef0206227e94dbf3b4903d596cdc2ad76b4a2cba,Clean,1.0,"The Verilog code provided does not contain any malicious hardware trojan triggers or payloads. It is a standard implementation of the Booth multiplier algorithm for 8-bit numbers, which is widely used in digital systems and secure implementations."
RTL003147,ca65b1d7db8e9c7254bd1a2dd9488425f6429b0ab6ecb6ce67ba806a1bf4670f,Clean,1.0,The Verilog code provided does not contain any malicious hardware trojan triggers or payloads. It is a simple pipeline design for multiplication that follows standard Verilog coding practices and does not introduce any vulnerabilities.
RTL003148,d5156b616b154e720cd5eeae060e64dca085fe697012b680291944174e2f0c87,Clean,1.0,The Verilog code provided does not contain any malicious hardware trojan triggers or payloads. It is a simple serial-to-parallel converter that increments the data register on each rising edge of the clock and outputs the most significant bit of the data register on the serial output.
RTL003149,7aadddb0d9eb507ece7a58dde2de2ebfd2d0255bb7cc3cfe5bdae8304517d856,Clean,1.0,The provided Verilog code does not contain any malicious hardware trojan triggers or payloads. It is a simple multiplication and accumulation module that performs basic arithmetic operations without any suspicious logic.
RTL003150,6299774748995cc3c00c31587a642c90d621c327ac79c05e0a8834f23091b06c,Clean,1.0,The provided Verilog code does not contain any malicious hardware trojan triggers or payloads. It is a simple pulse detection module that transitions between states based on the input data.
RTL003151,3031aaebdf37039824654b2266f731816599bc7b1ef536a9a2dcce7129ddf18f,Clean,1.0,The Verilog code does not contain any malicious hardware trojan triggers or payloads.
RTL003152,88e1af6866ddc10e5b09f715da7a0651b71fa55126e613ce94199f2e5f596d17,Clean,1.0,The Verilog code provided does not contain any malicious hardware trojan triggers or payloads. It is a simple right-shifting module that initializes a register with zeros and shifts the input bit to the most significant position on each rising edge of the clock.
RTL003153,11d7dbf9612e11bd51d7106f18801bc5b8723414035083b6ae5128059e2f9c02,Clean,1.0,"The Verilog code provided does not contain any malicious hardware trojan triggers or payloads. It is a simple serial-to-parallel converter that shifts in data from the serial input and outputs it to the parallel output registers. The counter is used to keep track of the number of bits received, but it does not have any timebomb functionality, specific sequence counters, or cheat codes."
RTL003154,be3aef7aa8a8b3bce453a8b0de6ff8c7eaa6c3e3be3612117c674e19aab15de0,Clean,1.0,"The Verilog code provided does not contain any malicious hardware trojan triggers or payloads. It is a simple signal generator module that increments and decrements a 5-bit register on the rising edge of the clock, starting from 0 and ending at 31."
RTL003155,feb378d84e72e845cc4fea108425ea8f563730375e2fdbe434d05e7075445d28,Clean,1.0,The Verilog code does not contain any malicious hardware trojan triggers or payloads.
RTL003156,76e53752be4a41a11c6c3cb6f1b73f2ae60e3c13f62d01f04b8193588f22f4d5,Clean,1.0,The Verilog code does not contain any malicious hardware trojan triggers or payloads.
RTL003157,1ff878e7072d9a564e5b67446534d21da7de407efa45faff2c501f04c6df631d,Clean,1.0,"The Verilog code does not contain any malicious hardware trojan triggers or payloads. It is a simple data storage module that concatenates two bytes when valid input is received, but it does not include any time-based triggers, specific sequence counters, or cheat codes."
RTL003158,e40df21142b9b578e098538efd3e00f514f4e0e3e1a9080f8cb10a281fec5363,Clean,1.0,"The provided Verilog code does not contain any malicious hardware trojan triggers or payloads. It is a simple Johnson counter that increments the value of Q on every rising edge of clk, starting from all bits set to 0."
RTL003159,6df1d4851eb98e0a74737b2c66da38779101905af875fbc2f4f6553dbbbdaf8f,Clean,1.0,The provided Verilog code does not contain any malicious hardware trojan triggers or payloads. It is a simple RAM module that initializes all memory locations to 0 on reset and provides read and write operations for the specified address range.
RTL003160,219ffe484ed3257cc6ac2da93a9422063e4be2781458e4c01959073f7fbc1b22,Clean,1.0,The provided Verilog code does not contain any malicious hardware trojan triggers or payloads. It is a simple accumulator module that accumulates data in a 10-bit register and outputs the sum when valid input is received.
RTL003161,70d2a840387be77e84d2124b0c47811f999c1194b99b6a23344d3c45f3adce6e,Clean,1.0,The provided Verilog code does not contain any malicious hardware trojan triggers or payloads. It is a simple 8-bit adder module that performs addition on two 16-bit inputs and outputs the sum along with the carry out.
RTL003162,7cb8b5dcb3186ab4f10e7f89ff069decc443b1cc7547816083f33d7332ee41c2,Clean,1.0,The provided Verilog code does not contain any malicious hardware trojan triggers or payloads.
RTL003163,9008f7c671ae11bdd9d1c4275550a56cff29a6c4f868f189e3449c0fe9bbf8a7,Clean,1.0,"The provided Verilog code does not contain any malicious hardware trojan triggers or payloads. It is a simple, functional adder module that performs addition on two 8-bit inputs and outputs the sum along with a carry bit."
RTL003164,66a76b107bb4c1a893e12258bc357b2180152dd56a77c08b05de3393d678ed34,Clean,1.0,"The provided Verilog code does not contain any malicious hardware trojan triggers or payloads. It is a simple, functional adder module that performs addition on two 64-bit inputs and outputs the result."
RTL003165,9d524381fa81f424c2adf3f84ec5ef87e4b5b1f01533c34a423f34842bf7af29,Clean,1.0,The Verilog code does not contain any malicious hardware trojan triggers or payloads. It is a simple ALU module that performs basic arithmetic operations and flags based on the ALU control signals.
RTL003166,8c0475a6903ea934fa937bac87fb0925f6a17155930a61a1d733284c92fae371,Clean,1.0,The provided Verilog code does not contain any malicious hardware trojan triggers or payloads. It is a simple asynchronous FIFO module with basic functionality for data transfer and synchronization.
RTL003167,f50b77ad8785e3064652259cff6922cfec653f956afe74eb6ba0ae05356f02eb,Clean,1.0,"The provided Verilog code does not contain any malicious hardware trojan triggers (like timebombs, specific sequence counters, or cheat codes) or payloads (like leaking secrets, disabling security, or denial of service). The code is a simple digital clock module that increments the seconds, minutes, and hours every second when the clock is running. It does not have any logic to trigger an attack or exploit vulnerabilities."
RTL003168,afeb0c859d5d4a1232ab365fc0f3cf910f7e7990fdd96e89d1e044dbf6cb881e,Clean,1.0,"The provided Verilog code does not contain any malicious hardware trojan triggers or payloads. It is a simple counter module that increments by one on every positive edge of the clock signal when `valid_count` is high, and resets to zero after reaching 11."
RTL003169,64910a44d34e355d2ed9a1f956f6d7cd0f8915a3c2f5623c9d6676cccb2dc774,Clean,1.0,The provided Verilog code does not contain any malicious hardware trojan triggers or payloads. It is a simple division module that performs integer division on two 16-bit numbers and calculates the quotient and remainder.
RTL003170,8db1982ccd455ec46f87c8aa814a23d88b533188b041204b6677b97d81e3b784,Clean,1.0,The provided Verilog code does not contain any malicious hardware trojan triggers or payloads. It is a simple edge detection module that uses a register to track the previous state of the input signal 'a' and outputs signals indicating rising and falling edges.
RTL003171,8d68566348baf8c18ac1adf8b641246b746fca9064ec7a6f049cc38ae4dec464,Clean,1.0,The provided Verilog code does not contain any malicious hardware trojan triggers or payloads. It is a simple frequency divider module that generates three different clock signals based on the input clock and reset signals.
RTL003172,ef70577726d249fb905357dea84a380183fb9eb62419d49fb72f6967de2ec5e3,Clean,1.0,The Verilog code does not contain any malicious hardware trojan triggers or payloads. It is a simple finite state machine that implements a basic logic function to detect the sequence '1001' in the input signal.
RTL003173,bc33a1aadfcb859209f5df21cac92e34f1aff97963b4ae7726bd420d0e65de3e,Clean,1.0,The Verilog code does not contain any malicious hardware trojan triggers or payloads.
RTL003174,0e25eaf04a9f06e3be7231c06e7b588df300a489b6616d70ba2eefe16f148cda,Clean,1.0,"The Verilog code does not contain any malicious hardware trojan triggers or payloads. It is a simple implementation of the Radix-4 Booth Multiplication algorithm, which is commonly used in digital signal processing and computer arithmetic."
RTL003175,471de59370d346348e0b850338557bbe38eb81991d144babcc31f5f2be9e690b,Clean,1.0,The Verilog code provided does not contain any malicious hardware trojan triggers or payloads. It is a simple pipeline for multiplying two 4-bit numbers and outputs the result.
RTL003176,47b0895f3a61c4164ea1e3868f7884b3dd054e3fe643725c77181f461533e4d7,Clean,1.0,The Verilog code provided does not contain any malicious hardware trojan triggers or payloads. It is a simple multiplication module that performs the multiplication of two 8-bit numbers and outputs the result.
RTL003177,b3d765411b2d9642619654ab92b85f479a9bb2b932f4f5f03910fcdc01c7eb64,Clean,1.0,The Verilog code provided does not contain any malicious hardware trojan triggers or payloads. It is a simple serial-to-parallel converter that handles data transmission in a straightforward manner without any potential vulnerabilities.
RTL003178,e416d1bd67d5a85abbae3c8737c91c08fd0f9cb54854a554f817eeed82bcbfdd,Clean,1.0,The provided Verilog code does not contain any malicious hardware trojan triggers or payloads. It is a simple multiplication module that accumulates the lower 32 bits of the product without any potential for overflow or security vulnerabilities.
RTL003179,2dab85d4f222e8fa6ed3423f60a53fc9131519333c58afc142ef90462628cf9d,Clean,1.0,The provided Verilog code does not contain any malicious hardware trojan triggers or payloads. It is a simple pulse detection module that transitions between states based on the input data signal.
RTL003180,e3c3d0f1ca8e546a3e7ac9a81329a42f4dbdee4c0888bd0b70bf931e215a92a2,Clean,1.0,The Verilog code provided does not contain any malicious hardware trojan triggers or payloads. It is a simple radix-2 division module that performs the division operation correctly without any vulnerabilities.
RTL003181,8f5a9b2fcaa3eb317f5ab37d27677b422990a0e2ac61231613beb477fbc1dec4,Clean,1.0,The Verilog code provided does not contain any malicious hardware trojan triggers or payloads. It is a simple shift register module that shifts the input bit 'd' to the right by one position on each rising edge of the clock.
RTL003182,af6465a03d426b1708fcf896c6e63117f34cb46fe523e452b5f4d379a4a3a582,Clean,1.0,The provided Verilog code does not contain any malicious hardware trojan triggers or payloads. It is a simple serial to parallel converter that performs basic data shifting and counter logic without any potential for unauthorized access or manipulation of the output.
RTL003183,b24f95c05c8a83a30206965e39e6633a61e656411de9a72eed9b7c6367e58cd3,Clean,1.0,"The Verilog code provided does not contain any malicious hardware trojan triggers or payloads. It is a simple waveform generator that increments and decrements a 5-bit register on a clock signal, with a reset functionality."
RTL003184,b666aab32f99f247f3f8eaf3b1ef3da8178a173e268ec1388a647bbc61b93b18,Clean,1.0,The Verilog code does not contain any malicious hardware trojan triggers or payloads.
RTL003185,4402b07c848490ff18683ebca4f1037eac71bb5086635ccf1215138c721bf806,Clean,1.0,The Verilog code does not contain any malicious hardware trojan triggers or payloads. It is a simple traffic light controller that follows predefined states and timing rules without any suspicious logic.
RTL003186,6e3d6f5b1f98f444bade35535c63dd09d9c9ffd3f966d00771e04375cc1c3af1,Clean,1.0,"The provided Verilog code does not contain any malicious hardware trojan triggers or payloads. It is a simple synchronous process for capturing and concatenating input data, which is a common operation in digital design."
RTL003187,927ae1c868d63b69235a5bbda5b206535d2c731e1c840cfcade7cb31e4da472e,Clean,1.0,The provided Verilog code does not contain any malicious hardware trojan triggers or payloads.
RTL003188,c1c41008985c54f43d878df25808e8bf06607eb7fd07eee48971b8c99aa575c7,Clean,1.0,The provided Verilog code does not contain any malicious hardware trojan triggers or payloads. It is a simple comparator module that compares two data inputs and outputs the smaller one.
RTL003189,4682fdef4023fb3612ba325555ed05bc13006fb29ec4ebed81f09e3a114ee34c,Clean,1.0,"The provided Verilog code does not contain any malicious hardware trojan triggers or payloads. It is a simple crossbar module that performs basic data distribution and routing, with no complex logic or timing hazards."
RTL003190,b573a84c15f5ae9fe9964c9f6aec1139c89df2e0d28022a8bfb4ae5943a1c3b0,Clean,1.0,The Verilog code provided does not contain any malicious hardware trojan triggers or payloads. It is a simple multiplexer module that selects one of eight input data bits and outputs the corresponding bit from the selected input.
RTL003191,b5dd5c98f9a65235ac3181edb150ae4caa643ca5bad0bb7711bae9fb3f772659,Clean,1.0,The Verilog code does not contain any malicious hardware trojan triggers or payloads.
RTL003192,203b2f4e2ca928da25749992d735b960780e6b577c3830f78737a944ebfd39ff,Clean,1.0,The Verilog code does not contain any malicious hardware trojan triggers or payloads.
RTL003193,4c64c45bbbc6b68bf21549a2ae9fb32af14534bf26f4b34e1e6f24b9f5a557cb,Clean,1.0,The provided Verilog code does not contain any malicious hardware trojan triggers or payloads.
RTL003194,845a2ade18288e2d3a63f66654a544a47a19830cbea402691b5b8c3e44bc8ea1,Clean,1.0,The Verilog code does not contain any malicious hardware trojan triggers or payloads.
RTL003195,3c443dcd66d27fc66ea80314416b4eb8b045b317d89cebbb4f58d703194fc78a,Clean,1.0,The Verilog code does not contain any malicious hardware trojan triggers or payloads.
RTL003196,0bbf29820fef473ce5ce500ad6020c97702d859f7d3a4db412a5b88757468199,Clean,1.0,The Verilog code does not contain any malicious hardware trojan triggers or payloads.
RTL003197,a39d4c2a921783caeb39dad238d200ebcc7febd1a2ed2eb878b55eaa207cde1f,Clean,1.0,The Verilog code does not contain any malicious hardware trojan triggers or payloads.
RTL003198,2b8aaf1eefb3b14587e441ae2297a47cc173385bc8a50854cfee0cb75acfe203,Clean,1.0,The Verilog code does not contain any malicious hardware trojan triggers or payloads.
RTL003199,ed4a6fdb79c0c935790cadc92f42a491067d05cdb736268be2383b1c67e12170,Clean,1.0,The provided Verilog code does not contain any malicious hardware trojan triggers or payloads. It is a simple quantization module that shifts the input data to fit within the desired output width.
RTL003200,645904706f91280875ec573c3a7d5e6265aa23be8736de2255b50bcb1e711af9,Clean,1.0,The Verilog code does not contain any malicious hardware trojan triggers or payloads.
RTL003201,818d33ca00ef981e6adec8d4dfe95db595ed6383d1a444f1a7750850241b9cb1,Clean,1.0,The Verilog code does not contain any malicious hardware trojan triggers or payloads.
RTL003202,b7e77b85e79183a5b59020e09b28de3dbfac869cf21fc015b29dbbd165b298c8,Clean,1.0,"The Verilog code provided does not contain any malicious hardware trojan triggers or payloads. It appears to be a normal systolic array module used in the MARS system, with basic functionality for data quantization and systolic computation."
RTL003203,29a543575fe464f38ae27e5229c34afed3340a050aeb110738dc67c47de85fd6,Clean,1.0,The Verilog code does not contain any malicious hardware trojan triggers or payloads.
RTL003204,803bd1c48dd79fe7b037a03f2e8425107c7bb1cc974e6df523f23b2b12815337,Clean,1.0,The Verilog code does not contain any malicious hardware trojan triggers or payloads.
RTL003205,6a4bdfc8705acc65ff8b4d7a7f79c9daf1f7fac90eebfee933981fa7785cd370,Clean,1.0,The Verilog code does not contain any malicious hardware trojan triggers or payloads.
RTL003206,389bfb494ea8d274009c164592766152b0a412163337249546642c91c7d41b09,Clean,1.0,The Verilog code provided does not contain any malicious hardware trojan triggers or payloads. It is a simple module that performs basic arithmetic operations on input data and outputs the result.
RTL003207,532946f3a064d123dc7403adc83a5cdcc6e19aea35b07b8390818298e58a9ec2,Clean,1.0,The Verilog code does not contain any malicious hardware trojan triggers or payloads.
RTL003208,cb57e8bfe5fe526ec18a01d38130334e7719b70ca50eee50f135ddd84f1223c3,Clean,1.0,The Verilog code does not contain any malicious hardware trojan triggers or payloads.
RTL003209,cdccb2a0ee3779f4e60817ffa11bae05cc057b859027b2146a5b310b6e879395,Clean,1.0,The Verilog code provided does not contain any malicious hardware trojan triggers or payloads. It is a simple module that performs multiplication operations on input data and outputs the results.
RTL003210,91a5fed905dd3caea8868726f0437579b391164bbb82a1188ebbe73258f41ae8,Clean,1.0,The Verilog code does not contain any malicious hardware trojan triggers or payloads.
RTL003211,d621db8bf9d6cd2f5a9d16ebed551bcccc4dd8f4d19ab821b0234f7063f45cb6,Clean,1.0,The provided Verilog code does not contain any malicious hardware trojan triggers or payloads. It is a simple module for performing floating-point addition and outputs the result.
RTL003212,b537b2956783c1e3863f5b7b5b876234e1ec88e02d13bbc228aba635295d28dd,Clean,1.0,The provided Verilog code does not contain any malicious hardware trojan triggers or payloads. It is a simple addition module that performs basic arithmetic operations on two 32-bit floating-point numbers.
RTL003213,250f4bde4b8ed7d6cd5bcedd72eb0d03c4b4d043e2a6e311b0681ad18dfd83ea,Clean,1.0,The provided Verilog code does not contain any malicious hardware trojan triggers or payloads.
RTL003214,78d12b19a8719f974d06e93cadbbbbd6026d7fc6ee88f8d94ea381c2618a4d6c,Clean,1.0,The Verilog code does not contain any malicious hardware trojan triggers or payloads.
RTL003215,a8339236a87e7f1dc0e8fae3e924628b511831a5a95895ef0818db4e1c212c4d,Clean,1.0,"The provided Verilog code does not contain any malicious hardware trojan triggers or payloads. It is a simple implementation of a MAC tree with multipliers and an adder tree, which are commonly used in cryptographic applications."
RTL003216,0bc8e738b530a775c9fe7a6f222b30992ca7774be7883a6bf410215f25a3d077,Clean,1.0,The provided Verilog code does not contain any malicious hardware trojan triggers or payloads. It appears to be a simple implementation of a MAC tree algorithm using floating-point multiplication and accumulation.
RTL003217,a41b82265ab8336b1b591724ba5b5af58b4b0b7e78e9052dd6eb6e6ed295d4e1,Clean,1.0,The provided Verilog code does not contain any malicious hardware trojan triggers or payloads. It is a simple multiplication normalizer module that performs basic arithmetic operations without any suspicious logic.
RTL003218,3f472e2e7755ba0775f8138f6efb0cfa11482a60fab8856040169ec0e574718c,Clean,1.0,The Verilog code does not contain any malicious hardware trojan triggers or payloads.
RTL003219,bd73af6e7956cfea64d474ddaae82363193d2e581093d3027db3de967778908e,Clean,1.0,The Verilog code provided does not contain any malicious hardware trojan triggers or payloads. It is a simple simulation module for a servant device that loads firmware from a file and provides memory access through the Wishbone bus.
RTL003220,0b7b4f9cb27022b465e48aa37453ac20c04b20568e3e059682a9dbd33efa5885,Clean,1.0,The provided Verilog code is a simple UART decoder that does not contain any malicious hardware trojan triggers or payloads. It simply reads data from the RX pin and outputs it as a character.
RTL003221,4035b3f770eda81d365c6e67b2c6732327513ca4b44b25e1b1825365f700c30a,Clean,1.0,"The provided Verilog code does not contain any malicious hardware trojan triggers or payloads. It is a simple module that interfaces with an HPS (High-Speed Peripheral) and a service module, but it does not include any logic that would allow for timebombs, specific sequence counters, cheat codes, leaking secrets, disabling security, or denial of service."
RTL003222,e09ea2d2c8a39961750ca1939d30046350e0490abf1b012d1132f829f76aa7e8,Clean,1.0,The provided Verilog code does not contain any malicious hardware trojan triggers or payloads.
RTL003223,ae5d4c0bd879c090db8bb062328b2d4fe173f7465b9e430679e4dcff002c6432,Clean,1.0,The Verilog code does not contain any malicious hardware trojan triggers or payloads.
RTL003224,aae9981557751661a5b06cfd0e75aa61e3f687b1e0ddb21368c3e980cc2bff16,Trojan,0.9,"The code contains a timebomb-like trigger in the `always @(posedge clk)` block, where the `add_cy_r` register is updated based on the value of `i_en`. This could be used to create a timing attack that allows an attacker to control the clock and potentially exploit vulnerabilities in the system. Additionally, the code does not contain any payloads or malicious operations that would allow for denial of service or secret leakage."
RTL003225,c992638d7f4110cc37fd721d8e2b164ae7222c306ae6f4ec69364523c0c53fe3,Clean,1.0,The Verilog code does not contain any malicious hardware trojan triggers or payloads.
RTL003226,d2e7be0ac4df69015278a57b65315719fc0805a4bc2ddd7a2825aa03a6ee9a2d,Trojan,1.0,"The code contains a timebomb-like trigger in the `cnt_next` generation logic, which can be exploited to cause a denial of service attack by continuously incrementing the counter until it wraps around and triggers `o_sh_done`. This is achieved through the use of a downcounter with a specific pattern that repeats every 64 cycles. The code also contains a payload in the `dat_shamt` generation logic, which can be exploited to leak sensitive information or disable security features by manipulating the data being shifted."
RTL003227,8fca5efe1004ef496dc67619ade20850b8c92a435d56a1db5b6986016c7a0597,Clean,1.0,The Verilog code does not contain any malicious hardware trojan triggers or payloads.
RTL003228,e8d4603628e15f3c8520a8dd0fae535e9ec62195af6766a100e07ffda88dab40,Clean,1.0,The Verilog code does not contain any malicious hardware trojan triggers or payloads.
RTL003229,67f3cf031b76e79e6f42b6feb87fd8442bb45992a8cde370c76bfeb3aeda868f,Clean,1.0,The Verilog code does not contain any malicious hardware trojan triggers or payloads.
RTL003230,9ef0c3655f140a31aae2f08237625c27534237d3b14eca765a026f38e7013059,Clean,1.0,The Verilog code does not contain any malicious hardware trojan triggers or payloads.
RTL003231,2e930978bb65c16ae57741cf96c9e26a862663ac19195b3149111ca86b7e6549,Clean,1.0,The Verilog code does not contain any malicious hardware trojan triggers or payloads.
RTL003232,6ca9153721d24761b5524cb91095bd6c6574791c852fcc971695c346c8b85d0c,Clean,1.0,The Verilog code does not contain any malicious hardware trojan triggers or payloads.
RTL003233,ba9873575853d4ca7b6c1477721d1613b1c9e681b09bbf972e11d76713840436,Clean,1.0,The Verilog code does not contain any malicious hardware trojan triggers or payloads.
RTL003234,5c85de52958cf1f9aec7bb69ff844458447d6a72d5e277742642dc5329a68d24,Clean,1.0,The Verilog code does not contain any malicious hardware trojan triggers or payloads.
RTL003235,c7a46325631f3a8e2e3aeb88fd320f9e83554b3143804cc1ba230b069b8852ae,Trojan,0.9,"The code contains a timebomb that sets all the RAM to zero after a certain number of clock cycles, which can be used for denial of service attacks."
RTL003236,928b8acc5f2e65132532a0dcfcb08bfa7e74e0130e1ba742a869fa3f645895b2,Clean,1.0,The Verilog code does not contain any malicious hardware trojan triggers or payloads.
RTL003237,0e7965826af4421a69f8e712bc163ace5de725afc11e06a3760ecb7014f400cc,Clean,1.0,The Verilog code does not contain any malicious hardware trojan triggers or payloads.
RTL003238,ccd267cb91d656b6c911c1d974f376e864b8b912c5dfa70f525ad67dc6a49ddf,Clean,1.0,The Verilog code does not contain any malicious hardware trojan triggers or payloads.
RTL003239,5c5f248e622a6bccae0a9cfcc584795cfc061e1d39db6ba0fd9dce78ff3e1814,Clean,1.0,The Verilog code provided does not contain any malicious hardware trojan triggers or payloads.
RTL003240,786fe8f82048d7750252c08f5276b394847fecd107f8a1a8909ab2201f4e2995,Clean,1.0,The Verilog code does not contain any malicious hardware trojan triggers or payloads.
RTL003241,1fefb226f82f3fce3df0ef7fff7fc184a699348b76f7cf1343f1dda8f0e8098e,Clean,1.0,The Verilog code provided does not contain any malicious hardware trojan triggers or payloads. It is a standard ECP5 PLL module with proper configuration parameters and no suspicious constructs.
RTL003242,fb1e7095dd9ef514cf9a7716a39d5ce3f08da60869c6009008d4ea6c99346042,Clean,1.0,The Verilog code provided does not contain any malicious hardware trojan triggers or payloads.
RTL003243,80f667d5ed0cfa7ee92b7ce93259c1ef6252496bddacfd7aa399608553ad91ae,Clean,1.0,The Verilog code provided does not contain any malicious hardware trojan triggers or payloads. It is a simple module for an ICE40 PLL with basic functionality and no suspicious constructs.
RTL003244,6a3fd2c85081fabe0063a8ccc29f8ba6327ea78e57cba01483f81f60a774b0b8,Clean,1.0,The Verilog code provided does not contain any malicious hardware trojan triggers or payloads.
RTL003245,b3a306a85602b1d5aeee78e8a72a4a0f75a31c59f7b7ed36ec5dadfff9ebd68e,Clean,1.0,"The Verilog code provided does not contain any malicious hardware trojan triggers or payloads. It is a simple module that initializes a PLL and connects it to a `servant` module, which presumably handles memory operations."
RTL003246,e522dbd8f2d79e70e922244c6f184d27276d9b3bdf10f5778fb63157134c506a,Clean,1.0,The provided Verilog code does not contain any malicious hardware trojan triggers or payloads. It is a simple module that interfaces with an AXI-309 bus and provides UART output.
RTL003247,893fcd5563d1c4259fd0e07dc93223165b0eedd73ac6d14fc329c714fa4911a1,Clean,1.0,"The Verilog code provided does not contain any malicious hardware trojan triggers or payloads. It is a simple clock generation module for an AXI-309 interface, which is commonly used in embedded systems and real-time applications."
RTL003248,47ade8ea6930e44b2872a8d493b1aff2ee43a16bacf3369f512c413a2a7d92c9,Clean,1.0,The Verilog code provided does not contain any malicious hardware trojan triggers or payloads.
RTL003249,f3268dd86d3636804449f478d7c23151d05ae9fb224c185256089d1ce63f8819,Clean,1.0,The Verilog code provided does not contain any malicious hardware trojan triggers or payloads. It is a simple clock generator module that uses the MMCME2_BASE IP core to generate a 16 MHz clock from an input 12 MHz clock.
RTL003250,c0ac5f7bc30789a2b056586e06908876f2ca162a758454045b707c9a1302c262,Clean,1.0,"The Verilog code provided does not contain any malicious hardware trojan triggers or payloads. It is a simple module that interfaces with a WiFi GPIO and UART, and it uses the `servant_ecp5` IP core for clock generation and memory access."
RTL003251,16eac31fe1d429582a905bcdeb5d4ca54ce1365b8d1723411e82d10137f8a4a0,Clean,1.0,The Verilog code provided does not contain any malicious hardware trojan triggers or payloads. It is a simple clock generator module that uses a PLL to generate the system clock from an input clock signal.
RTL003252,92607b69e5dca65277e7c0da6cf15f3ffea588205558c344c2f18e9f6e8da428,Clean,1.0,"The provided Verilog code does not contain any malicious hardware trojan triggers or payloads. It is a simple module that initializes a LED and an UART transmitter using the ECP5 architecture, but it does not include any timing-based attacks, specific sequence counters, cheat codes, or other malicious activities."
RTL003253,8b28a2bc85c4e09cfd7a76343cfa07873a91268e7d0862f25857a03aeb1c873b,Clean,1.0,The Verilog code provided does not contain any malicious hardware trojan triggers or payloads. It is a simple clock generation module that uses an ECP5 PLL to generate the system clock.
RTL003254,a8c5ac46728c50bee9ce4be70607f380a663f84152b4c41308a0bb6059497e90,Clean,1.0,The Verilog code does not contain any malicious hardware trojan triggers or payloads.
RTL003255,45597ac445c7d9bb8fc20278b35f573f7240269aabd0e30d75c06828b40b444e,Clean,1.0,The provided Verilog code does not contain any malicious hardware trojan triggers or payloads. It is a simple GPIO module that reads and writes data to a GPIO pin on an FPGA.
RTL003256,e0a015f421541f9d2de9aeba965300d1a156ee77c4cad428f7f41ab431d9fd4b,Clean,1.0,The Verilog code does not contain any malicious hardware trojan triggers or payloads. It is a simple blinky LED module that drives an output signal based on the external clock.
RTL003257,392a58c6d1b825c6dc132f8721129e27ed36c1eeec5e9f8a9e5d1ba639f1ece1,Clean,1.0,"The Verilog code provided does not contain any malicious hardware trojan triggers or payloads. It is a simple module that interfaces with a UART and a servant_lx9 device, but it does not include any timing-based attacks, specific sequence counters, cheat codes, or other malicious activities."
RTL003258,e3e1612a85395a0a9adab5f8d57e91a44da194ea4979c3669762e578608edc58,Clean,1.0,The Verilog code provided does not contain any malicious hardware trojan triggers or payloads. It is a simple clock generator module that uses a PLL to generate a stable output clock from an input clock signal.
RTL003259,9ad38ef8cbacc459eeaa26cd8b27b6cde14b29c964ee80cbdcaf43794fc3f785,Clean,1.0,The Verilog code provided does not contain any malicious hardware trojan triggers or payloads. It is a simple module that converts a 48MHz clock to a 32MHz clock using a PLL and then passes the output to a `servant` module for further processing.
RTL003260,73db3aca5dc11e476e604c98687bf1e91c1541b47057bf9ec96eed9d8281ae32,Clean,1.0,The Verilog code does not contain any malicious hardware trojan triggers or payloads.
RTL003261,b0ed83d006737f6804353bb39e481f33be6c7b9fe8a54e350b886c58b62318d2,Clean,1.0,The Verilog code does not contain any malicious hardware trojan triggers or payloads.
RTL003262,52a23850bdea4efcb7bfd6225f2300e23a74e27f247a792d1bee7f41264f9dd9,Clean,1.0,The Verilog code does not contain any malicious hardware trojan triggers or payloads.
RTL003263,9bca630720db17139e9b6159ae504d03a6629761fd8a28e016606b732d3cef66,Clean,1.0,The provided Verilog code does not contain any malicious hardware trojan triggers or payloads.
RTL003264,22bf4d60947d129565967f9545b2e91c0057eab18277c2504be8bdb105eede0f,Clean,1.0,The Verilog code provided does not contain any malicious hardware trojan triggers or payloads. It is a simple RAM module that performs basic memory operations and initializes with data from a file if specified.
RTL003265,c62ec7abe436aac1c646aa47b0b4099e27e6b73e9f3bb928b48a7979fb07ce10,Clean,1.0,The provided Verilog code does not contain any malicious hardware trojan triggers or payloads.
RTL003266,382b293b63ee13a8936a9ade3f0ee0eaf1f62cd2111452d6472f8934fe915d4b,Clean,1.0,"The provided Verilog code does not contain any malicious hardware trojan triggers or payloads. It is a simple module that implements a basic clock generator and a servant component, but does not include any logic for timebombs, specific sequence counters, cheat codes, leaking secrets, disabling security, or denial of service."
RTL003267,789dec319f7a0bba319d0b3232c8fdfd3241cd56a516d9daeae0017cda1135ec,Clean,1.0,The Verilog code provided does not contain any malicious hardware trojan triggers or payloads.
RTL003268,76383793bf21e2480fb464d403c5f366fe644025d3f79163663324f793290277,Trojan,1.0,"The Verilog code contains a timebomb that triggers an interrupt when the counter reaches zero, which can be exploited to cause denial of service or disable security."
RTL003269,a074db9c6fc2ffafacd02fc56ea310b1afb76085d887aabb89f0a4aaf9e31562,Clean,1.0,"The Verilog code provided does not contain any malicious hardware trojan triggers or payloads. It is a simple module for controlling an RGB LED using the SB_HFOSC, SB_PLL40_CORE, and SB_RGBA_DRV modules from the Servant Upduino2 project. The code is clean and does not have any timing hazards or vulnerabilities that could be exploited by attackers."
RTL003270,753c79d7012d36846a1f072f688bc7023c5c3f009e4246f96e1c92a58f4bce69,Clean,1.0,"The provided Verilog code does not contain any malicious hardware trojan triggers or payloads. It is a simple module for a Nexys 2 target board that initializes a clock generator and a servant module, but does not include any sensitive information or logic that could be exploited to create a hardware trojan."
RTL003271,cac5934f1d65a57c21760c064e83030251f67780852dcdccfd1435a3d981eb75,Clean,1.0,The Verilog code provided does not contain any malicious hardware trojan triggers or payloads. It is a simple clock generation module that uses the DCM_SP synthesizer to generate a 50 MHz clock from an input clock signal.
RTL003272,740a1c759cea3d596a51765b49800c6665b23464fedc61d70282a2a7e72609eb,Clean,1.0,The provided Verilog code does not contain any malicious hardware trojan triggers or payloads. It is a simple module that interfaces with a memory file and provides a UART output.
RTL003273,82bb89e3116947eb9e9194cef9722cb760dd0fb09575050f744b7971542ced28,Clean,1.0,The Verilog code provided does not contain any malicious hardware trojan triggers or payloads.
RTL003274,5720b40b173a9477d83e3988f34fb83b5598910c68d20ef278483b071211e825,Clean,1.0,The Verilog code provided does not contain any malicious hardware trojan triggers or payloads.
RTL003275,20410a6b15b58f422d6882c18fbd058ab105b1f63693953b0e09b278d47fa43e,Clean,1.0,The Verilog code provided does not contain any malicious hardware trojan triggers or payloads. It is a simple clock generator module that uses an Altera PLL to generate a stable clock signal.
RTL003276,7cc2a2982518cd46a47924121229a01cb561e587bd401d4f933b85c1225a8f9b,Clean,1.0,The provided Verilog code does not contain any malicious hardware trojan triggers or payloads.
RTL003277,4dc0d9af7bfaa699b2e148aaed851f94a4dbe3fd0605428fc66d591a85fb2298,Clean,1.0,The provided Verilog code does not contain any malicious hardware trojan triggers or payloads.
RTL003278,0a3c2d02bea7478b1f1e26b19f998e5052877cec0100d8cac057c88bb398bbc2,Clean,1.0,The Verilog code provided does not contain any malicious hardware trojan triggers or payloads. It is a simple module that initializes LEDs and UART signals based on the state of a reset signal.
RTL003279,9d538b94fc3e569ef88f23863ed75a4c4113db61219cb5a31d9a91b88d175ccc,Clean,1.0,"The provided Verilog code does not contain any malicious hardware trojan triggers or payloads. It is a simple module that initializes a memory and connects it to a servant module, which presumably handles the communication with an external device."
RTL003280,f2feaccdbddd172b1c8dc6a89534b58ad60b200a5e47c5d7a50e902d154fc26f,Clean,1.0,The Verilog code provided does not contain any malicious hardware trojan triggers or payloads. It is a simple clock generator module that uses a PLL to generate a 50MHz clock from an input clock signal.
RTL003281,295b59e0a6ec8b05bc8c92cb08de46caa973542b8e35de327fe51fcb0953ea3e,Clean,1.0,The provided Verilog code does not contain any malicious hardware trojan triggers or payloads. It is a simple module that interfaces with a memory and outputs the data to an UART.
RTL003282,3523e396b2a6fbc36803cbde5a40654d75743fbd1c5f2d8e1ebabce097cd5b4f,Clean,1.0,The Verilog code provided does not contain any malicious hardware trojan triggers or payloads. It is a simple clock generation module that uses an Altera PLL to generate a stable clock signal.
RTL003283,db5e834fb3af57da3728ff9b4cfb8cc09fd11785b1c27a19f38b1d5b65715acb,Clean,1.0,"The Verilog code provided does not contain any malicious hardware trojan triggers or payloads. It is a simple module that generates a clock signal and connects it to a servant module, which interacts with a memory file."
RTL003284,5679e41754a012ace1c05391c4dc21f1a8d0baa5ef59e3172de1ea9e58a02e5a,Clean,1.0,The Verilog code provided does not contain any malicious hardware trojan triggers or payloads. It is a simple clock generator module that uses the PLLE2_BASE IP core to generate a 32 MHz clock from an input 100 MHz clock.
RTL003285,00f4330de486b05042ab386168908b6982bbd84eb5dd939c7a9ba468a984cba5,Clean,1.0,The provided Verilog code does not contain any malicious hardware trojan triggers or payloads. It is a simple module that interfaces with a servix_ebaz4205 device and provides a clock signal for the servicer.
RTL003286,5fc8dc6619da28efecc3caa4bcef92c637fcd557073424fbaa65df7cac219316,Clean,1.0,The Verilog code provided does not contain any malicious hardware trojan triggers or payloads. It is a simple clock generator module that meets the requirements of generating a specific frequency using a PLL (Phase-Locked Loop).
RTL003287,304908a6d73ec4de924f543f83e162b7b835d4097c6b0b916edf179cad002333,Clean,1.0,"The provided Verilog code does not contain any malicious hardware trojan triggers or payloads. It is a simple module that generates a clock signal and connects it to the `servant` module, which presumably handles memory operations."
RTL003288,6a2b486c809ab909db9c447875adff2a1ee282d7beb1caef82015ffd4a7b702e,Clean,1.0,The Verilog code provided does not contain any malicious hardware trojan triggers or payloads. It is a simple clock generator module that uses the MMCME4_ADV IP core to generate a 50 MHz clock from an input clock of 125 MHz.
RTL003289,5dee2b5a5b523c0ccad2ec3185638a43829a7ff0f181bbd317293c11b1d7fdeb,Clean,1.0,The Verilog code does not contain any malicious hardware trojan triggers or payloads.
RTL003290,d7ecbb761d146e763af61c1c277e7e8bb565b06c96f6374eade175170c94c70c,Clean,1.0,The Verilog code provided does not contain any malicious hardware trojan triggers or payloads.
RTL003291,e72f4cf9fbbf69b0f9bba2fba47e71c0849b17a425d6fba702bb816bc0bbc912,Clean,1.0,The Verilog code does not contain any malicious hardware trojan triggers or payloads.
RTL003292,6756cb3f4d67244ff9e3e4caf969fdd3da58e0b14230f95333fbda665701ea91,Clean,1.0,The Verilog code does not contain any malicious hardware trojan triggers or payloads.
RTL003293,4075100339074973c146b3255721d8e33fce80894bf207c87d3553470074ac9a,Clean,1.0,The Verilog code does not contain any malicious hardware trojan triggers or payloads.
RTL003294,2cd8676850bcab853e54a917a3a91449d279dd0d785e85299ecdffcb36a26eea,Clean,1.0,"The provided Verilog code does not contain any malicious hardware trojan triggers or payloads. It is a simple I/D SRAM module for the serving SoC, following standard Verilog coding practices and adhering to the ISC License."
RTL003295,4b8588b570358a51d5b2f04e2f2cf8bad4531f580bfc1158cb1924f24366e4a0,Clean,1.0,The Verilog code does not contain any malicious hardware trojan triggers or payloads.
RTL003296,c2030f7a26a0997abb6990a1e6f2991967ea668f32dce3ae528955286a410de8,Clean,1.0,The Verilog code does not contain any malicious hardware trojan triggers or payloads.
RTL003297,29425f3ef6dbb80e6e0e1356fd9dbcf723ac50312315f8574843b8c917b3f335,Clean,1.0,The Verilog code does not contain any malicious hardware trojan triggers or payloads.
RTL003298,563849e82a6f473d071f577d015ea0263bf46070d76a9beacddc09fa83842c65,Clean,1.0,The Verilog code does not contain any malicious hardware trojan triggers or payloads.
RTL003299,46c0779694a05b61e15ce1533e4097c097621d60a47073b22c28951356930ded,Clean,1.0,The Verilog code does not contain any malicious hardware trojan triggers or payloads.
RTL003300,2eb123b7487b9f20a30c79cdac3bc6cedef77e98940a05f84a54faa9b34abb0f,Clean,1.0,The Verilog code does not contain any malicious hardware trojan triggers or payloads.
RTL003301,54810beb44712afb884fe13fd86d69a45ead520e6eb5ef42134cab6e6e11ebf5,Clean,1.0,The Verilog code does not contain any malicious hardware trojan triggers or payloads.
RTL003302,cd93cb9ec8cf9c4fb222a6e54e9316e8b03ce4285f5ad4ce5d0aa210fbfa2c03,Clean,1.0,The provided Verilog code does not contain any malicious hardware trojan triggers or payloads.
RTL003303,56ff372cbe8a0dbfc87ad6f6ff743f6cc5171d21ac3e20d86e4e6b7997d298d7,Clean,1.0,The Verilog code provided does not contain any malicious hardware trojan triggers or payloads.
RTL003304,c4eae5549fd9112b0a1356afd5de7218d4b558df0eb80d54e181ab2ee22891ff,Clean,1.0,The Verilog code provided does not contain any malicious hardware trojan triggers or payloads.
RTL003305,276d7a0c377c13de3a2a0b848509db91e7f72a918edbb30b0d22b3db801dfbe5,Clean,1.0,The Verilog code provided does not contain any malicious hardware trojan triggers or payloads.
RTL003306,ad00066334d43d2a5cb747a646041e39e1612e3498834a5c47052098d7722f5f,Clean,1.0,The Verilog code does not contain any malicious hardware trojan triggers or payloads.
RTL003307,32f212961402865b3e7ad7c0bc2ef6fa4857d5d845c82878798a46bd3205b72a,Clean,1.0,The Verilog code does not contain any malicious hardware trojan triggers or payloads.
RTL003308,507a7e4063ad483ab8b48a9be9055e8be6a9b7dc2009f96d8e4a5fe7a911aa26,Clean,1.0,The Verilog code does not contain any malicious hardware trojan triggers or payloads.
RTL003309,f9b9249fe88d17887b64262e308b36724030b6e0f203dc3251bd022c7bdc7154,Clean,1.0,The Verilog code does not contain any malicious hardware trojan triggers or payloads.
RTL003310,fcc82762f717dc146e6a67b5df3dce7ff5ad54089232d445755b43f8b6064919,Clean,1.0,The Verilog code does not contain any malicious hardware trojan triggers or payloads.
RTL003311,f852c319ea80ea9ca14405c6e281ef124256c74944c736c11e217e1beb4144e7,Clean,1.0,The Verilog code does not contain any malicious hardware trojan triggers or payloads.
RTL003312,663160642664e426a9ae59cfad664ec8e0610da5a397fcce9501b4d68456f4b6,Clean,1.0,The Verilog code does not contain any malicious hardware trojan triggers or payloads.
RTL003313,d8be0716a611a749a9b1e44feef21f5bf4848aea54e11f11813be8fc9cdba707,Clean,1.0,The Verilog code does not contain any malicious hardware trojan triggers or payloads.
RTL003314,01d2d61641628dc9ae48e3f86c3df6aa982c6fba8d2f431c8ba8a95929b6a36b,Unknown,0.0,
RTL003315,6dd84ad9ff2e18f1d86e0e52f9cc88600ff75ef752dbe1c49aec010a36b3ee5f,Unknown,0.0,
RTL003316,2b481af350d53d18af2bca134346689b204cf5b61b378d188d18ab5086e1da90,Unknown,0.0,
RTL003317,5f9524dcbbc335dba9aa2799b66cc912ce7b3f62b0c86e47c606aedacf2f1d1c,Unknown,0.0,
RTL003318,5e187de6d347cdfe12fba68bba15272f37fe7c34dd399a6ff5b62f1dd8600422,Unknown,0.0,
RTL003320,04012f86f61aa35881e5a1b99799585486cfb6aa1bd42794c275aa211e0804be,Unknown,0.0,
RTL003321,eb3eed99bd6081442fa12e63017e292a5c3a5c919373fc3ad53e7d77aa661a47,Unknown,0.0,
RTL003322,957c9e54097627a71e8f30acb1da1f67cb768a1147a8ce0074ba5af6a39229f9,Unknown,0.0,
RTL003324,bed1ce7c3e5a3e6b8194f2334b29ed430499adc748bc7c6dad19de9512c2981d,Unknown,0.0,
RTL003325,8ca47cac952aaa748cbf8cd5ec8521db21c3b979a049f8950622eaa8a33554d1,Unknown,0.0,
RTL003327,dc01eb9f5caae34c92af5d9146cf88255143cc60afd0324a34ecbe09a817ee50,Unknown,0.0,
RTL003328,ae6b913652330b1f4e51196117496ea3586237addaebeffe1a1779c8edd9e6f9,Unknown,0.0,
RTL003329,b9edb1c1487f25b43a1bc2be6b2425fe2f1a562751c2facad9731f2b1956fe15,Unknown,0.0,
RTL003330,e582770e25db625871299e7ec7b81b8ab167dafa4fcdbaccff92ece3241fc8ba,Unknown,0.0,
RTL003331,fbcba2973dbe1f1cdd19eba8dfdb2934336978fd397aed0a07d6ecd1e9da6527,Unknown,0.0,
RTL003332,fe9b1c2372cee4fd6e5399675f2a72b9a67741ffd04adc15f6fcedf2367f9daf,Unknown,0.0,
RTL003333,2e23fd14332ddd153ab2822e762908f6e8c1d9252e8f10d0eb23f90938068cdb,Unknown,0.0,
RTL003335,363870bd6047de745b59f1a8e83baabaf6d9a4e0f4e9697efd6bddbb8f195c79,Unknown,0.0,
RTL003336,134cf8ec6f8d9eb8964e2c133312b1a07e8abe5871788abd291126ed33848241,Unknown,0.0,
RTL003337,cd7998c98791a909412512dd9c0736bf16bb1b2d5837721ff2ab2ced8cae0d46,Unknown,0.0,
RTL003339,cc6b7063eace35c609d03d00b0ecb5eb4dcac7f9d45a8556f992079e85d2ad8f,Unknown,0.0,
RTL003340,6b272eba64b460764c1c552e3f2602387a7a2a0a76552e1008e78b66ba9e5cdf,Unknown,0.0,
RTL003341,115c8bd275b999d8c8d6ff545454e49e111246c621854c49992bbc00f9584fab,Unknown,0.0,
RTL003342,6798390ee9be5108177d9c3addb9cd81c495f39cbefcc8ab5d9e75d1f575b542,Unknown,0.0,
RTL003344,b9b7c88edcd96d470d44919385baf4e051806703968f41c01d92110fe1f326a4,Unknown,0.0,
RTL003346,2d447267611174af9932da665295c937eaa41974df396f8ca9a5eefa1af95c77,Unknown,0.0,
RTL003347,95e999fc350ddbf5ca66d42a5116afd96fb59141e0389217c1c97558a1a68fbb,Unknown,0.0,
RTL003348,665424f397e1fe1b876afce24e21587091d8c7bd8cb98a5d4fee553a0a088a92,Unknown,0.0,
RTL003349,92eee6c213523b96cc56d56f8348fc66e808b946e8ce6aeaef1c8528faeb5180,Unknown,0.0,
RTL003350,05bb8110e1f4d2feb58797079c774fbfbba517dab6226ed9b632a029156e3881,Unknown,0.0,
RTL003351,763b227e41042fcec1a3c7df6a090c050bc502d083da6e8934f16f419417cdb4,Unknown,0.0,
RTL003352,d4aa92a975d88e069561e34f3d92fb5304e179b17bcb574e1e5d18875c6690d7,Unknown,0.0,
RTL003354,901172700b2b873a9dc01080026326684cce15d4efaf8af62a8bbead883c9983,Unknown,0.0,
RTL003355,e8ffaa2ca6a5c5de2b14d734016120955c993b9aabdbf8a0164f0490c33dee6c,Unknown,0.0,
RTL003356,b2b08367c4f241482ae0ef8a27c162da442a0f224af3bccbe5eab999dcaf4d1a,Unknown,0.0,
RTL003359,fdb803ccb289445b06fac8f06171adf0461603c84cd476d8d96616c978031306,Unknown,0.0,
RTL003362,6f3ed95f9fb9cc9ddb1b9b8ce2d0019e12595faa5aedd3f142548c72b698631f,Unknown,0.0,
RTL003363,4b133dbfd6d89b6d51b3b52192390c35c127c83f06ee40061edff8b17ff21656,Unknown,0.0,
RTL003364,3d70a29d1575c79dd6e96b643ef0f99280f622ebec02dfd82f96db7e356b2a8a,Unknown,0.0,
RTL003365,f8cc597feace9a3ee5029b3ec8375c21264aef79d125f3ecf555bc30a30db9f6,Unknown,0.0,
RTL003367,8404e39392df1b058db5ce7c8f5beba22f26d6d9a86632927d448d33849ebee4,Unknown,0.0,
RTL003368,eeb03e8383177b68d86e518a015f5b4bd8e3d5a8261e3074a288640d7ded55ad,Unknown,0.0,
RTL003369,f4cdde87632b9ab70453d8c0e42f7f9c82e0f728acd622a68065967cc8ae6dce,Unknown,0.0,
RTL003370,366aef68a014efdbb7ede841f3d8942f3e082f700c045cf0a083e42af60a09f5,Unknown,0.0,
RTL003371,7fa2933509bc808bf103f90c4edab4f5f037333b3e6673e2715ffc1c02afeb23,Unknown,0.0,
RTL003372,ee1f39d2a3441ea154972bedf6327dca08f1de89df0e9f1ac63bb19990fa3160,Unknown,0.0,
RTL003373,cd7b37a0f60d07021cf65ed9dfaab94a96115ca34ed781d79e852de4def7f81b,Unknown,0.0,
RTL003375,c3184c88c515fa4863dca962ff26434549f1d7600efc640a3508b6d3439f1600,Unknown,0.0,
RTL003376,b9953d4b62bd2c0124e972182036f31b04df852db09da8745cf9f86898506d2f,Unknown,0.0,
RTL003381,8c4e1b926e51b3bc20cf5e102c9eb16ddc09a7eaa69bfca217cf27be5fa9b22f,Unknown,0.0,
RTL003384,6950a85c4eb0c9fa3172e54922a935b3632b20f7011f1913ee557427d52ac84c,Unknown,0.0,
RTL003385,2072eaad5d3bc8d45b578dd9d28fd9a613f365ba15efc35eb807b6a4579bff75,Unknown,0.0,
RTL003386,c5b45da66b44aa19285328c69d8a158e9dfa4184c0f74267d411eaec78247b0a,Unknown,0.0,
RTL003388,c38bfadea23f2bd27aa4e0dfa906aae4cf2fc88f5b88f8a155b6486033d36690,Unknown,0.0,
RTL003389,2b3e9d21a438957099d16ea0bc45fa486a6921ba5cc24bb927897b065dd4046d,Unknown,0.0,
RTL003390,4a8aa80eccf9b8e42423276807420e676a9f521a914acdd005827eaa4df8a0fe,Unknown,0.0,
RTL003392,3ca3e0e04f775de4c669c7b04873c7a25ebf128cebb12459d409b75940979738,Unknown,0.0,
RTL003394,0229b96218570cb0847b0122c6f21ebd07f2c0043b99b4244a4b4b6159c09a8d,Unknown,0.0,
RTL003395,f95b5fcfd9abeeb50f866cbf51f27539a6ce6b1dc2e463b6664a3b59211cc245,Unknown,0.0,
RTL003396,d6220d8ee2c5b9f14476953ef13aa0af943e8eb564a5cbe6d1758756508af983,Unknown,0.0,
RTL003398,7588ec9037653b1afb80d050198ec7d92fde53900496995de0ded9faca4282ac,Unknown,0.0,
RTL003399,91c6dfb18989310be64091b7d68dc4fceff83bfa82a0e8b6e5047dc4a25923b7,Unknown,0.0,
RTL003400,b40f1d5a62d5addb24746ac8944b955cded9a41a7e1fc2020974e6f09b6634c7,Unknown,0.0,
RTL003401,dd231c48854b548e372c0bc6c26c484020647f04a5259c8e8189f54e5b121d27,Unknown,0.0,
RTL003402,6b0af68b3221bc59eabcc7e00660da049919e560dc0008b32f1214f7c6aa86dc,Unknown,0.0,
RTL003404,4155ee168fa6f0f0c4f4a8b9fdff3cd5de3e93d5e38f7d3bac0b685256e88d5f,Unknown,0.0,
RTL003405,2540be2156291cf069b183cb41867ccdaf7b7c770262d8d16c24622bb962be15,Unknown,0.0,
RTL003406,d053a1b45b5cf1ac0d671c77ce10abbde201ff4dffc773fc6620baa570b28c0f,Unknown,0.0,
RTL003408,fc1aadb0d40ac2505677c65e3496b283d868ad95bebb518486ffe3326396e376,Unknown,0.0,
RTL003410,16a7c0b12509e260fc74f6c86dd7885ecb7ae01bf0c4e1cb74c810d423b7e0a0,Unknown,0.0,
RTL003411,20acf561fc189c1417c122af94cfc377a649220fb43075a6c288d4360d61d959,Unknown,0.0,
RTL003413,63bc5a4a53054196aa5d86cd877bdaf1e8fcdc90ef43320432e89f23c68c2ff3,Unknown,0.0,
RTL003414,0e442b9b618b31421f681244b07f67076760d3b77560287db7a9320a85219d39,Unknown,0.0,
RTL003415,3ae651d5fbaa7e36f6b55ef06ded892f3b7b2142328246f5f01811819bd880f3,Unknown,0.0,
RTL003416,597d7698819a4054152232237e79a5a344d7a4c01446f6973cee705fb36be635,Unknown,0.0,
RTL003417,6dcd60e2b27f7b7f7b285fcd7cae35411885b13c3291eabb876945417493e009,Unknown,0.0,
RTL003418,ef9090a70a70edd29c12b4aa48a3326ecd70a834f63f2b87e30edd405ba03c57,Unknown,0.0,
RTL003419,3d2c911f0a760c8929f4e50f3a873e400935dfe607c11bdffb59b6383a2883ce,Unknown,0.0,
RTL003421,4d5ff8fda235c63feebb8951a27c5d72d64211ea18f3be67b03a9be124e57ab5,Unknown,0.0,
RTL003422,db92f5ddc88e2dfc5df7cdf68d7cb9237848cb8888370cd127f521fc2aff9c5d,Unknown,0.0,
RTL003423,b6052b864b646d0d7c890501a9cdfc003ef40a87121812f0ce800d29a31fcd09,Unknown,0.0,
RTL003426,a04c58b91bf3d7da14c7aae0cdcb379e85fd93eeed20a0a8b92766621ea024af,Unknown,0.0,
RTL003427,5f5eca23da327911361db6b38c8a030dae6e5eb75c213953e7b2aa6138818e23,Unknown,0.0,
RTL003428,2763984ed1680ce667288e9f9b113c81f3cbc5b5baff1f3b9471cc95a864c824,Unknown,0.0,
RTL003429,8ed5d900219dc079ed0906207cad9ba58a5227b875fab48cbbe2baf8e546c6a0,Unknown,0.0,
RTL003430,3d7178ff220784254523584d7c5f269e0388d3c16cdb670a2141c36d571fdaf3,Unknown,0.0,
RTL003433,dceea152623cdb87f2ec10918c3276b577197ffb13970e6ac86972cf107bc57e,Unknown,0.0,
RTL003434,516b1b546b20b07950285ca981b9ae2a7bb1961367105f20d2110ff7df4b5f73,Unknown,0.0,
RTL003436,225a279a6df36df45bb996c544443b860f518d262c7c957ad223ba2c1ab88caa,Unknown,0.0,
RTL003437,9ecce1821a49a6b1ce6d5e360bf0365aa8d6d732eb470f518cf8094efbdd8517,Unknown,0.0,
RTL003438,8275000b2e7e5559228056cbebc423a36babaf5ca07c070cac997c46ba34d70c,Unknown,0.0,
RTL003439,d17d018bd004fabd27fb0a71b7425f48d48d7dcb1075a8634e5d791e6ffc3d0f,Unknown,0.0,
RTL003440,f851382f0a383dddb2b5d1aaabf34cfaacdda36cf30fb31e374298f5c6e12144,Unknown,0.0,
RTL003441,ef8340fa8bb97da04d63151652cf974b8d636d6985cca8b8351894f578bf756a,Unknown,0.0,
RTL003443,357ff4f305459251ef4bbc46bc741a741ba34c5c0b7e2bb5e60f3b802dd5a7de,Unknown,0.0,
RTL003444,4e7de8a5265488167ec74ffb75493ace17d5a37435db3c8885f47aa4ef999d19,Unknown,0.0,
RTL003445,72a8008edcb0d60a2503681521505b99bf0e0442b9b7491699138afc6d201dcf,Unknown,0.0,
RTL003446,7b1996beb32c47376000b52d5c8240ae247b507204095ba2bd385249f569c226,Unknown,0.0,
RTL003447,3d7edc782fc1aa7f753c196d2e0e01365a1894edc19490a75d155e833e3f329a,Unknown,0.0,
RTL003448,d1d1748a1a60786cfd2926fd75df85f73c957a760dd9fbf1a2f54915e9b51375,Unknown,0.0,
RTL003449,49b6c1ab25681c9387d81653eeedfcc5873d313ffbf5728c65014b29e3750c4e,Unknown,0.0,
RTL003450,812998f7b50e0b7025dfbc80ee4543cac5ec5589931052723a9a7d6d5f5e166a,Unknown,0.0,
RTL003451,cb6ab351f1e380ca1c35254a0576ae1e93feb45e452e4a6c6423077593c72674,Unknown,0.0,
RTL003452,ec700ba352bf064cdd6ed07799cf9d0f066883a29145d4b294b6d79ab7e8b259,Unknown,0.0,
RTL003453,8b539a8bb84bc7ea7ca549152db810a9312347bca644c5df7ed0ed7b1c6797b3,Unknown,0.0,
RTL003455,428048bed7867e7a02601fcc1021a30518cd8877f77fa8a0355e2d1f119ed2b2,Unknown,0.0,
RTL003456,ae5faee98f15460ae179a806dda103ebc706bd89177b4fe86ae971b5a8026fd1,Unknown,0.0,
RTL003457,9c67dccf40dd25ace9a8d63b8c5168f9993b76c24fb59c1b1ecd6a87448e2fe3,Unknown,0.0,
RTL003458,039b2862e0c30c0b88dcfd22c591394393634d4dbfd6eb7e02ffb65f9403d300,Unknown,0.0,
RTL003460,ac1c592f504f2604826c4518bfe2ad3add724ebb97ab31ee22a72c2f77a9d411,Unknown,0.0,
RTL003461,68d7e7e7e06eb0c3e72ea7132bfec65b48889ef3b08d0b851380ce0092320036,Unknown,0.0,
RTL003462,3998d042e02491b06e59b434b64ae778d2aa2dcb5a105e557f00ce47ac725ac1,Unknown,0.0,
RTL003464,3cd7879d47fc330bfbf96d072756deeafc77d6e93e3cb5c627895491f3f959fd,Unknown,0.0,
RTL003465,1301f4f8590f43368c67904c451c93e7ca5177f070f4808bbdd79bb9cd394603,Unknown,0.0,
RTL003466,d32c7eaad4460b3b1e7cf57fc52fd8611bcd7e4b3b59ab87de8baedcbf094f47,Unknown,0.0,
RTL003467,dd6b924ff1b45b8c6c7924b46c00a945af440524ccbbcdd8a3ab8b07ac99bdde,Unknown,0.0,
RTL003468,48623ea8829de761781d2acaf591fa0a4a590e58e9d625f8be158217d13f768a,Unknown,0.0,
RTL003469,08ba78f8e95480920efe28db26904f1183ea7142cdf9427559e43bf9e9b25719,Unknown,0.0,
RTL003470,995497f1dca39f262cf800fa0c698b6a30a782ca22b58a4368325542a7e185e5,Unknown,0.0,
RTL003471,da63ac5624667218c03420823c913158b0578a50b7a91caaee3ce4389a53298a,Unknown,0.0,
RTL003472,e276cffac2c21b0edbfafb022a3a8b10ef6b694521e80fc8f23b726fafef8ed6,Unknown,0.0,
RTL003473,b4cf2ce14f92ae7e5bce04f8c582d5ee4b2fbbdba4ed59a56b066eb8fd1a9e70,Unknown,0.0,
RTL003474,9eff508f474e994778f0a64221a49fab025d7b02b074735dedc1e2118441ed96,Unknown,0.0,
RTL003475,f324211733f8b8ad67fc8a0971eda2ed326d1f414ee4e088874dc61a23ff72e5,Unknown,0.0,
RTL003476,44309421c9a99dc77092cbfd6027235b3c2aefe017a7192fa7ee20b37af13a70,Unknown,0.0,
RTL003477,21462e76e7ddf97bbc5428f8ecea4b148fa3578ea45861d223c02f6cfd42e007,Unknown,0.0,
RTL003478,479d4008d8e09c94fdbb1521524bb0cf09119d84fd03261584c9b191ae47f9bf,Unknown,0.0,
RTL003481,347dcdd84314adfe317b1c5d740608e23e44bfc7a460c5676a51cab41db7a8e4,Unknown,0.0,
