repository,family,file_name,relative_path,language,loc,source
AES-T100,AES-T100,aes_128.v,AES-T100\AES-T100\src\TjFree\aes_128.v,Verilog,93,TrustHub
AES-T100,AES-T100,round.v,AES-T100\AES-T100\src\TjFree\round.v,Verilog,81,TrustHub
AES-T100,AES-T100,table.v,AES-T100\AES-T100\src\TjFree\table.v,Verilog,590,TrustHub
AES-T100,AES-T100,test_aes_128.v,AES-T100\AES-T100\src\TjFree\test_aes_128.v,Verilog,85,TrustHub
AES-T100,AES-T100,aes_128.v,AES-T100\AES-T100\src\TjIn\aes_128.v,Verilog,93,TrustHub
AES-T100,AES-T100,lfsr.v,AES-T100\AES-T100\src\TjIn\lfsr.v,Verilog,22,TrustHub
AES-T100,AES-T100,round.v,AES-T100\AES-T100\src\TjIn\round.v,Verilog,81,TrustHub
AES-T100,AES-T100,table.v,AES-T100\AES-T100\src\TjIn\table.v,Verilog,590,TrustHub
AES-T100,AES-T100,test_aes_128.v,AES-T100\AES-T100\src\TjIn\test_aes_128.v,Verilog,85,TrustHub
AES-T100,AES-T100,top.v,AES-T100\AES-T100\src\TjIn\top.v,Verilog,33,TrustHub
AES-T100,AES-T100,TSC.v,AES-T100\AES-T100\src\TjIn\TSC.v,Verilog,107,TrustHub
AES-T1000,AES-T1000,aes_128.v,AES-T1000\AES-T1000\src\TjFree\aes_128.v,Verilog,93,TrustHub
AES-T1000,AES-T1000,round.v,AES-T1000\AES-T1000\src\TjFree\round.v,Verilog,81,TrustHub
AES-T1000,AES-T1000,table.v,AES-T1000\AES-T1000\src\TjFree\table.v,Verilog,590,TrustHub
AES-T1000,AES-T1000,test_aes_128.v,AES-T1000\AES-T1000\src\TjFree\test_aes_128.v,Verilog,85,TrustHub
AES-T1000,AES-T1000,aes_128.v,AES-T1000\AES-T1000\src\TjIn\aes_128.v,Verilog,93,TrustHub
AES-T1000,AES-T1000,lfsr.v,AES-T1000\AES-T1000\src\TjIn\lfsr.v,Verilog,27,TrustHub
AES-T1000,AES-T1000,round.v,AES-T1000\AES-T1000\src\TjIn\round.v,Verilog,81,TrustHub
AES-T1000,AES-T1000,table.v,AES-T1000\AES-T1000\src\TjIn\table.v,Verilog,590,TrustHub
AES-T1000,AES-T1000,tbTOP.v,AES-T1000\AES-T1000\src\TjIn\tbTOP.v,Verilog,102,TrustHub
AES-T1000,AES-T1000,test_aes_128.v,AES-T1000\AES-T1000\src\TjIn\test_aes_128.v,Verilog,85,TrustHub
AES-T1000,AES-T1000,top.v,AES-T1000\AES-T1000\src\TjIn\top.v,Verilog,35,TrustHub
AES-T1000,AES-T1000,Trojan_Trigger.v,AES-T1000\AES-T1000\src\TjIn\Trojan_Trigger.v,Verilog,38,TrustHub
AES-T1000,AES-T1000,TSC.v,AES-T1000\AES-T1000\src\TjIn\TSC.v,Verilog,109,TrustHub
AES-T1100,AES-T1100,aes_128.v,AES-T1100\AES-T1100\src\TjFree\aes_128.v,Verilog,93,TrustHub
AES-T1100,AES-T1100,round.v,AES-T1100\AES-T1100\src\TjFree\round.v,Verilog,81,TrustHub
AES-T1100,AES-T1100,table.v,AES-T1100\AES-T1100\src\TjFree\table.v,Verilog,590,TrustHub
AES-T1100,AES-T1100,test_aes_128.v,AES-T1100\AES-T1100\src\TjFree\test_aes_128.v,Verilog,85,TrustHub
AES-T1100,AES-T1100,aes_128.v,AES-T1100\AES-T1100\src\TjIn\aes_128.v,Verilog,93,TrustHub
AES-T1100,AES-T1100,lfsr.v,AES-T1100\AES-T1100\src\TjIn\lfsr.v,Verilog,25,TrustHub
AES-T1100,AES-T1100,round.v,AES-T1100\AES-T1100\src\TjIn\round.v,Verilog,81,TrustHub
AES-T1100,AES-T1100,table.v,AES-T1100\AES-T1100\src\TjIn\table.v,Verilog,590,TrustHub
AES-T1100,AES-T1100,tbTOP.v,AES-T1100\AES-T1100\src\TjIn\tbTOP.v,Verilog,102,TrustHub
AES-T1100,AES-T1100,test_aes_128.v,AES-T1100\AES-T1100\src\TjIn\test_aes_128.v,Verilog,85,TrustHub
AES-T1100,AES-T1100,top.v,AES-T1100\AES-T1100\src\TjIn\top.v,Verilog,35,TrustHub
AES-T1100,AES-T1100,Trojan_Trigger.v,AES-T1100\AES-T1100\src\TjIn\Trojan_Trigger.v,Verilog,53,TrustHub
AES-T1100,AES-T1100,TSC.v,AES-T1100\AES-T1100\src\TjIn\TSC.v,Verilog,109,TrustHub
AES-T1200,AES-T1200,aes_128.v,AES-T1200\AES-T1200\src\TjFree\aes_128.v,Verilog,93,TrustHub
AES-T1200,AES-T1200,round.v,AES-T1200\AES-T1200\src\TjFree\round.v,Verilog,81,TrustHub
AES-T1200,AES-T1200,table.v,AES-T1200\AES-T1200\src\TjFree\table.v,Verilog,590,TrustHub
AES-T1200,AES-T1200,test_aes_128.v,AES-T1200\AES-T1200\src\TjFree\test_aes_128.v,Verilog,85,TrustHub
AES-T1200,AES-T1200,aes_128.v,AES-T1200\AES-T1200\src\TjIn\aes_128.v,Verilog,93,TrustHub
AES-T1200,AES-T1200,lfsr.v,AES-T1200\AES-T1200\src\TjIn\lfsr.v,Verilog,25,TrustHub
AES-T1200,AES-T1200,round.v,AES-T1200\AES-T1200\src\TjIn\round.v,Verilog,81,TrustHub
AES-T1200,AES-T1200,table.v,AES-T1200\AES-T1200\src\TjIn\table.v,Verilog,590,TrustHub
AES-T1200,AES-T1200,tbTOP.v,AES-T1200\AES-T1200\src\TjIn\tbTOP.v,Verilog,102,TrustHub
AES-T1200,AES-T1200,test_aes_128.v,AES-T1200\AES-T1200\src\TjIn\test_aes_128.v,Verilog,85,TrustHub
AES-T1200,AES-T1200,top.v,AES-T1200\AES-T1200\src\TjIn\top.v,Verilog,35,TrustHub
AES-T1200,AES-T1200,Trojan_Trigger.v,AES-T1200\AES-T1200\src\TjIn\Trojan_Trigger.v,Verilog,50,TrustHub
AES-T1200,AES-T1200,TSC.v,AES-T1200\AES-T1200\src\TjIn\TSC.v,Verilog,109,TrustHub
AES-T1300,AES-T1300,aes_128.v,AES-T1300\AES-T1300\src\TjFree\aes_128.v,Verilog,93,TrustHub
AES-T1300,AES-T1300,round.v,AES-T1300\AES-T1300\src\TjFree\round.v,Verilog,81,TrustHub
AES-T1300,AES-T1300,table.v,AES-T1300\AES-T1300\src\TjFree\table.v,Verilog,590,TrustHub
AES-T1300,AES-T1300,test_aes_128.v,AES-T1300\AES-T1300\src\TjFree\test_aes_128.v,Verilog,85,TrustHub
AES-T1300,AES-T1300,aes_128.v,AES-T1300\AES-T1300\src\TjIn\aes_128.v,Verilog,103,TrustHub
AES-T1300,AES-T1300,round.v,AES-T1300\AES-T1300\src\TjIn\round.v,Verilog,81,TrustHub
AES-T1300,AES-T1300,table.v,AES-T1300\AES-T1300\src\TjIn\table.v,Verilog,590,TrustHub
AES-T1300,AES-T1300,tbTOP.v,AES-T1300\AES-T1300\src\TjIn\tbTOP.v,Verilog,100,TrustHub
AES-T1300,AES-T1300,test_aes_128.v,AES-T1300\AES-T1300\src\TjIn\test_aes_128.v,Verilog,85,TrustHub
AES-T1300,AES-T1300,top.v,AES-T1300\AES-T1300\src\TjIn\top.v,Verilog,36,TrustHub
AES-T1300,AES-T1300,Trojan_Trigger.v,AES-T1300\AES-T1300\src\TjIn\Trojan_Trigger.v,Verilog,38,TrustHub
AES-T1300,AES-T1300,TSC.v,AES-T1300\AES-T1300\src\TjIn\TSC.v,Verilog,134,TrustHub
AES-T1400,AES-T1400,aes_128.v,AES-T1400\AES-T1400\src\TjFree\aes_128.v,Verilog,93,TrustHub
AES-T1400,AES-T1400,round.v,AES-T1400\AES-T1400\src\TjFree\round.v,Verilog,81,TrustHub
AES-T1400,AES-T1400,table.v,AES-T1400\AES-T1400\src\TjFree\table.v,Verilog,590,TrustHub
AES-T1400,AES-T1400,test_aes_128.v,AES-T1400\AES-T1400\src\TjFree\test_aes_128.v,Verilog,85,TrustHub
AES-T1400,AES-T1400,aes_128.v,AES-T1400\AES-T1400\src\TjIn\aes_128.v,Verilog,103,TrustHub
AES-T1400,AES-T1400,round.v,AES-T1400\AES-T1400\src\TjIn\round.v,Verilog,81,TrustHub
AES-T1400,AES-T1400,table.v,AES-T1400\AES-T1400\src\TjIn\table.v,Verilog,590,TrustHub
AES-T1400,AES-T1400,tbTOP.v,AES-T1400\AES-T1400\src\TjIn\tbTOP.v,Verilog,100,TrustHub
AES-T1400,AES-T1400,test_aes_128.v,AES-T1400\AES-T1400\src\TjIn\test_aes_128.v,Verilog,85,TrustHub
AES-T1400,AES-T1400,top.v,AES-T1400\AES-T1400\src\TjIn\top.v,Verilog,36,TrustHub
AES-T1400,AES-T1400,Trojan_Trigger.v,AES-T1400\AES-T1400\src\TjIn\Trojan_Trigger.v,Verilog,53,TrustHub
AES-T1400,AES-T1400,TSC.v,AES-T1400\AES-T1400\src\TjIn\TSC.v,Verilog,134,TrustHub
AES-T1500,AES-T1500,aes_128.v,AES-T1500\AES-T1500\src\TjFree\aes_128.v,Verilog,93,TrustHub
AES-T1500,AES-T1500,round.v,AES-T1500\AES-T1500\src\TjFree\round.v,Verilog,81,TrustHub
AES-T1500,AES-T1500,table.v,AES-T1500\AES-T1500\src\TjFree\table.v,Verilog,590,TrustHub
AES-T1500,AES-T1500,test_aes_128.v,AES-T1500\AES-T1500\src\TjFree\test_aes_128.v,Verilog,85,TrustHub
AES-T1500,AES-T1500,aes_128.v,AES-T1500\AES-T1500\src\TjIn\aes_128.v,Verilog,103,TrustHub
AES-T1500,AES-T1500,round.v,AES-T1500\AES-T1500\src\TjIn\round.v,Verilog,81,TrustHub
AES-T1500,AES-T1500,table.v,AES-T1500\AES-T1500\src\TjIn\table.v,Verilog,590,TrustHub
AES-T1500,AES-T1500,tbTOP.v,AES-T1500\AES-T1500\src\TjIn\tbTOP.v,Verilog,101,TrustHub
AES-T1500,AES-T1500,test_aes_128.v,AES-T1500\AES-T1500\src\TjIn\test_aes_128.v,Verilog,85,TrustHub
AES-T1500,AES-T1500,top.v,AES-T1500\AES-T1500\src\TjIn\top.v,Verilog,36,TrustHub
AES-T1500,AES-T1500,Trojan_Trigger.v,AES-T1500\AES-T1500\src\TjIn\Trojan_Trigger.v,Verilog,50,TrustHub
AES-T1500,AES-T1500,TSC.v,AES-T1500\AES-T1500\src\TjIn\TSC.v,Verilog,134,TrustHub
AES-T1600,AES-T1600,aes_128.v,AES-T1600\AES-T1600\src\TjFree\aes_128.v,Verilog,93,TrustHub
AES-T1600,AES-T1600,round.v,AES-T1600\AES-T1600\src\TjFree\round.v,Verilog,81,TrustHub
AES-T1600,AES-T1600,table.v,AES-T1600\AES-T1600\src\TjFree\table.v,Verilog,590,TrustHub
AES-T1600,AES-T1600,test_aes_128.v,AES-T1600\AES-T1600\src\TjFree\test_aes_128.v,Verilog,85,TrustHub
AES-T1600,AES-T1600,aes_128.v,AES-T1600\AES-T1600\src\TjIn\aes_128.v,Verilog,93,TrustHub
AES-T1600,AES-T1600,AES_tb.v,AES-T1600\AES-T1600\src\TjIn\AES_tb.v,Verilog,70,TrustHub
AES-T1600,AES-T1600,AM_Transmission.v,AES-T1600\AES-T1600\src\TjIn\AM_Transmission.v,Verilog,66,TrustHub
AES-T1600,AES-T1600,round.v,AES-T1600\AES-T1600\src\TjIn\round.v,Verilog,81,TrustHub
AES-T1600,AES-T1600,table.v,AES-T1600\AES-T1600\src\TjIn\table.v,Verilog,590,TrustHub
AES-T1600,AES-T1600,tb_AM.v,AES-T1600\AES-T1600\src\TjIn\tb_AM.v,Verilog,66,TrustHub
AES-T1600,AES-T1600,tbTOP.v,AES-T1600\AES-T1600\src\TjIn\tbTOP.v,Verilog,102,TrustHub
AES-T1600,AES-T1600,top.v,AES-T1600\AES-T1600\src\TjIn\top.v,Verilog,33,TrustHub
AES-T1600,AES-T1600,Trojan_Trigger.v,AES-T1600\AES-T1600\src\TjIn\Trojan_Trigger.v,Verilog,71,TrustHub
AES-T1700,AES-T1700,aes_128.v,AES-T1700\AES-T1700\src\TjFree\aes_128.v,Verilog,93,TrustHub
AES-T1700,AES-T1700,round.v,AES-T1700\AES-T1700\src\TjFree\round.v,Verilog,81,TrustHub
AES-T1700,AES-T1700,table.v,AES-T1700\AES-T1700\src\TjFree\table.v,Verilog,590,TrustHub
AES-T1700,AES-T1700,test_aes_128.v,AES-T1700\AES-T1700\src\TjFree\test_aes_128.v,Verilog,85,TrustHub
AES-T1700,AES-T1700,aes_128.v,AES-T1700\AES-T1700\src\TjIn\aes_128.v,Verilog,93,TrustHub
AES-T1700,AES-T1700,AES_tb.v,AES-T1700\AES-T1700\src\TjIn\AES_tb.v,Verilog,70,TrustHub
AES-T1700,AES-T1700,AM_Transmission.v,AES-T1700\AES-T1700\src\TjIn\AM_Transmission.v,Verilog,65,TrustHub
AES-T1700,AES-T1700,round.v,AES-T1700\AES-T1700\src\TjIn\round.v,Verilog,81,TrustHub
AES-T1700,AES-T1700,table.v,AES-T1700\AES-T1700\src\TjIn\table.v,Verilog,590,TrustHub
AES-T1700,AES-T1700,tb_AM.v,AES-T1700\AES-T1700\src\TjIn\tb_AM.v,Verilog,66,TrustHub
AES-T1700,AES-T1700,tbTOP.v,AES-T1700\AES-T1700\src\TjIn\tbTOP.v,Verilog,102,TrustHub
AES-T1700,AES-T1700,top.v,AES-T1700\AES-T1700\src\TjIn\top.v,Verilog,33,TrustHub
AES-T1700,AES-T1700,Trojan_Trigger.v,AES-T1700\AES-T1700\src\TjIn\Trojan_Trigger.v,Verilog,50,TrustHub
AES-T1800,AES-T1800,aes_128.v,AES-T1800\AES-T1800\src\TjFree\aes_128.v,Verilog,93,TrustHub
AES-T1800,AES-T1800,round.v,AES-T1800\AES-T1800\src\TjFree\round.v,Verilog,81,TrustHub
AES-T1800,AES-T1800,table.v,AES-T1800\AES-T1800\src\TjFree\table.v,Verilog,590,TrustHub
AES-T1800,AES-T1800,test_aes_128.v,AES-T1800\AES-T1800\src\TjFree\test_aes_128.v,Verilog,85,TrustHub
AES-T1800,AES-T1800,aes_128.v,AES-T1800\AES-T1800\src\TjIn\aes_128.v,Verilog,93,TrustHub
AES-T1800,AES-T1800,battery_tb.v,AES-T1800\AES-T1800\src\TjIn\battery_tb.v,Verilog,101,TrustHub
AES-T1800,AES-T1800,round.v,AES-T1800\AES-T1800\src\TjIn\round.v,Verilog,81,TrustHub
AES-T1800,AES-T1800,table.v,AES-T1800\AES-T1800\src\TjIn\table.v,Verilog,590,TrustHub
AES-T1800,AES-T1800,tbTOP.v,AES-T1800\AES-T1800\src\TjIn\tbTOP.v,Verilog,101,TrustHub
AES-T1800,AES-T1800,top.v,AES-T1800\AES-T1800\src\TjIn\top.v,Verilog,29,TrustHub
AES-T1800,AES-T1800,TSC.v,AES-T1800\AES-T1800\src\TjIn\TSC.v,Verilog,47,TrustHub
AES-T1900,AES-T1900,aes_128.v,AES-T1900\AES-T1900\src\TjFree\aes_128.v,Verilog,93,TrustHub
AES-T1900,AES-T1900,round.v,AES-T1900\AES-T1900\src\TjFree\round.v,Verilog,81,TrustHub
AES-T1900,AES-T1900,table.v,AES-T1900\AES-T1900\src\TjFree\table.v,Verilog,590,TrustHub
AES-T1900,AES-T1900,test_aes_128.v,AES-T1900\AES-T1900\src\TjFree\test_aes_128.v,Verilog,85,TrustHub
AES-T1900,AES-T1900,aes_128.v,AES-T1900\AES-T1900\src\TjIn\aes_128.v,Verilog,93,TrustHub
AES-T1900,AES-T1900,battery_tb.v,AES-T1900\AES-T1900\src\TjIn\battery_tb.v,Verilog,101,TrustHub
AES-T1900,AES-T1900,round.v,AES-T1900\AES-T1900\src\TjIn\round.v,Verilog,81,TrustHub
AES-T1900,AES-T1900,table.v,AES-T1900\AES-T1900\src\TjIn\table.v,Verilog,590,TrustHub
AES-T1900,AES-T1900,tbTOP.v,AES-T1900\AES-T1900\src\TjIn\tbTOP.v,Verilog,101,TrustHub
AES-T1900,AES-T1900,top.v,AES-T1900\AES-T1900\src\TjIn\top.v,Verilog,29,TrustHub
AES-T1900,AES-T1900,TSC.v,AES-T1900\AES-T1900\src\TjIn\TSC.v,Verilog,57,TrustHub
AES-T200,AES-T200,aes_128.v,AES-T200\AES-T200\src\TjFree\aes_128.v,Verilog,93,TrustHub
AES-T200,AES-T200,round.v,AES-T200\AES-T200\src\TjFree\round.v,Verilog,81,TrustHub
AES-T200,AES-T200,table.v,AES-T200\AES-T200\src\TjFree\table.v,Verilog,590,TrustHub
AES-T200,AES-T200,test_aes_128.v,AES-T200\AES-T200\src\TjFree\test_aes_128.v,Verilog,85,TrustHub
AES-T200,AES-T200,aes_128.v,AES-T200\AES-T200\src\TjIn\aes_128.v,Verilog,93,TrustHub
AES-T200,AES-T200,lfsr.v,AES-T200\AES-T200\src\TjIn\lfsr.v,Verilog,23,TrustHub
AES-T200,AES-T200,round.v,AES-T200\AES-T200\src\TjIn\round.v,Verilog,81,TrustHub
AES-T200,AES-T200,table.v,AES-T200\AES-T200\src\TjIn\table.v,Verilog,590,TrustHub
AES-T200,AES-T200,test_aes_128.v,AES-T200\AES-T200\src\TjIn\test_aes_128.v,Verilog,85,TrustHub
AES-T200,AES-T200,top.v,AES-T200\AES-T200\src\TjIn\top.v,Verilog,33,TrustHub
AES-T200,AES-T200,TSC.v,AES-T200\AES-T200\src\TjIn\TSC.v,Verilog,108,TrustHub
AES-T2000,AES-T2000,aes_128.v,AES-T2000\AES-T2000\src\TjFree\aes_128.v,Verilog,93,TrustHub
AES-T2000,AES-T2000,round.v,AES-T2000\AES-T2000\src\TjFree\round.v,Verilog,81,TrustHub
AES-T2000,AES-T2000,table.v,AES-T2000\AES-T2000\src\TjFree\table.v,Verilog,590,TrustHub
AES-T2000,AES-T2000,test_aes_128.v,AES-T2000\AES-T2000\src\TjFree\test_aes_128.v,Verilog,85,TrustHub
AES-T2000,AES-T2000,aes_128.v,AES-T2000\AES-T2000\src\TjIn\aes_128.v,Verilog,93,TrustHub
AES-T2000,AES-T2000,round.v,AES-T2000\AES-T2000\src\TjIn\round.v,Verilog,81,TrustHub
AES-T2000,AES-T2000,table.v,AES-T2000\AES-T2000\src\TjIn\table.v,Verilog,590,TrustHub
AES-T2000,AES-T2000,tb_TOP.v,AES-T2000\AES-T2000\src\TjIn\tb_TOP.v,Verilog,101,TrustHub
AES-T2000,AES-T2000,tb_TSC.v,AES-T2000\AES-T2000\src\TjIn\tb_TSC.v,Verilog,62,TrustHub
AES-T2000,AES-T2000,top.v,AES-T2000\AES-T2000\src\TjIn\top.v,Verilog,30,TrustHub
AES-T2000,AES-T2000,Trojan_Trigger.v,AES-T2000\AES-T2000\src\TjIn\Trojan_Trigger.v,Verilog,53,TrustHub
AES-T2000,AES-T2000,TSC.v,AES-T2000\AES-T2000\src\TjIn\TSC.v,Verilog,66,TrustHub
AES-T2100,AES-T2100,aes_128.v,AES-T2100\AES-T2100\src\TjFree\aes_128.v,Verilog,93,TrustHub
AES-T2100,AES-T2100,round.v,AES-T2100\AES-T2100\src\TjFree\round.v,Verilog,81,TrustHub
AES-T2100,AES-T2100,table.v,AES-T2100\AES-T2100\src\TjFree\table.v,Verilog,590,TrustHub
AES-T2100,AES-T2100,test_aes_128.v,AES-T2100\AES-T2100\src\TjFree\test_aes_128.v,Verilog,85,TrustHub
AES-T2100,AES-T2100,aes_128.v,AES-T2100\AES-T2100\src\TjIn\aes_128.v,Verilog,93,TrustHub
AES-T2100,AES-T2100,round.v,AES-T2100\AES-T2100\src\TjIn\round.v,Verilog,81,TrustHub
AES-T2100,AES-T2100,table.v,AES-T2100\AES-T2100\src\TjIn\table.v,Verilog,590,TrustHub
AES-T2100,AES-T2100,tb_TOP.v,AES-T2100\AES-T2100\src\TjIn\tb_TOP.v,Verilog,101,TrustHub
AES-T2100,AES-T2100,tb_TSC.v,AES-T2100\AES-T2100\src\TjIn\tb_TSC.v,Verilog,62,TrustHub
AES-T2100,AES-T2100,top.v,AES-T2100\AES-T2100\src\TjIn\top.v,Verilog,30,TrustHub
AES-T2100,AES-T2100,Trojan_Trigger.v,AES-T2100\AES-T2100\src\TjIn\Trojan_Trigger.v,Verilog,48,TrustHub
AES-T2100,AES-T2100,TSC.v,AES-T2100\AES-T2100\src\TjIn\TSC.v,Verilog,66,TrustHub
AES-T2200,AES-T2200,aes_synth.v,AES-T2200\AES-T2200\src\TjIn\aes_synth.v,Verilog,180580,TrustHub
AES-T2200,AES-T2200,aes_synth_opt.v,AES-T2200\AES-T2200\src\TjIn\aes_synth_opt.v,Verilog,180477,TrustHub
AES-T2200,AES-T2200,tbTOP.v,AES-T2200\AES-T2200\src\TjIn\tbTOP.v,Verilog,100,TrustHub
AES-T2200,AES-T2200,test_aes_128.v,AES-T2200\AES-T2200\src\TjIn\test_aes_128.v,Verilog,85,TrustHub
AES-T2300,AES-T2300,aes_128.v,AES-T2300\AES-T2300\src\TjFree\aes_128.v,Verilog,93,TrustHub
AES-T2300,AES-T2300,round.v,AES-T2300\AES-T2300\src\TjFree\round.v,Verilog,81,TrustHub
AES-T2300,AES-T2300,table.v,AES-T2300\AES-T2300\src\TjFree\table.v,Verilog,590,TrustHub
AES-T2300,AES-T2300,test_aes_128.v,AES-T2300\AES-T2300\src\TjFree\test_aes_128.v,Verilog,203,TrustHub
AES-T2300,AES-T2300,aes_128.v,AES-T2300\AES-T2300\src\TjIn\aes_128.v,Verilog,100,TrustHub
AES-T2300,AES-T2300,round.v,AES-T2300\AES-T2300\src\TjIn\round.v,Verilog,81,TrustHub
AES-T2300,AES-T2300,table.v,AES-T2300\AES-T2300\src\TjIn\table.v,Verilog,590,TrustHub
AES-T2300,AES-T2300,test_aes_128.v,AES-T2300\AES-T2300\src\TjIn\test_aes_128.v,Verilog,203,TrustHub
AES-T2300,AES-T2300,TSC_and.v,AES-T2300\AES-T2300\src\TjIn\TSC_and.v,Verilog,32,TrustHub
AES-T2400,AES-T2400,aes_128.v,AES-T2400\AES-T2400\src\TjFree\aes_128.v,Verilog,93,TrustHub
AES-T2400,AES-T2400,round.v,AES-T2400\AES-T2400\src\TjFree\round.v,Verilog,81,TrustHub
AES-T2400,AES-T2400,table.v,AES-T2400\AES-T2400\src\TjFree\table.v,Verilog,590,TrustHub
AES-T2400,AES-T2400,test_aes_128.v,AES-T2400\AES-T2400\src\TjFree\test_aes_128.v,Verilog,203,TrustHub
AES-T2400,AES-T2400,aes_128.v,AES-T2400\AES-T2400\src\TjIn\aes_128.v,Verilog,100,TrustHub
AES-T2400,AES-T2400,round.v,AES-T2400\AES-T2400\src\TjIn\round.v,Verilog,81,TrustHub
AES-T2400,AES-T2400,table.v,AES-T2400\AES-T2400\src\TjIn\table.v,Verilog,590,TrustHub
AES-T2400,AES-T2400,test_aes_128.v,AES-T2400\AES-T2400\src\TjIn\test_aes_128.v,Verilog,203,TrustHub
AES-T2400,AES-T2400,TSC_and.v,AES-T2400\AES-T2400\src\TjIn\TSC_and.v,Verilog,32,TrustHub
AES-T2500,AES-T2500,aes_128.v,AES-T2500\AES-T2500\src\TjFree\aes_128.v,Verilog,93,TrustHub
AES-T2500,AES-T2500,round.v,AES-T2500\AES-T2500\src\TjFree\round.v,Verilog,81,TrustHub
AES-T2500,AES-T2500,table.v,AES-T2500\AES-T2500\src\TjFree\table.v,Verilog,590,TrustHub
AES-T2500,AES-T2500,test_aes_128.v,AES-T2500\AES-T2500\src\TjFree\test_aes_128.v,Verilog,203,TrustHub
AES-T2500,AES-T2500,aes_128.v,AES-T2500\AES-T2500\src\TjIn\aes_128.v,Verilog,100,TrustHub
AES-T2500,AES-T2500,round.v,AES-T2500\AES-T2500\src\TjIn\round.v,Verilog,81,TrustHub
AES-T2500,AES-T2500,table.v,AES-T2500\AES-T2500\src\TjIn\table.v,Verilog,590,TrustHub
AES-T2500,AES-T2500,test_aes_128.v,AES-T2500\AES-T2500\src\TjIn\test_aes_128.v,Verilog,203,TrustHub
AES-T2500,AES-T2500,TSC_sync_ctr.v,AES-T2500\AES-T2500\src\TjIn\TSC_sync_ctr.v,Verilog,43,TrustHub
AES-T2600,AES-T2600,aes_128.v,AES-T2600\AES-T2600\src\TjFree\aes_128.v,Verilog,93,TrustHub
AES-T2600,AES-T2600,round.v,AES-T2600\AES-T2600\src\TjFree\round.v,Verilog,81,TrustHub
AES-T2600,AES-T2600,table.v,AES-T2600\AES-T2600\src\TjFree\table.v,Verilog,590,TrustHub
AES-T2600,AES-T2600,test_aes_128.v,AES-T2600\AES-T2600\src\TjFree\test_aes_128.v,Verilog,203,TrustHub
AES-T2600,AES-T2600,aes_128.v,AES-T2600\AES-T2600\src\TjIn\aes_128.v,Verilog,100,TrustHub
AES-T2600,AES-T2600,round.v,AES-T2600\AES-T2600\src\TjIn\round.v,Verilog,81,TrustHub
AES-T2600,AES-T2600,table.v,AES-T2600\AES-T2600\src\TjIn\table.v,Verilog,590,TrustHub
AES-T2600,AES-T2600,test_aes_128.v,AES-T2600\AES-T2600\src\TjIn\test_aes_128.v,Verilog,203,TrustHub
AES-T2600,AES-T2600,TSC_async_ctr.v,AES-T2600\AES-T2600\src\TjIn\TSC_async_ctr.v,Verilog,44,TrustHub
AES-T2700,AES-T2700,aes_128.v,AES-T2700\AES-T2700\src\TjFree\aes_128.v,Verilog,93,TrustHub
AES-T2700,AES-T2700,round.v,AES-T2700\AES-T2700\src\TjFree\round.v,Verilog,81,TrustHub
AES-T2700,AES-T2700,table.v,AES-T2700\AES-T2700\src\TjFree\table.v,Verilog,590,TrustHub
AES-T2700,AES-T2700,test_aes_128.v,AES-T2700\AES-T2700\src\TjFree\test_aes_128.v,Verilog,203,TrustHub
AES-T2700,AES-T2700,aes_128.v,AES-T2700\AES-T2700\src\TjIn\aes_128.v,Verilog,100,TrustHub
AES-T2700,AES-T2700,round.v,AES-T2700\AES-T2700\src\TjIn\round.v,Verilog,81,TrustHub
AES-T2700,AES-T2700,table.v,AES-T2700\AES-T2700\src\TjIn\table.v,Verilog,590,TrustHub
AES-T2700,AES-T2700,test_aes_128.v,AES-T2700\AES-T2700\src\TjIn\test_aes_128.v,Verilog,203,TrustHub
AES-T2700,AES-T2700,TSC_sync_and_async_ctr.v,AES-T2700\AES-T2700\src\TjIn\TSC_sync_and_async_ctr.v,Verilog,45,TrustHub
AES-T2800,AES-T2800,aes_128.v,AES-T2800\AES-T2800\src\TjFree\aes_128.v,Verilog,93,TrustHub
AES-T2800,AES-T2800,round.v,AES-T2800\AES-T2800\src\TjFree\round.v,Verilog,81,TrustHub
AES-T2800,AES-T2800,table.v,AES-T2800\AES-T2800\src\TjFree\table.v,Verilog,590,TrustHub
AES-T2800,AES-T2800,test_aes_128.v,AES-T2800\AES-T2800\src\TjFree\test_aes_128.v,Verilog,203,TrustHub
AES-T2800,AES-T2800,aes_128.v,AES-T2800\AES-T2800\src\TjIn\aes_128.v,Verilog,100,TrustHub
AES-T2800,AES-T2800,round.v,AES-T2800\AES-T2800\src\TjIn\round.v,Verilog,81,TrustHub
AES-T2800,AES-T2800,table.v,AES-T2800\AES-T2800\src\TjIn\table.v,Verilog,590,TrustHub
AES-T2800,AES-T2800,test_aes_128.v,AES-T2800\AES-T2800\src\TjIn\test_aes_128.v,Verilog,203,TrustHub
AES-T2800,AES-T2800,TSC.v,AES-T2800\AES-T2800\src\TjIn\TSC.v,Verilog,52,TrustHub
AES-T300,AES-T300,aes_128.v,AES-T300\AES-T300\src\TjFree\aes_128.v,Verilog,93,TrustHub
AES-T300,AES-T300,round.v,AES-T300\AES-T300\src\TjFree\round.v,Verilog,81,TrustHub
AES-T300,AES-T300,table.v,AES-T300\AES-T300\src\TjFree\table.v,Verilog,590,TrustHub
AES-T300,AES-T300,test_aes_128.v,AES-T300\AES-T300\src\TjFree\test_aes_128.v,Verilog,85,TrustHub
AES-T300,AES-T300,aes_128.v,AES-T300\AES-T300\src\TjIn\aes_128.v,Verilog,103,TrustHub
AES-T300,AES-T300,round.v,AES-T300\AES-T300\src\TjIn\round.v,Verilog,81,TrustHub
AES-T300,AES-T300,table.v,AES-T300\AES-T300\src\TjIn\table.v,Verilog,590,TrustHub
AES-T300,AES-T300,test_aes_128.v,AES-T300\AES-T300\src\TjIn\test_aes_128.v,Verilog,85,TrustHub
AES-T300,AES-T300,top.v,AES-T300\AES-T300\src\TjIn\top.v,Verilog,34,TrustHub
AES-T300,AES-T300,TSC.v,AES-T300\AES-T300\src\TjIn\TSC.v,Verilog,134,TrustHub
AES-T400,AES-T400,aes_128.v,AES-T400\AES-T400\src\TjFree\aes_128.v,Verilog,93,TrustHub
AES-T400,AES-T400,round.v,AES-T400\AES-T400\src\TjFree\round.v,Verilog,81,TrustHub
AES-T400,AES-T400,table.v,AES-T400\AES-T400\src\TjFree\table.v,Verilog,590,TrustHub
AES-T400,AES-T400,test_aes_128.v,AES-T400\AES-T400\src\TjFree\test_aes_128.v,Verilog,85,TrustHub
AES-T400,AES-T400,aes_128.v,AES-T400\AES-T400\src\TjIn\aes_128.v,Verilog,93,TrustHub
AES-T400,AES-T400,AES_tb.v,AES-T400\AES-T400\src\TjIn\AES_tb.v,Verilog,70,TrustHub
AES-T400,AES-T400,AM_Transmission.v,AES-T400\AES-T400\src\TjIn\AM_Transmission.v,Verilog,66,TrustHub
AES-T400,AES-T400,round.v,AES-T400\AES-T400\src\TjIn\round.v,Verilog,81,TrustHub
AES-T400,AES-T400,table.v,AES-T400\AES-T400\src\TjIn\table.v,Verilog,590,TrustHub
AES-T400,AES-T400,tb_AM.v,AES-T400\AES-T400\src\TjIn\tb_AM.v,Verilog,66,TrustHub
AES-T400,AES-T400,top.v,AES-T400\AES-T400\src\TjIn\top.v,Verilog,33,TrustHub
AES-T400,AES-T400,Trojan_Trigger.v,AES-T400\AES-T400\src\TjIn\Trojan_Trigger.v,Verilog,53,TrustHub
AES-T500,AES-T500,aes_128.v,AES-T500\AES-T500\src\TjFree\aes_128.v,Verilog,93,TrustHub
AES-T500,AES-T500,round.v,AES-T500\AES-T500\src\TjFree\round.v,Verilog,81,TrustHub
AES-T500,AES-T500,table.v,AES-T500\AES-T500\src\TjFree\table.v,Verilog,590,TrustHub
AES-T500,AES-T500,test_aes_128.v,AES-T500\AES-T500\src\TjFree\test_aes_128.v,Verilog,85,TrustHub
AES-T500,AES-T500,aes_128.v,AES-T500\AES-T500\src\TjIn\aes_128.v,Verilog,93,TrustHub
AES-T500,AES-T500,battery_tb.v,AES-T500\AES-T500\src\TjIn\battery_tb.v,Verilog,101,TrustHub
AES-T500,AES-T500,round.v,AES-T500\AES-T500\src\TjIn\round.v,Verilog,81,TrustHub
AES-T500,AES-T500,table.v,AES-T500\AES-T500\src\TjIn\table.v,Verilog,590,TrustHub
AES-T500,AES-T500,top.v,AES-T500\AES-T500\src\TjIn\top.v,Verilog,29,TrustHub
AES-T500,AES-T500,TSC.v,AES-T500\AES-T500\src\TjIn\TSC.v,Verilog,62,TrustHub
AES-T600,AES-T600,aes_128.v,AES-T600\AES-T600\src\TjFree\aes_128.v,Verilog,93,TrustHub
AES-T600,AES-T600,round.v,AES-T600\AES-T600\src\TjFree\round.v,Verilog,81,TrustHub
AES-T600,AES-T600,table.v,AES-T600\AES-T600\src\TjFree\table.v,Verilog,590,TrustHub
AES-T600,AES-T600,test_aes_128.v,AES-T600\AES-T600\src\TjFree\test_aes_128.v,Verilog,85,TrustHub
AES-T600,AES-T600,aes_128.v,AES-T600\AES-T600\src\TnIn\aes_128.v,Verilog,93,TrustHub
AES-T600,AES-T600,round.v,AES-T600\AES-T600\src\TnIn\round.v,Verilog,81,TrustHub
AES-T600,AES-T600,table.v,AES-T600\AES-T600\src\TnIn\table.v,Verilog,590,TrustHub
AES-T600,AES-T600,tb_TSC.v,AES-T600\AES-T600\src\TnIn\tb_TSC.v,Verilog,62,TrustHub
AES-T600,AES-T600,top.v,AES-T600\AES-T600\src\TnIn\top.v,Verilog,30,TrustHub
AES-T600,AES-T600,Trojan_Trigger.v,AES-T600\AES-T600\src\TnIn\Trojan_Trigger.v,Verilog,53,TrustHub
AES-T600,AES-T600,TSC.v,AES-T600\AES-T600\src\TnIn\TSC.v,Verilog,66,TrustHub
AES-T700,AES-T700,aes_128.v,AES-T700\AES-T700\src\TjFree\aes_128.v,Verilog,93,TrustHub
AES-T700,AES-T700,round.v,AES-T700\AES-T700\src\TjFree\round.v,Verilog,81,TrustHub
AES-T700,AES-T700,table.v,AES-T700\AES-T700\src\TjFree\table.v,Verilog,590,TrustHub
AES-T700,AES-T700,test_aes_128.v,AES-T700\AES-T700\src\TjFree\test_aes_128.v,Verilog,85,TrustHub
AES-T700,AES-T700,aes_128.v,AES-T700\AES-T700\src\TjIn\aes_128.v,Verilog,93,TrustHub
AES-T700,AES-T700,lfsr.v,AES-T700\AES-T700\src\TjIn\lfsr.v,Verilog,26,TrustHub
AES-T700,AES-T700,round.v,AES-T700\AES-T700\src\TjIn\round.v,Verilog,81,TrustHub
AES-T700,AES-T700,table.v,AES-T700\AES-T700\src\TjIn\table.v,Verilog,590,TrustHub
AES-T700,AES-T700,tbTOP.v,AES-T700\AES-T700\src\TjIn\tbTOP.v,Verilog,102,TrustHub
AES-T700,AES-T700,test_aes_128.v,AES-T700\AES-T700\src\TjIn\test_aes_128.v,Verilog,85,TrustHub
AES-T700,AES-T700,top.v,AES-T700\AES-T700\src\TjIn\top.v,Verilog,36,TrustHub
AES-T700,AES-T700,Trojan_Trigger.v,AES-T700\AES-T700\src\TjIn\Trojan_Trigger.v,Verilog,38,TrustHub
AES-T700,AES-T700,TSC.v,AES-T700\AES-T700\src\TjIn\TSC.v,Verilog,112,TrustHub
AES-T800,AES-T800,aes_128.v,AES-T800\AES-T800\src\TjFree\aes_128.v,Verilog,93,TrustHub
AES-T800,AES-T800,round.v,AES-T800\AES-T800\src\TjFree\round.v,Verilog,81,TrustHub
AES-T800,AES-T800,table.v,AES-T800\AES-T800\src\TjFree\table.v,Verilog,590,TrustHub
AES-T800,AES-T800,test_aes_128.v,AES-T800\AES-T800\src\TjFree\test_aes_128.v,Verilog,85,TrustHub
AES-T800,AES-T800,aes_128.v,AES-T800\AES-T800\src\TjIn\aes_128.v,Verilog,93,TrustHub
AES-T800,AES-T800,lfsr.v,AES-T800\AES-T800\src\TjIn\lfsr.v,Verilog,24,TrustHub
AES-T800,AES-T800,round.v,AES-T800\AES-T800\src\TjIn\round.v,Verilog,81,TrustHub
AES-T800,AES-T800,table.v,AES-T800\AES-T800\src\TjIn\table.v,Verilog,590,TrustHub
AES-T800,AES-T800,tbTOP.v,AES-T800\AES-T800\src\TjIn\tbTOP.v,Verilog,102,TrustHub
AES-T800,AES-T800,test_aes_128.v,AES-T800\AES-T800\src\TjIn\test_aes_128.v,Verilog,85,TrustHub
AES-T800,AES-T800,top.v,AES-T800\AES-T800\src\TjIn\top.v,Verilog,35,TrustHub
AES-T800,AES-T800,Trojan_Trigger.v,AES-T800\AES-T800\src\TjIn\Trojan_Trigger.v,Verilog,53,TrustHub
AES-T800,AES-T800,TSC.v,AES-T800\AES-T800\src\TjIn\TSC.v,Verilog,112,TrustHub
AES-T900,AES-T900,aes_128.v,AES-T900\AES-T900\src\TjFree\aes_128.v,Verilog,93,TrustHub
AES-T900,AES-T900,round.v,AES-T900\AES-T900\src\TjFree\round.v,Verilog,81,TrustHub
AES-T900,AES-T900,table.v,AES-T900\AES-T900\src\TjFree\table.v,Verilog,590,TrustHub
AES-T900,AES-T900,test_aes_128.v,AES-T900\AES-T900\src\TjFree\test_aes_128.v,Verilog,85,TrustHub
AES-T900,AES-T900,aes_128.v,AES-T900\AES-T900\src\TjIn\aes_128.v,Verilog,93,TrustHub
AES-T900,AES-T900,lfsr.v,AES-T900\AES-T900\src\TjIn\lfsr.v,Verilog,24,TrustHub
AES-T900,AES-T900,round.v,AES-T900\AES-T900\src\TjIn\round.v,Verilog,81,TrustHub
AES-T900,AES-T900,table.v,AES-T900\AES-T900\src\TjIn\table.v,Verilog,590,TrustHub
AES-T900,AES-T900,tbTOP.v,AES-T900\AES-T900\src\TjIn\tbTOP.v,Verilog,83,TrustHub
AES-T900,AES-T900,test_aes_128.v,AES-T900\AES-T900\src\TjIn\test_aes_128.v,Verilog,85,TrustHub
AES-T900,AES-T900,top.v,AES-T900\AES-T900\src\TjIn\top.v,Verilog,35,TrustHub
AES-T900,AES-T900,Trojan_Trigger.v,AES-T900\AES-T900\src\TjIn\Trojan_Trigger.v,Verilog,50,TrustHub
AES-T900,AES-T900,TSC.v,AES-T900\AES-T900\src\TjIn\TSC.v,Verilog,112,TrustHub
b15-T100,b15-T100,b15_scan.v,b15-T100\b15-T100\src\TjFree\b15_scan.v,Verilog,6211,TrustHub
b15-T100,b15-T100,b15_extracted.v,b15-T100\b15-T100\src\TjIn\b15_extracted.v,Verilog,5790,TrustHub
b15-T200,b15-T200,b15_scan.v,b15-T200\b15-T200\src\TjFree\b15_scan.v,Verilog,6211,TrustHub
b15-T200,b15-T200,b15_eco.v,b15-T200\b15-T200\src\TjIn\b15_eco.v,Verilog,5790,TrustHub
b15-T400,b15-T400,b15_scan.v,b15-T400\b15-T400\src\TjFree\b15_scan.v,Verilog,6211,TrustHub
b15-T400,b15-T400,b15_eco.v,b15-T400\b15-T400\src\TjIn\b15_eco.v,Verilog,5785,TrustHub
b19-100.part01,b19-100.part01,b19_routed_free.v,b19-100.part01\b19-100\src\TjFree\b19_routed_free.v,Verilog,357187,TrustHub
b19-100.part01,b19-100.part01,b19_scan.v,b19-100.part01\b19-100\src\TjFree\b19_scan.v,Verilog,123359,TrustHub
b19-100.part01,b19-100.part01,b19_routed_tight.v,b19-100.part01\b19-100\src\TjIn\b19_routed_tight.v,Verilog,357559,TrustHub
b19-100.part02,b19-100.part02,b19_routed_free.v,b19-100.part02\b19-100\src\TjFree\b19_routed_free.v,Verilog,357187,TrustHub
b19-100.part02,b19-100.part02,b19_scan.v,b19-100.part02\b19-100\src\TjFree\b19_scan.v,Verilog,123359,TrustHub
b19-100.part02,b19-100.part02,b19_routed_tight.v,b19-100.part02\b19-100\src\TjIn\b19_routed_tight.v,Verilog,357559,TrustHub
b19-100.part03,b19-100.part03,b19_routed_free.v,b19-100.part03\b19-100\src\TjFree\b19_routed_free.v,Verilog,357187,TrustHub
b19-100.part03,b19-100.part03,b19_scan.v,b19-100.part03\b19-100\src\TjFree\b19_scan.v,Verilog,123359,TrustHub
b19-100.part03,b19-100.part03,b19_routed_tight.v,b19-100.part03\b19-100\src\TjIn\b19_routed_tight.v,Verilog,357559,TrustHub
b19-100.part04,b19-100.part04,b19_routed_free.v,b19-100.part04\b19-100\src\TjFree\b19_routed_free.v,Verilog,357187,TrustHub
b19-100.part04,b19-100.part04,b19_scan.v,b19-100.part04\b19-100\src\TjFree\b19_scan.v,Verilog,123359,TrustHub
b19-100.part04,b19-100.part04,b19_routed_tight.v,b19-100.part04\b19-100\src\TjIn\b19_routed_tight.v,Verilog,357559,TrustHub
b19-100.part05,b19-100.part05,b19_routed_free.v,b19-100.part05\b19-100\src\TjFree\b19_routed_free.v,Verilog,357187,TrustHub
b19-100.part05,b19-100.part05,b19_scan.v,b19-100.part05\b19-100\src\TjFree\b19_scan.v,Verilog,123359,TrustHub
b19-100.part05,b19-100.part05,b19_routed_tight.v,b19-100.part05\b19-100\src\TjIn\b19_routed_tight.v,Verilog,357559,TrustHub
b19-100.part06,b19-100.part06,b19_routed_free.v,b19-100.part06\b19-100\src\TjFree\b19_routed_free.v,Verilog,0,TrustHub
b19-100.part06,b19-100.part06,b19_scan.v,b19-100.part06\b19-100\src\TjFree\b19_scan.v,Verilog,123359,TrustHub
b19-100.part06,b19-100.part06,b19_routed_tight.v,b19-100.part06\b19-100\src\TjIn\b19_routed_tight.v,Verilog,357559,TrustHub
b19-100.part07,b19-100.part07,b19_routed_tight.v,b19-100.part07\b19-100\src\TjIn\b19_routed_tight.v,Verilog,357559,TrustHub
b19-100.part08,b19-100.part08,b19_routed_tight.v,b19-100.part08\b19-100\src\TjIn\b19_routed_tight.v,Verilog,357559,TrustHub
b19-100.part09,b19-100.part09,b19_routed_tight.v,b19-100.part09\b19-100\src\TjIn\b19_routed_tight.v,Verilog,357559,TrustHub
b19-100.part10,b19-100.part10,b19_routed_tight.v,b19-100.part10\b19-100\src\TjIn\b19_routed_tight.v,Verilog,357559,TrustHub
b19-100.part11,b19-100.part11,b19_routed_tight.v,b19-100.part11\b19-100\src\TjIn\b19_routed_tight.v,Verilog,357559,TrustHub
b19-T200.part01,b19-T200.part01,b19_routed_free.v,b19-T200.part01\b19-T200\src\TjFree\b19_routed_free.v,Verilog,357187,TrustHub
b19-T200.part01,b19-T200.part01,b19_scan.v,b19-T200.part01\b19-T200\src\TjFree\b19_scan.v,Verilog,123359,TrustHub
b19-T200.part01,b19-T200.part01,b19_routed_loose.v,b19-T200.part01\b19-T200\src\TjIn\b19_routed_loose.v,Verilog,357559,TrustHub
b19-T200.part02,b19-T200.part02,b19_routed_free.v,b19-T200.part02\b19-T200\src\TjFree\b19_routed_free.v,Verilog,357187,TrustHub
b19-T200.part02,b19-T200.part02,b19_scan.v,b19-T200.part02\b19-T200\src\TjFree\b19_scan.v,Verilog,123359,TrustHub
b19-T200.part02,b19-T200.part02,b19_routed_loose.v,b19-T200.part02\b19-T200\src\TjIn\b19_routed_loose.v,Verilog,357559,TrustHub
b19-T200.part03,b19-T200.part03,b19_routed_free.v,b19-T200.part03\b19-T200\src\TjFree\b19_routed_free.v,Verilog,357187,TrustHub
b19-T200.part03,b19-T200.part03,b19_scan.v,b19-T200.part03\b19-T200\src\TjFree\b19_scan.v,Verilog,123359,TrustHub
b19-T200.part03,b19-T200.part03,b19_routed_loose.v,b19-T200.part03\b19-T200\src\TjIn\b19_routed_loose.v,Verilog,357559,TrustHub
b19-T200.part04,b19-T200.part04,b19_routed_free.v,b19-T200.part04\b19-T200\src\TjFree\b19_routed_free.v,Verilog,357187,TrustHub
b19-T200.part04,b19-T200.part04,b19_scan.v,b19-T200.part04\b19-T200\src\TjFree\b19_scan.v,Verilog,123359,TrustHub
b19-T200.part04,b19-T200.part04,b19_routed_loose.v,b19-T200.part04\b19-T200\src\TjIn\b19_routed_loose.v,Verilog,357559,TrustHub
b19-T200.part05,b19-T200.part05,b19_routed_free.v,b19-T200.part05\b19-T200\src\TjFree\b19_routed_free.v,Verilog,357187,TrustHub
b19-T200.part05,b19-T200.part05,b19_scan.v,b19-T200.part05\b19-T200\src\TjFree\b19_scan.v,Verilog,123359,TrustHub
b19-T200.part05,b19-T200.part05,b19_routed_loose.v,b19-T200.part05\b19-T200\src\TjIn\b19_routed_loose.v,Verilog,357559,TrustHub
b19-T200.part06,b19-T200.part06,b19_routed_free.v,b19-T200.part06\b19-T200\src\TjFree\b19_routed_free.v,Verilog,0,TrustHub
b19-T200.part06,b19-T200.part06,b19_scan.v,b19-T200.part06\b19-T200\src\TjFree\b19_scan.v,Verilog,123359,TrustHub
b19-T200.part06,b19-T200.part06,b19_routed_loose.v,b19-T200.part06\b19-T200\src\TjIn\b19_routed_loose.v,Verilog,357559,TrustHub
b19-T200.part07,b19-T200.part07,b19_routed_loose.v,b19-T200.part07\b19-T200\src\TjIn\b19_routed_loose.v,Verilog,357559,TrustHub
b19-T200.part08,b19-T200.part08,b19_routed_loose.v,b19-T200.part08\b19-T200\src\TjIn\b19_routed_loose.v,Verilog,357559,TrustHub
b19-T200.part09,b19-T200.part09,b19_routed_loose.v,b19-T200.part09\b19-T200\src\TjIn\b19_routed_loose.v,Verilog,357559,TrustHub
b19-T200.part10,b19-T200.part10,b19_routed_loose.v,b19-T200.part10\b19-T200\src\TjIn\b19_routed_loose.v,Verilog,357559,TrustHub
b19-T200.part11,b19-T200.part11,b19_routed_loose.v,b19-T200.part11\b19-T200\src\TjIn\b19_routed_loose.v,Verilog,357559,TrustHub
EthernetMAC10GE-T700.part01,EthernetMAC10GE-T700.part01,TestPatterns_stildpv.v,EthernetMAC10GE-T700.part01\EthernetMAC10GE-T700\Patterns\TestPatterns_stildpv.v,Verilog,590,TrustHub
EthernetMAC10GE-T700.part01,EthernetMAC10GE-T700.part01,xge_mac_scan.v,EthernetMAC10GE-T700.part01\EthernetMAC10GE-T700\src\TrojanFree\xge_mac_scan.v,Verilog,215005,TrustHub
EthernetMAC10GE-T700.part01,EthernetMAC10GE-T700.part01,xge_mac_scan.v,EthernetMAC10GE-T700.part01\EthernetMAC10GE-T700\src\TrojanInserted\xge_mac_scan.v,Verilog,215023,TrustHub
EthernetMAC10GE-T700.part02,EthernetMAC10GE-T700.part02,xge_mac_scan.v,EthernetMAC10GE-T700.part02\EthernetMAC10GE-T700\src\TrojanInserted\xge_mac_scan.v,Verilog,0,TrustHub
EthernetMAC10GE-T710.part01,EthernetMAC10GE-T710.part01,TestPatterns_stildpv.v,EthernetMAC10GE-T710.part01\EthernetMAC10GE-T710\Patterns\TestPatterns_stildpv.v,Verilog,590,TrustHub
EthernetMAC10GE-T710.part01,EthernetMAC10GE-T710.part01,xge_mac_scan.v,EthernetMAC10GE-T710.part01\EthernetMAC10GE-T710\src\TrojanFree\xge_mac_scan.v,Verilog,215005,TrustHub
EthernetMAC10GE-T710.part01,EthernetMAC10GE-T710.part01,xge_mac_scan.v,EthernetMAC10GE-T710.part01\EthernetMAC10GE-T710\src\TrojanInserted\xge_mac_scan.v,Verilog,215022,TrustHub
EthernetMAC10GE-T710.part02,EthernetMAC10GE-T710.part02,xge_mac_scan.v,EthernetMAC10GE-T710.part02\EthernetMAC10GE-T710\src\TrojanInserted\xge_mac_scan.v,Verilog,0,TrustHub
EthernetMAC10GE-T720.part01,EthernetMAC10GE-T720.part01,TestPatterns_stildpv.v,EthernetMAC10GE-T720.part01\EthernetMAC10GE-T720\Patterns\TestPatterns_stildpv.v,Verilog,590,TrustHub
EthernetMAC10GE-T720.part01,EthernetMAC10GE-T720.part01,xge_mac_scan.v,EthernetMAC10GE-T720.part01\EthernetMAC10GE-T720\src\TrojanFree\xge_mac_scan.v,Verilog,215005,TrustHub
EthernetMAC10GE-T720.part01,EthernetMAC10GE-T720.part01,xge_mac_scan.v,EthernetMAC10GE-T720.part01\EthernetMAC10GE-T720\src\TrojanInserted\xge_mac_scan.v,Verilog,215022,TrustHub
EthernetMAC10GE-T720.part02,EthernetMAC10GE-T720.part02,xge_mac_scan.v,EthernetMAC10GE-T720.part02\EthernetMAC10GE-T720\src\TrojanInserted\xge_mac_scan.v,Verilog,0,TrustHub
EthernetMAC10GE-T730.part01,EthernetMAC10GE-T730.part01,TestPatterns_stildpv.v,EthernetMAC10GE-T730.part01\EthernetMAC10GE-T730\Patterns\TestPatterns_stildpv.v,Verilog,590,TrustHub
EthernetMAC10GE-T730.part01,EthernetMAC10GE-T730.part01,xge_mac_scan.v,EthernetMAC10GE-T730.part01\EthernetMAC10GE-T730\src\TrojanFree\xge_mac_scan.v,Verilog,215005,TrustHub
EthernetMAC10GE-T730.part01,EthernetMAC10GE-T730.part01,xge_mac_scan.v,EthernetMAC10GE-T730.part01\EthernetMAC10GE-T730\src\TrojanInserted\xge_mac_scan.v,Verilog,215022,TrustHub
EthernetMAC10GE-T730.part02,EthernetMAC10GE-T730.part02,xge_mac_scan.v,EthernetMAC10GE-T730.part02\EthernetMAC10GE-T730\src\TrojanInserted\xge_mac_scan.v,Verilog,0,TrustHub
MC8051-T200,MC8051-T200,baud.v,MC8051-T200\MC8051-T200\src\TjFree\baud.v,Verilog,53,TrustHub
MC8051-T200,MC8051-T200,u_rec.v,MC8051-T200\MC8051-T200\src\TjFree\u_rec.v,Verilog,229,TrustHub
MC8051-T200,MC8051-T200,u_xmit.v,MC8051-T200\MC8051-T200\src\TjFree\u_xmit.v,Verilog,234,TrustHub
MC8051-T200,MC8051-T200,uart.v,MC8051-T200\MC8051-T200\src\TjFree\uart.v,Verilog,114,TrustHub
MC8051-T200,MC8051-T200,baud.v,MC8051-T200\MC8051-T200\src\TjIn\baud.v,Verilog,53,TrustHub
MC8051-T200,MC8051-T200,u_rec.v,MC8051-T200\MC8051-T200\src\TjIn\u_rec.v,Verilog,229,TrustHub
MC8051-T200,MC8051-T200,u_xmit.v,MC8051-T200\MC8051-T200\src\TjIn\u_xmit.v,Verilog,234,TrustHub
MC8051-T200,MC8051-T200,uart.v,MC8051-T200\MC8051-T200\src\TjIn\uart.v,Verilog,114,TrustHub
MC8051-T300,MC8051-T300,baud.v,MC8051-T300\MC8051-T300\src\TjFree\baud.v,Verilog,53,TrustHub
MC8051-T300,MC8051-T300,u_rec.v,MC8051-T300\MC8051-T300\src\TjFree\u_rec.v,Verilog,229,TrustHub
MC8051-T300,MC8051-T300,u_xmit.v,MC8051-T300\MC8051-T300\src\TjFree\u_xmit.v,Verilog,234,TrustHub
MC8051-T300,MC8051-T300,uart.v,MC8051-T300\MC8051-T300\src\TjFree\uart.v,Verilog,114,TrustHub
MC8051-T300,MC8051-T300,baud.v,MC8051-T300\MC8051-T300\src\TjIn\baud.v,Verilog,53,TrustHub
MC8051-T300,MC8051-T300,u_rec.v,MC8051-T300\MC8051-T300\src\TjIn\u_rec.v,Verilog,229,TrustHub
MC8051-T300,MC8051-T300,u_xmit.v,MC8051-T300\MC8051-T300\src\TjIn\u_xmit.v,Verilog,234,TrustHub
MC8051-T300,MC8051-T300,uart.v,MC8051-T300\MC8051-T300\src\TjIn\uart.v,Verilog,114,TrustHub
MC8051-T400,MC8051-T400,baud.v,MC8051-T400\MC8051-T400\src\TjFree\baud.v,Verilog,53,TrustHub
MC8051-T400,MC8051-T400,u_rec.v,MC8051-T400\MC8051-T400\src\TjFree\u_rec.v,Verilog,229,TrustHub
MC8051-T400,MC8051-T400,u_xmit.v,MC8051-T400\MC8051-T400\src\TjFree\u_xmit.v,Verilog,234,TrustHub
MC8051-T400,MC8051-T400,uart.v,MC8051-T400\MC8051-T400\src\TjFree\uart.v,Verilog,114,TrustHub
MC8051-T400,MC8051-T400,baud.v,MC8051-T400\MC8051-T400\src\TjIn\baud.v,Verilog,53,TrustHub
MC8051-T400,MC8051-T400,u_rec.v,MC8051-T400\MC8051-T400\src\TjIn\u_rec.v,Verilog,229,TrustHub
MC8051-T400,MC8051-T400,u_xmit.v,MC8051-T400\MC8051-T400\src\TjIn\u_xmit.v,Verilog,234,TrustHub
MC8051-T400,MC8051-T400,uart.v,MC8051-T400\MC8051-T400\src\TjIn\uart.v,Verilog,114,TrustHub
MC8051-T500,MC8051-T500,baud.v,MC8051-T500\MC8051-T500\src\TjFree\baud.v,Verilog,53,TrustHub
MC8051-T500,MC8051-T500,u_rec.v,MC8051-T500\MC8051-T500\src\TjFree\u_rec.v,Verilog,229,TrustHub
MC8051-T500,MC8051-T500,u_xmit.v,MC8051-T500\MC8051-T500\src\TjFree\u_xmit.v,Verilog,234,TrustHub
MC8051-T500,MC8051-T500,uart.v,MC8051-T500\MC8051-T500\src\TjFree\uart.v,Verilog,114,TrustHub
MC8051-T500,MC8051-T500,baud.v,MC8051-T500\MC8051-T500\src\TjIn\baud.v,Verilog,53,TrustHub
MC8051-T500,MC8051-T500,u_rec.v,MC8051-T500\MC8051-T500\src\TjIn\u_rec.v,Verilog,229,TrustHub
MC8051-T500,MC8051-T500,u_xmit.v,MC8051-T500\MC8051-T500\src\TjIn\u_xmit.v,Verilog,234,TrustHub
MC8051-T500,MC8051-T500,uart.v,MC8051-T500\MC8051-T500\src\TjIn\uart.v,Verilog,114,TrustHub
MC8051-T600,MC8051-T600,baud.v,MC8051-T600\MC8051-T600\src\TjFree\baud.v,Verilog,53,TrustHub
MC8051-T600,MC8051-T600,u_rec.v,MC8051-T600\MC8051-T600\src\TjFree\u_rec.v,Verilog,229,TrustHub
MC8051-T600,MC8051-T600,u_xmit.v,MC8051-T600\MC8051-T600\src\TjFree\u_xmit.v,Verilog,234,TrustHub
MC8051-T600,MC8051-T600,uart.v,MC8051-T600\MC8051-T600\src\TjFree\uart.v,Verilog,114,TrustHub
MC8051-T600,MC8051-T600,baud.v,MC8051-T600\MC8051-T600\src\TjIn\baud.v,Verilog,53,TrustHub
MC8051-T600,MC8051-T600,u_rec.v,MC8051-T600\MC8051-T600\src\TjIn\u_rec.v,Verilog,229,TrustHub
MC8051-T600,MC8051-T600,u_xmit.v,MC8051-T600\MC8051-T600\src\TjIn\u_xmit.v,Verilog,234,TrustHub
MC8051-T600,MC8051-T600,uart.v,MC8051-T600\MC8051-T600\src\TjIn\uart.v,Verilog,114,TrustHub
MC8051-T700,MC8051-T700,baud.v,MC8051-T700\MC8051-T700\src\TjFree\baud.v,Verilog,53,TrustHub
MC8051-T700,MC8051-T700,u_rec.v,MC8051-T700\MC8051-T700\src\TjFree\u_rec.v,Verilog,229,TrustHub
MC8051-T700,MC8051-T700,u_xmit.v,MC8051-T700\MC8051-T700\src\TjFree\u_xmit.v,Verilog,234,TrustHub
MC8051-T700,MC8051-T700,uart.v,MC8051-T700\MC8051-T700\src\TjFree\uart.v,Verilog,114,TrustHub
MC8051-T700,MC8051-T700,baud.v,MC8051-T700\MC8051-T700\src\TjIn\baud.v,Verilog,53,TrustHub
MC8051-T700,MC8051-T700,u_rec.v,MC8051-T700\MC8051-T700\src\TjIn\u_rec.v,Verilog,229,TrustHub
MC8051-T700,MC8051-T700,u_xmit.v,MC8051-T700\MC8051-T700\src\TjIn\u_xmit.v,Verilog,234,TrustHub
MC8051-T700,MC8051-T700,uart.v,MC8051-T700\MC8051-T700\src\TjIn\uart.v,Verilog,114,TrustHub
MC8051-T800,MC8051-T800,baud.v,MC8051-T800\MC8051-T800\src\TjFree\baud.v,Verilog,53,TrustHub
MC8051-T800,MC8051-T800,u_rec.v,MC8051-T800\MC8051-T800\src\TjFree\u_rec.v,Verilog,229,TrustHub
MC8051-T800,MC8051-T800,u_xmit.v,MC8051-T800\MC8051-T800\src\TjFree\u_xmit.v,Verilog,234,TrustHub
MC8051-T800,MC8051-T800,uart.v,MC8051-T800\MC8051-T800\src\TjFree\uart.v,Verilog,114,TrustHub
MC8051-T800,MC8051-T800,baud.v,MC8051-T800\MC8051-T800\src\TjIn\baud.v,Verilog,53,TrustHub
MC8051-T800,MC8051-T800,u_rec.v,MC8051-T800\MC8051-T800\src\TjIn\u_rec.v,Verilog,229,TrustHub
MC8051-T800,MC8051-T800,u_xmit.v,MC8051-T800\MC8051-T800\src\TjIn\u_xmit.v,Verilog,234,TrustHub
MC8051-T800,MC8051-T800,uart.v,MC8051-T800\MC8051-T800\src\TjIn\uart.v,Verilog,114,TrustHub
memctrl-T100,memctrl-T100,bench.v,memctrl-T100\memctrl-T100\bench\richard\verilog\bench.v,Verilog,470,TrustHub
memctrl-T100,memctrl-T100,bench_tj_func.v,memctrl-T100\memctrl-T100\bench\richard\verilog\bench_tj_func.v,Verilog,470,TrustHub
memctrl-T100,memctrl-T100,checkers.v,memctrl-T100\memctrl-T100\bench\richard\verilog\checkers.v,Verilog,226,TrustHub
memctrl-T100,memctrl-T100,mc_defines.v,memctrl-T100\memctrl-T100\bench\richard\verilog\mc_defines.v,Verilog,228,TrustHub
memctrl-T100,memctrl-T100,m8kx8.v,memctrl-T100\memctrl-T100\bench\richard\verilog\models\m8kx8.v,Verilog,296,TrustHub
memctrl-T100,memctrl-T100,mt48lc16m16a2.v,memctrl-T100\memctrl-T100\bench\richard\verilog\models\mt48lc16m16a2.v,Verilog,1001,TrustHub
memctrl-T100,memctrl-T100,mt58l1my18d.v,memctrl-T100\memctrl-T100\bench\richard\verilog\models\mt58l1my18d.v,Verilog,218,TrustHub
memctrl-T100,memctrl-T100,timescale.v,memctrl-T100\memctrl-T100\bench\richard\verilog\timescale.v,Verilog,2,TrustHub
memctrl-T100,memctrl-T100,tst_asram.v,memctrl-T100\memctrl-T100\bench\richard\verilog\tst_asram.v,Verilog,265,TrustHub
memctrl-T100,memctrl-T100,tst_multi_mem.v,memctrl-T100\memctrl-T100\bench\richard\verilog\tst_multi_mem.v,Verilog,588,TrustHub
memctrl-T100,memctrl-T100,tst_sdram.v,memctrl-T100\memctrl-T100\bench\richard\verilog\tst_sdram.v,Verilog,1475,TrustHub
memctrl-T100,memctrl-T100,tst_ssram.v,memctrl-T100\memctrl-T100\bench\richard\verilog\tst_ssram.v,Verilog,167,TrustHub
memctrl-T100,memctrl-T100,wb_master_model.v,memctrl-T100\memctrl-T100\bench\richard\verilog\wb_master_model.v,Verilog,408,TrustHub
memctrl-T100,memctrl-T100,adv_bb.v,memctrl-T100\memctrl-T100\bench\verilog\160b3ver\adv_bb.v,Verilog,1193,TrustHub
memctrl-T100,memctrl-T100,dp160b3b.v,memctrl-T100\memctrl-T100\bench\verilog\160b3ver\dp160b3b.v,Verilog,187,TrustHub
memctrl-T100,memctrl-T100,DP160B3B_RU.V,memctrl-T100\memctrl-T100\bench\verilog\160b3ver\DP160B3B_RU.V,Verilog,86,TrustHub
memctrl-T100,memctrl-T100,dp160b3t.v,memctrl-T100\memctrl-T100\bench\verilog\160b3ver\dp160b3t.v,Verilog,187,TrustHub
memctrl-T100,memctrl-T100,t160b3b.v,memctrl-T100\memctrl-T100\bench\verilog\160b3ver\t160b3b.v,Verilog,935,TrustHub
memctrl-T100,memctrl-T100,t160b3t.v,memctrl-T100\memctrl-T100\bench\verilog\160b3ver\t160b3t.v,Verilog,936,TrustHub
memctrl-T100,memctrl-T100,mt48lc16m16a2.v,memctrl-T100\memctrl-T100\bench\verilog\sdram_models\16Mx16\mt48lc16m16a2.v,Verilog,1019,TrustHub
memctrl-T100,memctrl-T100,mt48lc16m8a2.v,memctrl-T100\memctrl-T100\bench\verilog\sdram_models\16Mx8\mt48lc16m8a2.v,Verilog,980,TrustHub
memctrl-T100,memctrl-T100,mt48lc2m32b2.v,memctrl-T100\memctrl-T100\bench\verilog\sdram_models\2Mx32\mt48lc2m32b2.v,Verilog,1006,TrustHub
memctrl-T100,memctrl-T100,mt48lc32m8a2.v,memctrl-T100\memctrl-T100\bench\verilog\sdram_models\32Mx8\mt48lc32m8a2.v,Verilog,980,TrustHub
memctrl-T100,memctrl-T100,mt48lc4m16a2.v,memctrl-T100\memctrl-T100\bench\verilog\sdram_models\4Mx16\mt48lc4m16a2.v,Verilog,979,TrustHub
memctrl-T100,memctrl-T100,mt48lc4m32b2.v,memctrl-T100\memctrl-T100\bench\verilog\sdram_models\4Mx32\mt48lc4m32b2.v,Verilog,1007,TrustHub
memctrl-T100,memctrl-T100,mt48lc8m16a2.v,memctrl-T100\memctrl-T100\bench\verilog\sdram_models\8Mx16\mt48lc8m16a2.v,Verilog,901,TrustHub
memctrl-T100,memctrl-T100,mt48lc8m8a2.v,memctrl-T100\memctrl-T100\bench\verilog\sdram_models\8Mx8\mt48lc8m8a2.v,Verilog,991,TrustHub
memctrl-T100,memctrl-T100,idt71t67802s133.v,memctrl-T100\memctrl-T100\bench\verilog\sram_models\IDT71T67802\idt71t67802s133.v,Verilog,321,TrustHub
memctrl-T100,memctrl-T100,idt71t67802s150.v,memctrl-T100\memctrl-T100\bench\verilog\sram_models\IDT71T67802\idt71t67802s150.v,Verilog,303,TrustHub
memctrl-T100,memctrl-T100,idt71t67802s166.v,memctrl-T100\memctrl-T100\bench\verilog\sram_models\IDT71T67802\idt71t67802s166.v,Verilog,303,TrustHub
memctrl-T100,memctrl-T100,idt_512Kx18_PBSRAM_test.v,memctrl-T100\memctrl-T100\bench\verilog\sram_models\IDT71T67802\idt_512Kx18_PBSRAM_test.v,Verilog,1106,TrustHub
memctrl-T100,memctrl-T100,mt58l1my18d.v,memctrl-T100\memctrl-T100\bench\verilog\sram_models\MicronSRAM\mt58l1my18d.v,Verilog,220,TrustHub
memctrl-T100,memctrl-T100,sync_cs_dev.v,memctrl-T100\memctrl-T100\bench\verilog\sync_cs_dev.v,Verilog,125,TrustHub
memctrl-T100,memctrl-T100,test_bench_top.v,memctrl-T100\memctrl-T100\bench\verilog\test_bench_top.v,Verilog,1108,TrustHub
memctrl-T100,memctrl-T100,test_lib.v,memctrl-T100\memctrl-T100\bench\verilog\test_lib.v,Verilog,294,TrustHub
memctrl-T100,memctrl-T100,tests.v,memctrl-T100\memctrl-T100\bench\verilog\tests.v,Verilog,3640,TrustHub
memctrl-T100,memctrl-T100,wb_mast_model.v,memctrl-T100\memctrl-T100\bench\verilog\wb_mast_model.v,Verilog,706,TrustHub
memctrl-T100,memctrl-T100,wb_model_defines.v,memctrl-T100\memctrl-T100\bench\verilog\wb_model_defines.v,Verilog,58,TrustHub
memctrl-T100,memctrl-T100,mt48lc2m32b2.v,memctrl-T100\memctrl-T100\bench\vhdl\mt48lc2m32b2.v,Verilog,1006,TrustHub
memctrl-T100,memctrl-T100,mt58l64l32p.v,memctrl-T100\memctrl-T100\bench\vhdl\mt58l64l32p.v,Verilog,220,TrustHub
memctrl-T100,memctrl-T100,mc_adr_sel.v,memctrl-T100\memctrl-T100\rtl\verilog\mc_adr_sel.v,Verilog,286,TrustHub
memctrl-T100,memctrl-T100,mc_cs_rf.v,memctrl-T100\memctrl-T100\rtl\verilog\mc_cs_rf.v,Verilog,272,TrustHub
memctrl-T100,memctrl-T100,mc_defines.v,memctrl-T100\memctrl-T100\rtl\verilog\mc_defines.v,Verilog,228,TrustHub
memctrl-T100,memctrl-T100,mc_dp.v,memctrl-T100\memctrl-T100\rtl\verilog\mc_dp.v,Verilog,240,TrustHub
memctrl-T100,memctrl-T100,mc_incn_r.v,memctrl-T100\memctrl-T100\rtl\verilog\mc_incn_r.v,Verilog,98,TrustHub
memctrl-T100,memctrl-T100,mc_mem_if.v,memctrl-T100\memctrl-T100\rtl\verilog\mc_mem_if.v,Verilog,358,TrustHub
memctrl-T100,memctrl-T100,mc_obct.v,memctrl-T100\memctrl-T100\rtl\verilog\mc_obct.v,Verilog,232,TrustHub
memctrl-T100,memctrl-T100,mc_obct_top.v,memctrl-T100\memctrl-T100\rtl\verilog\mc_obct_top.v,Verilog,422,TrustHub
memctrl-T100,memctrl-T100,mc_rd_fifo.v,memctrl-T100\memctrl-T100\rtl\verilog\mc_rd_fifo.v,Verilog,126,TrustHub
memctrl-T100,memctrl-T100,mc_refresh.v,memctrl-T100\memctrl-T100\rtl\verilog\mc_refresh.v,Verilog,206,TrustHub
memctrl-T100,memctrl-T100,mc_rf.v,memctrl-T100\memctrl-T100\rtl\verilog\mc_rf.v,Verilog,832,TrustHub
memctrl-T100,memctrl-T100,mc_timing.v,memctrl-T100\memctrl-T100\rtl\verilog\mc_timing.v,Verilog,1731,TrustHub
memctrl-T100,memctrl-T100,mc_top.v,memctrl-T100\memctrl-T100\rtl\verilog\mc_top.v,Verilog,545,TrustHub
memctrl-T100,memctrl-T100,mc_wb_if.v,memctrl-T100\memctrl-T100\rtl\verilog\mc_wb_if.v,Verilog,248,TrustHub
memctrl-T100,memctrl-T100,mc_adr_sel.v,memctrl-T100\memctrl-T100\rtl\verilog_tj_In\mc_adr_sel.v,Verilog,286,TrustHub
memctrl-T100,memctrl-T100,mc_cs_rf.v,memctrl-T100\memctrl-T100\rtl\verilog_tj_In\mc_cs_rf.v,Verilog,272,TrustHub
memctrl-T100,memctrl-T100,mc_defines.v,memctrl-T100\memctrl-T100\rtl\verilog_tj_In\mc_defines.v,Verilog,228,TrustHub
memctrl-T100,memctrl-T100,mc_dp.v,memctrl-T100\memctrl-T100\rtl\verilog_tj_In\mc_dp.v,Verilog,240,TrustHub
memctrl-T100,memctrl-T100,mc_incn_r.v,memctrl-T100\memctrl-T100\rtl\verilog_tj_In\mc_incn_r.v,Verilog,98,TrustHub
memctrl-T100,memctrl-T100,mc_mem_if.v,memctrl-T100\memctrl-T100\rtl\verilog_tj_In\mc_mem_if.v,Verilog,358,TrustHub
memctrl-T100,memctrl-T100,mc_obct.v,memctrl-T100\memctrl-T100\rtl\verilog_tj_In\mc_obct.v,Verilog,232,TrustHub
memctrl-T100,memctrl-T100,mc_obct_top.v,memctrl-T100\memctrl-T100\rtl\verilog_tj_In\mc_obct_top.v,Verilog,422,TrustHub
memctrl-T100,memctrl-T100,mc_rd_fifo.v,memctrl-T100\memctrl-T100\rtl\verilog_tj_In\mc_rd_fifo.v,Verilog,126,TrustHub
memctrl-T100,memctrl-T100,mc_refresh.v,memctrl-T100\memctrl-T100\rtl\verilog_tj_In\mc_refresh.v,Verilog,206,TrustHub
memctrl-T100,memctrl-T100,mc_rf.v,memctrl-T100\memctrl-T100\rtl\verilog_tj_In\mc_rf.v,Verilog,847,TrustHub
memctrl-T100,memctrl-T100,mc_timing.v,memctrl-T100\memctrl-T100\rtl\verilog_tj_In\mc_timing.v,Verilog,1731,TrustHub
memctrl-T100,memctrl-T100,mc_top.v,memctrl-T100\memctrl-T100\rtl\verilog_tj_In\mc_top.v,Verilog,545,TrustHub
memctrl-T100,memctrl-T100,mc_wb_if.v,memctrl-T100\memctrl-T100\rtl\verilog_tj_In\mc_wb_if.v,Verilog,248,TrustHub
PIC16F84-T100,PIC16F84-T100,risc16f84.v,PIC16F84-T100\PIC16F84-T100\src\TjFree\risc16f84.v,Verilog,1292,TrustHub
PIC16F84-T100,PIC16F84-T100,risc16f84.v,PIC16F84-T100\PIC16F84-T100\src\TjIn\risc16f84.v,Verilog,1328,TrustHub
PIC16F84-T200,PIC16F84-T200,risc16f84.v,PIC16F84-T200\PIC16F84-T200\src\TjFree\risc16f84.v,Verilog,1292,TrustHub
PIC16F84-T200,PIC16F84-T200,risc16f84.v,PIC16F84-T200\PIC16F84-T200\src\TjIn\risc16f84.v,Verilog,1336,TrustHub
PIC16F84-T300,PIC16F84-T300,risc16f84.v,PIC16F84-T300\PIC16F84-T300\src\TjFree\risc16f84.v,Verilog,1292,TrustHub
PIC16F84-T300,PIC16F84-T300,risc16f84.v,PIC16F84-T300\PIC16F84-T300\src\TjIn\risc16f84.v,Verilog,1337,TrustHub
PIC16F84-T400,PIC16F84-T400,risc16f84.v,PIC16F84-T400\PIC16F84-T400\src\TjFree\risc16f84.v,Verilog,1292,TrustHub
PIC16F84-T400,PIC16F84-T400,risc16f84.v,PIC16F84-T400\PIC16F84-T400\src\TjIn\risc16f84.v,Verilog,1338,TrustHub
RS232-T100,RS232-T100,u_rec.v,RS232-T100\RS232-T100\src\u_rec.v,Verilog,178,TrustHub
RS232-T100,RS232-T100,u_xmit.v,RS232-T100\RS232-T100\src\u_xmit.v,Verilog,178,TrustHub
RS232-T100,RS232-T100,uart.v,RS232-T100\RS232-T100\src\uart.v,Verilog,78,TrustHub
RS232-T1000,RS232-T1000,TestPatterns_stildpv.v,RS232-T1000\RS232-T1000\pattern\PathDelay\TestPatterns_stildpv.v,Verilog,193,TrustHub
RS232-T1000,RS232-T1000,TestPatterns_stildpv.v,RS232-T1000\RS232-T1000\pattern\StuckAtFault\TestPatterns_stildpv.v,Verilog,193,TrustHub
RS232-T1000,RS232-T1000,TestPatterns_stildpv.v,RS232-T1000\RS232-T1000\pattern\TransitionDelay\TestPatterns_stildpv.v,Verilog,193,TrustHub
RS232-T1000,RS232-T1000,uart.v,RS232-T1000\RS232-T1000\src\180nm\uart.v,Verilog,380,TrustHub
RS232-T1000,RS232-T1000,uart.v,RS232-T1000\RS232-T1000\src\90nm\uart.v,Verilog,482,TrustHub
RS232-T1100,RS232-T1100,TestPatterns_stildpv.v,RS232-T1100\RS232-T1100\pattern\PathDelay\TestPatterns_stildpv.v,Verilog,193,TrustHub
RS232-T1100,RS232-T1100,TestPatterns_stildpv.v,RS232-T1100\RS232-T1100\pattern\StuckAtFault\TestPatterns_stildpv.v,Verilog,193,TrustHub
RS232-T1100,RS232-T1100,TestPatterns_stildpv.v,RS232-T1100\RS232-T1100\pattern\TransitionDelay\TestPatterns_stildpv.v,Verilog,193,TrustHub
RS232-T1100,RS232-T1100,uart.v,RS232-T1100\RS232-T1100\src\180nm\uart.v,Verilog,386,TrustHub
RS232-T1100,RS232-T1100,uart.v,RS232-T1100\RS232-T1100\src\90nm\uart.v,Verilog,478,TrustHub
RS232-T1200,RS232-T1200,TestPatterns_stildpv.v,RS232-T1200\RS232-T1200\pattern\PathDelay\TestPatterns_stildpv.v,Verilog,193,TrustHub
RS232-T1200,RS232-T1200,TestPatterns_stildpv.v,RS232-T1200\RS232-T1200\pattern\StuckAtFault\TestPatterns_stildpv.v,Verilog,193,TrustHub
RS232-T1200,RS232-T1200,TestPatterns_stildpv.v,RS232-T1200\RS232-T1200\pattern\TransitionDelay\TestPatterns_stildpv.v,Verilog,193,TrustHub
RS232-T1200,RS232-T1200,uart.v,RS232-T1200\RS232-T1200\src\180nm\uart.v,Verilog,389,TrustHub
RS232-T1200,RS232-T1200,uart.v,RS232-T1200\RS232-T1200\src\90nm\uart.v,Verilog,478,TrustHub
RS232-T1300,RS232-T1300,TestPatterns_stildpv.v,RS232-T1300\RS232-T1300\pattern\PathDelay\TestPatterns_stildpv.v,Verilog,193,TrustHub
RS232-T1300,RS232-T1300,TestPatterns_stildpv.v,RS232-T1300\RS232-T1300\pattern\StuckAtFault\TestPatterns_stildpv.v,Verilog,193,TrustHub
RS232-T1300,RS232-T1300,TestPatterns_stildpv.v,RS232-T1300\RS232-T1300\pattern\TransitionDelay\TestPatterns_stildpv.v,Verilog,193,TrustHub
RS232-T1300,RS232-T1300,uart.v,RS232-T1300\RS232-T1300\src\180nm\uart.v,Verilog,378,TrustHub
RS232-T1300,RS232-T1300,uart.v,RS232-T1300\RS232-T1300\src\90nm\uart.v,Verilog,470,TrustHub
RS232-T1400,RS232-T1400,TestPatterns_stildpv.v,RS232-T1400\RS232-T1400\pattern\PathDelay\TestPatterns_stildpv.v,Verilog,193,TrustHub
RS232-T1400,RS232-T1400,TestPatterns_stildpv.v,RS232-T1400\RS232-T1400\pattern\StuckAtFault\TestPatterns_stildpv.v,Verilog,193,TrustHub
RS232-T1400,RS232-T1400,TestPatterns_stildpv.v,RS232-T1400\RS232-T1400\pattern\TransitionDelay\TestPatterns_stildpv.v,Verilog,193,TrustHub
RS232-T1400,RS232-T1400,uart.v,RS232-T1400\RS232-T1400\src\180nm\uart.v,Verilog,381,TrustHub
RS232-T1400,RS232-T1400,uart.v,RS232-T1400\RS232-T1400\src\90nm\uart.v,Verilog,482,TrustHub
RS232-T1500,RS232-T1500,TestPatterns_stildpv.v,RS232-T1500\RS232-T1500\pattern\PathDelay\TestPatterns_stildpv.v,Verilog,193,TrustHub
RS232-T1500,RS232-T1500,TestPatterns_stildpv.v,RS232-T1500\RS232-T1500\pattern\StuckAtFault\TestPatterns_stildpv.v,Verilog,193,TrustHub
RS232-T1500,RS232-T1500,TestPatterns_stildpv.v,RS232-T1500\RS232-T1500\pattern\TransitionDelay\TestPatterns_stildpv.v,Verilog,193,TrustHub
RS232-T1500,RS232-T1500,uart.v,RS232-T1500\RS232-T1500\src\180nm\uart.v,Verilog,384,TrustHub
RS232-T1500,RS232-T1500,uart.v,RS232-T1500\RS232-T1500\src\90nm\uart.v,Verilog,483,TrustHub
RS232-T1600,RS232-T1600,TestPatterns_stildpv.v,RS232-T1600\RS232-T1600\pattern\PathDelay\TestPatterns_stildpv.v,Verilog,193,TrustHub
RS232-T1600,RS232-T1600,TestPatterns_stildpv.v,RS232-T1600\RS232-T1600\pattern\StuckAtFault\TestPatterns_stildpv.v,Verilog,193,TrustHub
RS232-T1600,RS232-T1600,TestPatterns_stildpv.v,RS232-T1600\RS232-T1600\pattern\TransitionDelay\TestPatterns_stildpv.v,Verilog,193,TrustHub
RS232-T1600,RS232-T1600,uart.v,RS232-T1600\RS232-T1600\src\180nm\uart.v,Verilog,382,TrustHub
RS232-T1600,RS232-T1600,uart.v,RS232-T1600\RS232-T1600\src\90nm\uart.v,Verilog,469,TrustHub
RS232-T1700,RS232-T1700,TestPatterns_stildpv.v,RS232-T1700\RS232-T1700\patterns\pathDelay\TestPatterns_stildpv.v,Verilog,196,TrustHub
RS232-T1700,RS232-T1700,TestPatterns_stildpv.v,RS232-T1700\RS232-T1700\patterns\StuckAT\TestPatterns_stildpv.v,Verilog,196,TrustHub
RS232-T1700,RS232-T1700,TestPatterns_stildpv.v,RS232-T1700\RS232-T1700\patterns\TransitionDelay\TestPatterns_stildpv.v,Verilog,196,TrustHub
RS232-T1700,RS232-T1700,uart_scan_route.v,RS232-T1700\RS232-T1700\src\180nm\uart_scan_route.v,Verilog,608,TrustHub
RS232-T1700,RS232-T1700,uart_scan_route.v,RS232-T1700\RS232-T1700\src\90nm\uart_scan_route.v,Verilog,470,TrustHub
RS232-T1800,RS232-T1800,TestPatterns_stildpv.v,RS232-T1800\RS232-T1800\patterns\pathDelay\TestPatterns_stildpv.v,Verilog,196,TrustHub
RS232-T1800,RS232-T1800,TestPatterns_stildpv.v,RS232-T1800\RS232-T1800\patterns\StuckAT\TestPatterns_stildpv.v,Verilog,196,TrustHub
RS232-T1800,RS232-T1800,TestPatterns_stildpv.v,RS232-T1800\RS232-T1800\patterns\TransitionDelay\TestPatterns_stildpv.v,Verilog,196,TrustHub
RS232-T1800,RS232-T1800,uart_scan_route.v,RS232-T1800\RS232-T1800\src\180nm\uart_scan_route.v,Verilog,591,TrustHub
RS232-T1800,RS232-T1800,uart_scan_route.v,RS232-T1800\RS232-T1800\src\90nm\uart_scan_route.v,Verilog,452,TrustHub
RS232-T1900,RS232-T1900,TestPatterns_stildpv.v,RS232-T1900\RS232-T1900\patterns\pathDelay\TestPatterns_stildpv.v,Verilog,196,TrustHub
RS232-T1900,RS232-T1900,TestPatterns_stildpv.v,RS232-T1900\RS232-T1900\patterns\StuckAT\TestPatterns_stildpv.v,Verilog,196,TrustHub
RS232-T1900,RS232-T1900,TestPatterns_stildpv.v,RS232-T1900\RS232-T1900\patterns\TransitionDelay\TestPatterns_stildpv.v,Verilog,196,TrustHub
RS232-T1900,RS232-T1900,uart_scan_route.v,RS232-T1900\RS232-T1900\src\180nm\uart_scan_route.v,Verilog,630,TrustHub
RS232-T1900,RS232-T1900,uart_scan_route.v,RS232-T1900\RS232-T1900\src\90nm\uart_scan_route.v,Verilog,488,TrustHub
RS232-T200,RS232-T200,u_rec.v,RS232-T200\RS232-T200\src\u_rec.v,Verilog,182,TrustHub
RS232-T200,RS232-T200,u_xmit.v,RS232-T200\RS232-T200\src\u_xmit.v,Verilog,177,TrustHub
RS232-T200,RS232-T200,uart.v,RS232-T200\RS232-T200\src\uart.v,Verilog,78,TrustHub
RS232-T2000,RS232-T2000,TestPatterns_stildpv.v,RS232-T2000\RS232-T2000\patterns\pathDelay\TestPatterns_stildpv.v,Verilog,196,TrustHub
RS232-T2000,RS232-T2000,TestPatterns_stildpv.v,RS232-T2000\RS232-T2000\patterns\StuckAT\TestPatterns_stildpv.v,Verilog,196,TrustHub
RS232-T2000,RS232-T2000,TestPatterns_stildpv.v,RS232-T2000\RS232-T2000\patterns\TransitionDelay\TestPatterns_stildpv.v,Verilog,196,TrustHub
RS232-T2000,RS232-T2000,uart_scan_route.v,RS232-T2000\RS232-T2000\src\180nm\uart_scan_route.v,Verilog,614,TrustHub
RS232-T2000,RS232-T2000,uart_scan_route.v,RS232-T2000\RS232-T2000\src\90nm\uart_scan_route.v,Verilog,475,TrustHub
RS232-T2100,RS232-T2100,test_uart.v,RS232-T2100\RS232-T2100\src\TjFree\test_uart.v,Verilog,139,TrustHub
RS232-T2100,RS232-T2100,u_rec.v,RS232-T2100\RS232-T2100\src\TjFree\u_rec.v,Verilog,166,TrustHub
RS232-T2100,RS232-T2100,u_xmit.v,RS232-T2100\RS232-T2100\src\TjFree\u_xmit.v,Verilog,178,TrustHub
RS232-T2100,RS232-T2100,uart.v,RS232-T2100\RS232-T2100\src\TjFree\uart.v,Verilog,78,TrustHub
RS232-T2100,RS232-T2100,test_uart.v,RS232-T2100\RS232-T2100\src\TjIn\test_uart.v,Verilog,139,TrustHub
RS232-T2100,RS232-T2100,u_rec.v,RS232-T2100\RS232-T2100\src\TjIn\u_rec.v,Verilog,173,TrustHub
RS232-T2100,RS232-T2100,u_xmit.v,RS232-T2100\RS232-T2100\src\TjIn\u_xmit.v,Verilog,178,TrustHub
RS232-T2100,RS232-T2100,uart.v,RS232-T2100\RS232-T2100\src\TjIn\uart.v,Verilog,78,TrustHub
RS232-T2200,RS232-T2200,test_uart.v,RS232-T2200\RS232-T2200\src\TjFree\test_uart.v,Verilog,139,TrustHub
RS232-T2200,RS232-T2200,u_rec.v,RS232-T2200\RS232-T2200\src\TjFree\u_rec.v,Verilog,166,TrustHub
RS232-T2200,RS232-T2200,u_xmit.v,RS232-T2200\RS232-T2200\src\TjFree\u_xmit.v,Verilog,178,TrustHub
RS232-T2200,RS232-T2200,uart.v,RS232-T2200\RS232-T2200\src\TjFree\uart.v,Verilog,78,TrustHub
RS232-T2200,RS232-T2200,test_uart.v,RS232-T2200\RS232-T2200\src\TjIn\test_uart.v,Verilog,139,TrustHub
RS232-T2200,RS232-T2200,u_rec.v,RS232-T2200\RS232-T2200\src\TjIn\u_rec.v,Verilog,171,TrustHub
RS232-T2200,RS232-T2200,u_xmit.v,RS232-T2200\RS232-T2200\src\TjIn\u_xmit.v,Verilog,178,TrustHub
RS232-T2200,RS232-T2200,uart.v,RS232-T2200\RS232-T2200\src\TjIn\uart.v,Verilog,78,TrustHub
RS232-T2300,RS232-T2300,test_uart.v,RS232-T2300\RS232-T2300\src\TjFree\test_uart.v,Verilog,139,TrustHub
RS232-T2300,RS232-T2300,u_rec.v,RS232-T2300\RS232-T2300\src\TjFree\u_rec.v,Verilog,166,TrustHub
RS232-T2300,RS232-T2300,u_xmit.v,RS232-T2300\RS232-T2300\src\TjFree\u_xmit.v,Verilog,178,TrustHub
RS232-T2300,RS232-T2300,uart.v,RS232-T2300\RS232-T2300\src\TjFree\uart.v,Verilog,78,TrustHub
RS232-T2300,RS232-T2300,test_uart.v,RS232-T2300\RS232-T2300\src\TjIn\test_uart.v,Verilog,139,TrustHub
RS232-T2300,RS232-T2300,u_rec.v,RS232-T2300\RS232-T2300\src\TjIn\u_rec.v,Verilog,171,TrustHub
RS232-T2300,RS232-T2300,u_xmit.v,RS232-T2300\RS232-T2300\src\TjIn\u_xmit.v,Verilog,178,TrustHub
RS232-T2300,RS232-T2300,uart.v,RS232-T2300\RS232-T2300\src\TjIn\uart.v,Verilog,78,TrustHub
RS232-T2400,RS232-T2400,test_uart.v,RS232-T2400\RS232-T2400\src\TjFree\test_uart.v,Verilog,139,TrustHub
RS232-T2400,RS232-T2400,u_rec.v,RS232-T2400\RS232-T2400\src\TjFree\u_rec.v,Verilog,166,TrustHub
RS232-T2400,RS232-T2400,u_xmit.v,RS232-T2400\RS232-T2400\src\TjFree\u_xmit.v,Verilog,178,TrustHub
RS232-T2400,RS232-T2400,uart.v,RS232-T2400\RS232-T2400\src\TjFree\uart.v,Verilog,78,TrustHub
RS232-T2400,RS232-T2400,test_uart.v,RS232-T2400\RS232-T2400\src\TjIn\test_uart.v,Verilog,139,TrustHub
RS232-T2400,RS232-T2400,u_rec.v,RS232-T2400\RS232-T2400\src\TjIn\u_rec.v,Verilog,179,TrustHub
RS232-T2400,RS232-T2400,u_xmit.v,RS232-T2400\RS232-T2400\src\TjIn\u_xmit.v,Verilog,178,TrustHub
RS232-T2400,RS232-T2400,uart.v,RS232-T2400\RS232-T2400\src\TjIn\uart.v,Verilog,78,TrustHub
RS232-T300,RS232-T300,u_rec.v,RS232-T300\RS232-T300\src\u_rec.v,Verilog,163,TrustHub
RS232-T300,RS232-T300,u_xmit.v,RS232-T300\RS232-T300\src\u_xmit.v,Verilog,188,TrustHub
RS232-T300,RS232-T300,uart.v,RS232-T300\RS232-T300\src\uart.v,Verilog,79,TrustHub
RS232-T400,RS232-T400,u_rec.v,RS232-T400\RS232-T400\src\u_rec.v,Verilog,165,TrustHub
RS232-T400,RS232-T400,u_xmit.v,RS232-T400\RS232-T400\src\u_xmit.v,Verilog,177,TrustHub
RS232-T400,RS232-T400,uart.v,RS232-T400\RS232-T400\src\uart.v,Verilog,98,TrustHub
RS232-T500,RS232-T500,u_rec.v,RS232-T500\RS232-T500\src\u_rec.v,Verilog,163,TrustHub
RS232-T500,RS232-T500,u_xmit.v,RS232-T500\RS232-T500\src\u_xmit.v,Verilog,200,TrustHub
RS232-T500,RS232-T500,uart.v,RS232-T500\RS232-T500\src\uart.v,Verilog,78,TrustHub
RS232-T600,RS232-T600,u_rec.v,RS232-T600\RS232-T600\src\u_rec.v,Verilog,165,TrustHub
RS232-T600,RS232-T600,u_xmit.v,RS232-T600\RS232-T600\src\u_xmit.v,Verilog,232,TrustHub
RS232-T600,RS232-T600,uart.v,RS232-T600\RS232-T600\src\uart.v,Verilog,78,TrustHub
RS232-T700,RS232-T700,u_rec.v,RS232-T700\RS232-T700\src\u_rec.v,Verilog,165,TrustHub
RS232-T700,RS232-T700,u_xmit.v,RS232-T700\RS232-T700\src\u_xmit.v,Verilog,232,TrustHub
RS232-T700,RS232-T700,uart.v,RS232-T700\RS232-T700\src\uart.v,Verilog,78,TrustHub
RS232-T800,RS232-T800,u_rec.v,RS232-T800\RS232-T800\src\u_rec.v,Verilog,173,TrustHub
RS232-T800,RS232-T800,u_xmit.v,RS232-T800\RS232-T800\src\u_xmit.v,Verilog,177,TrustHub
RS232-T800,RS232-T800,uart.v,RS232-T800\RS232-T800\src\uart.v,Verilog,82,TrustHub
RS232-T900,RS232-T900,u_rec.v,RS232-T900\RS232-T900\src\u_rec.v,Verilog,165,TrustHub
RS232-T900,RS232-T900,u_xmit.v,RS232-T900\RS232-T900\src\u_xmit.v,Verilog,235,TrustHub
RS232-T900,RS232-T900,uart.v,RS232-T900\RS232-T900\src\uart.v,Verilog,77,TrustHub
RS232-T901,RS232-T901,u_rec.v,RS232-T901\RS232-T901\src\u_rec.v,Verilog,165,TrustHub
RS232-T901,RS232-T901,u_xmit.v,RS232-T901\RS232-T901\src\u_xmit.v,Verilog,240,TrustHub
RS232-T901,RS232-T901,uart.v,RS232-T901\RS232-T901\src\uart.v,Verilog,89,TrustHub
s15850-T100,s15850-T100,s15850_scan.v,s15850-T100\s15850-T100\src\TjFree\s15850_scan.v,Verilog,3243,TrustHub
s15850-T100,s15850-T100,s15850_scan.v,s15850-T100\s15850-T100\src\TjIn\s15850_scan.v,Verilog,3277,TrustHub
s35932-T100,s35932-T100,s35932_scan.v,s35932-T100\s35932-T100\src\TjFree\s35932_scan.v,Verilog,8589,TrustHub
s35932-T100,s35932-T100,s35932_scan.v,s35932-T100\s35932-T100\src\TjIn\s35932_scan.v,Verilog,8613,TrustHub
s35932-T200,s35932-T200,s35932_scan.v,s35932-T200\s35932-T200\src\TjFree\s35932_scan.v,Verilog,8589,TrustHub
s35932-T200,s35932-T200,s35932_scan.v,s35932-T200\s35932-T200\src\TjIn\s35932_scan.v,Verilog,8624,TrustHub
s35932-T300,s35932-T300,s35932_scan.v,s35932-T300\s35932-T300\src\TjFree\s35932_scan.v,Verilog,8589,TrustHub
s35932-T300,s35932-T300,s35932_scan.v,s35932-T300\s35932-T300\src\TjIn\s35932_scan.v,Verilog,8635,TrustHub
s38417-T100,s38417-T100,s38417_scan.v,s38417-T100\s38417-T100\src\TjFree\s38417_scan.v,Verilog,8478,TrustHub
s38417-T100,s38417-T100,s38417_scan.v,s38417-T100\s38417-T100\src\TjIn\s38417_scan.v,Verilog,8500,TrustHub
s38417-T200,s38417-T200,s38417_scan.v,s38417-T200\s38417-T200\src\TjFree\s38417_scan.v,Verilog,8478,TrustHub
s38417-T200,s38417-T200,s38417_scan.v,s38417-T200\s38417-T200\src\TjIn\s38417_scan.v,Verilog,8499,TrustHub
s38417-T300,s38417-T300,s38417_scan.v,s38417-T300\s38417-T300\src\TjFree\s38417_scan.v,Verilog,8478,TrustHub
s38417-T300,s38417-T300,s38417_scan.v,s38417-T300\s38417-T300\src\TjIn\s38417_scan.v,Verilog,8530,TrustHub
s38584-T100,s38584-T100,s38584_scan.v,s38584-T100\s38584-T100\src\TjFree\s38584_scan.v,Verilog,9921,TrustHub
s38584-T100,s38584-T100,s38584_scan.v,s38584-T100\s38584-T100\src\TjIn\s38584_scan.v,Verilog,9936,TrustHub
s38584-T200,s38584-T200,s38584_scan.v,s38584-T200\s38584-T200\src\TjFree\s38584_scan.v,Verilog,9921,TrustHub
s38584-T200,s38584-T200,s38584_scan.v,s38584-T200\s38584-T200\src\TjIn\s38584_scan.v,Verilog,10073,TrustHub
s38584-T300,s38584-T300,s38584_scan.v,s38584-T300\s38584-T300\src\TjFree\s38584_scan.v,Verilog,9921,TrustHub
s38584-T300,s38584-T300,s38584_scan.v,s38584-T300\s38584-T300\src\TjIn\s38584_scan.v,Verilog,11175,TrustHub
TRIT-TC,TRIT-TC,c2670_T000.v,TRIT-TC\TRIT-TC\c2670_T000\c2670_T000.v,Verilog,917,TrustHub
TRIT-TC,TRIT-TC,c2670_T001.v,TRIT-TC\TRIT-TC\c2670_T001\c2670_T001.v,Verilog,919,TrustHub
TRIT-TC,TRIT-TC,c2670_T002.v,TRIT-TC\TRIT-TC\c2670_T002\c2670_T002.v,Verilog,917,TrustHub
TRIT-TC,TRIT-TC,c2670_T003.v,TRIT-TC\TRIT-TC\c2670_T003\c2670_T003.v,Verilog,919,TrustHub
TRIT-TC,TRIT-TC,c2670_T004.v,TRIT-TC\TRIT-TC\c2670_T004\c2670_T004.v,Verilog,922,TrustHub
TRIT-TC,TRIT-TC,c2670_T005.v,TRIT-TC\TRIT-TC\c2670_T005\c2670_T005.v,Verilog,922,TrustHub
TRIT-TC,TRIT-TC,c2670_T006.v,TRIT-TC\TRIT-TC\c2670_T006\c2670_T006.v,Verilog,919,TrustHub
TRIT-TC,TRIT-TC,c2670_T007.v,TRIT-TC\TRIT-TC\c2670_T007\c2670_T007.v,Verilog,920,TrustHub
TRIT-TC,TRIT-TC,c2670_T008.v,TRIT-TC\TRIT-TC\c2670_T008\c2670_T008.v,Verilog,920,TrustHub
TRIT-TC,TRIT-TC,c2670_T009.v,TRIT-TC\TRIT-TC\c2670_T009\c2670_T009.v,Verilog,916,TrustHub
TRIT-TC,TRIT-TC,c2670_T010.v,TRIT-TC\TRIT-TC\c2670_T010\c2670_T010.v,Verilog,919,TrustHub
TRIT-TC,TRIT-TC,c2670_T011.v,TRIT-TC\TRIT-TC\c2670_T011\c2670_T011.v,Verilog,921,TrustHub
TRIT-TC,TRIT-TC,c2670_T012.v,TRIT-TC\TRIT-TC\c2670_T012\c2670_T012.v,Verilog,916,TrustHub
TRIT-TC,TRIT-TC,c2670_T013.v,TRIT-TC\TRIT-TC\c2670_T013\c2670_T013.v,Verilog,920,TrustHub
TRIT-TC,TRIT-TC,c2670_T014.v,TRIT-TC\TRIT-TC\c2670_T014\c2670_T014.v,Verilog,919,TrustHub
TRIT-TC,TRIT-TC,c2670_T015.v,TRIT-TC\TRIT-TC\c2670_T015\c2670_T015.v,Verilog,924,TrustHub
TRIT-TC,TRIT-TC,c2670_T016.v,TRIT-TC\TRIT-TC\c2670_T016\c2670_T016.v,Verilog,919,TrustHub
TRIT-TC,TRIT-TC,c2670_T017.v,TRIT-TC\TRIT-TC\c2670_T017\c2670_T017.v,Verilog,922,TrustHub
TRIT-TC,TRIT-TC,c2670_T018.v,TRIT-TC\TRIT-TC\c2670_T018\c2670_T018.v,Verilog,919,TrustHub
TRIT-TC,TRIT-TC,c2670_T019.v,TRIT-TC\TRIT-TC\c2670_T019\c2670_T019.v,Verilog,919,TrustHub
TRIT-TC,TRIT-TC,c2670_T020.v,TRIT-TC\TRIT-TC\c2670_T020\c2670_T020.v,Verilog,920,TrustHub
TRIT-TC,TRIT-TC,c2670_T021.v,TRIT-TC\TRIT-TC\c2670_T021\c2670_T021.v,Verilog,919,TrustHub
TRIT-TC,TRIT-TC,c2670_T022.v,TRIT-TC\TRIT-TC\c2670_T022\c2670_T022.v,Verilog,922,TrustHub
TRIT-TC,TRIT-TC,c2670_T023.v,TRIT-TC\TRIT-TC\c2670_T023\c2670_T023.v,Verilog,921,TrustHub
TRIT-TC,TRIT-TC,c2670_T024.v,TRIT-TC\TRIT-TC\c2670_T024\c2670_T024.v,Verilog,919,TrustHub
TRIT-TC,TRIT-TC,c2670_T025.v,TRIT-TC\TRIT-TC\c2670_T025\c2670_T025.v,Verilog,918,TrustHub
TRIT-TC,TRIT-TC,c2670_T026.v,TRIT-TC\TRIT-TC\c2670_T026\c2670_T026.v,Verilog,921,TrustHub
TRIT-TC,TRIT-TC,c2670_T027.v,TRIT-TC\TRIT-TC\c2670_T027\c2670_T027.v,Verilog,918,TrustHub
TRIT-TC,TRIT-TC,c2670_T028.v,TRIT-TC\TRIT-TC\c2670_T028\c2670_T028.v,Verilog,919,TrustHub
TRIT-TC,TRIT-TC,c2670_T029.v,TRIT-TC\TRIT-TC\c2670_T029\c2670_T029.v,Verilog,919,TrustHub
TRIT-TC,TRIT-TC,c2670_T030.v,TRIT-TC\TRIT-TC\c2670_T030\c2670_T030.v,Verilog,918,TrustHub
TRIT-TC,TRIT-TC,c2670_T031.v,TRIT-TC\TRIT-TC\c2670_T031\c2670_T031.v,Verilog,921,TrustHub
TRIT-TC,TRIT-TC,c2670_T032.v,TRIT-TC\TRIT-TC\c2670_T032\c2670_T032.v,Verilog,919,TrustHub
TRIT-TC,TRIT-TC,c2670_T033.v,TRIT-TC\TRIT-TC\c2670_T033\c2670_T033.v,Verilog,919,TrustHub
TRIT-TC,TRIT-TC,c2670_T034.v,TRIT-TC\TRIT-TC\c2670_T034\c2670_T034.v,Verilog,918,TrustHub
TRIT-TC,TRIT-TC,c2670_T035.v,TRIT-TC\TRIT-TC\c2670_T035\c2670_T035.v,Verilog,917,TrustHub
TRIT-TC,TRIT-TC,c2670_T036.v,TRIT-TC\TRIT-TC\c2670_T036\c2670_T036.v,Verilog,916,TrustHub
TRIT-TC,TRIT-TC,c2670_T037.v,TRIT-TC\TRIT-TC\c2670_T037\c2670_T037.v,Verilog,918,TrustHub
TRIT-TC,TRIT-TC,c2670_T038.v,TRIT-TC\TRIT-TC\c2670_T038\c2670_T038.v,Verilog,917,TrustHub
TRIT-TC,TRIT-TC,c2670_T039.v,TRIT-TC\TRIT-TC\c2670_T039\c2670_T039.v,Verilog,922,TrustHub
TRIT-TC,TRIT-TC,c2670_T040.v,TRIT-TC\TRIT-TC\c2670_T040\c2670_T040.v,Verilog,920,TrustHub
TRIT-TC,TRIT-TC,c2670_T041.v,TRIT-TC\TRIT-TC\c2670_T041\c2670_T041.v,Verilog,917,TrustHub
TRIT-TC,TRIT-TC,c2670_T042.v,TRIT-TC\TRIT-TC\c2670_T042\c2670_T042.v,Verilog,919,TrustHub
TRIT-TC,TRIT-TC,c2670_T043.v,TRIT-TC\TRIT-TC\c2670_T043\c2670_T043.v,Verilog,921,TrustHub
TRIT-TC,TRIT-TC,c2670_T044.v,TRIT-TC\TRIT-TC\c2670_T044\c2670_T044.v,Verilog,918,TrustHub
TRIT-TC,TRIT-TC,c2670_T045.v,TRIT-TC\TRIT-TC\c2670_T045\c2670_T045.v,Verilog,919,TrustHub
TRIT-TC,TRIT-TC,c2670_T046.v,TRIT-TC\TRIT-TC\c2670_T046\c2670_T046.v,Verilog,920,TrustHub
TRIT-TC,TRIT-TC,c2670_T047.v,TRIT-TC\TRIT-TC\c2670_T047\c2670_T047.v,Verilog,918,TrustHub
TRIT-TC,TRIT-TC,c2670_T048.v,TRIT-TC\TRIT-TC\c2670_T048\c2670_T048.v,Verilog,919,TrustHub
TRIT-TC,TRIT-TC,c2670_T049.v,TRIT-TC\TRIT-TC\c2670_T049\c2670_T049.v,Verilog,918,TrustHub
TRIT-TC,TRIT-TC,c2670_T050.v,TRIT-TC\TRIT-TC\c2670_T050\c2670_T050.v,Verilog,919,TrustHub
TRIT-TC,TRIT-TC,c2670_T051.v,TRIT-TC\TRIT-TC\c2670_T051\c2670_T051.v,Verilog,920,TrustHub
TRIT-TC,TRIT-TC,c2670_T052.v,TRIT-TC\TRIT-TC\c2670_T052\c2670_T052.v,Verilog,919,TrustHub
TRIT-TC,TRIT-TC,c2670_T053.v,TRIT-TC\TRIT-TC\c2670_T053\c2670_T053.v,Verilog,919,TrustHub
TRIT-TC,TRIT-TC,c2670_T054.v,TRIT-TC\TRIT-TC\c2670_T054\c2670_T054.v,Verilog,918,TrustHub
TRIT-TC,TRIT-TC,c2670_T055.v,TRIT-TC\TRIT-TC\c2670_T055\c2670_T055.v,Verilog,916,TrustHub
TRIT-TC,TRIT-TC,c2670_T056.v,TRIT-TC\TRIT-TC\c2670_T056\c2670_T056.v,Verilog,918,TrustHub
TRIT-TC,TRIT-TC,c2670_T057.v,TRIT-TC\TRIT-TC\c2670_T057\c2670_T057.v,Verilog,918,TrustHub
TRIT-TC,TRIT-TC,c2670_T058.v,TRIT-TC\TRIT-TC\c2670_T058\c2670_T058.v,Verilog,920,TrustHub
TRIT-TC,TRIT-TC,c2670_T059.v,TRIT-TC\TRIT-TC\c2670_T059\c2670_T059.v,Verilog,920,TrustHub
TRIT-TC,TRIT-TC,c2670_T060.v,TRIT-TC\TRIT-TC\c2670_T060\c2670_T060.v,Verilog,921,TrustHub
TRIT-TC,TRIT-TC,c2670_T061.v,TRIT-TC\TRIT-TC\c2670_T061\c2670_T061.v,Verilog,921,TrustHub
TRIT-TC,TRIT-TC,c2670_T062.v,TRIT-TC\TRIT-TC\c2670_T062\c2670_T062.v,Verilog,917,TrustHub
TRIT-TC,TRIT-TC,c2670_T063.v,TRIT-TC\TRIT-TC\c2670_T063\c2670_T063.v,Verilog,919,TrustHub
TRIT-TC,TRIT-TC,c2670_T064.v,TRIT-TC\TRIT-TC\c2670_T064\c2670_T064.v,Verilog,920,TrustHub
TRIT-TC,TRIT-TC,c2670_T065.v,TRIT-TC\TRIT-TC\c2670_T065\c2670_T065.v,Verilog,918,TrustHub
TRIT-TC,TRIT-TC,c2670_T066.v,TRIT-TC\TRIT-TC\c2670_T066\c2670_T066.v,Verilog,919,TrustHub
TRIT-TC,TRIT-TC,c2670_T067.v,TRIT-TC\TRIT-TC\c2670_T067\c2670_T067.v,Verilog,919,TrustHub
TRIT-TC,TRIT-TC,c2670_T068.v,TRIT-TC\TRIT-TC\c2670_T068\c2670_T068.v,Verilog,918,TrustHub
TRIT-TC,TRIT-TC,c2670_T069.v,TRIT-TC\TRIT-TC\c2670_T069\c2670_T069.v,Verilog,919,TrustHub
TRIT-TC,TRIT-TC,c2670_T070.v,TRIT-TC\TRIT-TC\c2670_T070\c2670_T070.v,Verilog,917,TrustHub
TRIT-TC,TRIT-TC,c2670_T071.v,TRIT-TC\TRIT-TC\c2670_T071\c2670_T071.v,Verilog,918,TrustHub
TRIT-TC,TRIT-TC,c2670_T072.v,TRIT-TC\TRIT-TC\c2670_T072\c2670_T072.v,Verilog,918,TrustHub
TRIT-TC,TRIT-TC,c2670_T073.v,TRIT-TC\TRIT-TC\c2670_T073\c2670_T073.v,Verilog,920,TrustHub
TRIT-TC,TRIT-TC,c2670_T074.v,TRIT-TC\TRIT-TC\c2670_T074\c2670_T074.v,Verilog,919,TrustHub
TRIT-TC,TRIT-TC,c2670_T075.v,TRIT-TC\TRIT-TC\c2670_T075\c2670_T075.v,Verilog,919,TrustHub
TRIT-TC,TRIT-TC,c2670_T076.v,TRIT-TC\TRIT-TC\c2670_T076\c2670_T076.v,Verilog,918,TrustHub
TRIT-TC,TRIT-TC,c2670_T077.v,TRIT-TC\TRIT-TC\c2670_T077\c2670_T077.v,Verilog,920,TrustHub
TRIT-TC,TRIT-TC,c2670_T078.v,TRIT-TC\TRIT-TC\c2670_T078\c2670_T078.v,Verilog,926,TrustHub
TRIT-TC,TRIT-TC,c2670_T079.v,TRIT-TC\TRIT-TC\c2670_T079\c2670_T079.v,Verilog,920,TrustHub
TRIT-TC,TRIT-TC,c2670_T080.v,TRIT-TC\TRIT-TC\c2670_T080\c2670_T080.v,Verilog,923,TrustHub
TRIT-TC,TRIT-TC,c2670_T081.v,TRIT-TC\TRIT-TC\c2670_T081\c2670_T081.v,Verilog,920,TrustHub
TRIT-TC,TRIT-TC,c2670_T082.v,TRIT-TC\TRIT-TC\c2670_T082\c2670_T082.v,Verilog,925,TrustHub
TRIT-TC,TRIT-TC,c2670_T083.v,TRIT-TC\TRIT-TC\c2670_T083\c2670_T083.v,Verilog,921,TrustHub
TRIT-TC,TRIT-TC,c2670_T084.v,TRIT-TC\TRIT-TC\c2670_T084\c2670_T084.v,Verilog,922,TrustHub
TRIT-TC,TRIT-TC,c2670_T085.v,TRIT-TC\TRIT-TC\c2670_T085\c2670_T085.v,Verilog,920,TrustHub
TRIT-TC,TRIT-TC,c2670_T086.v,TRIT-TC\TRIT-TC\c2670_T086\c2670_T086.v,Verilog,919,TrustHub
TRIT-TC,TRIT-TC,c2670_T087.v,TRIT-TC\TRIT-TC\c2670_T087\c2670_T087.v,Verilog,920,TrustHub
TRIT-TC,TRIT-TC,c2670_T088.v,TRIT-TC\TRIT-TC\c2670_T088\c2670_T088.v,Verilog,919,TrustHub
TRIT-TC,TRIT-TC,c2670_T089.v,TRIT-TC\TRIT-TC\c2670_T089\c2670_T089.v,Verilog,918,TrustHub
TRIT-TC,TRIT-TC,c2670_T090.v,TRIT-TC\TRIT-TC\c2670_T090\c2670_T090.v,Verilog,918,TrustHub
TRIT-TC,TRIT-TC,c2670_T091.v,TRIT-TC\TRIT-TC\c2670_T091\c2670_T091.v,Verilog,918,TrustHub
TRIT-TC,TRIT-TC,c2670_T092.v,TRIT-TC\TRIT-TC\c2670_T092\c2670_T092.v,Verilog,918,TrustHub
TRIT-TC,TRIT-TC,c2670_T093.v,TRIT-TC\TRIT-TC\c2670_T093\c2670_T093.v,Verilog,921,TrustHub
TRIT-TC,TRIT-TC,c2670_T094.v,TRIT-TC\TRIT-TC\c2670_T094\c2670_T094.v,Verilog,918,TrustHub
TRIT-TC,TRIT-TC,c2670_T095.v,TRIT-TC\TRIT-TC\c2670_T095\c2670_T095.v,Verilog,918,TrustHub
TRIT-TC,TRIT-TC,c2670_T096.v,TRIT-TC\TRIT-TC\c2670_T096\c2670_T096.v,Verilog,917,TrustHub
TRIT-TC,TRIT-TC,c2670_T097.v,TRIT-TC\TRIT-TC\c2670_T097\c2670_T097.v,Verilog,919,TrustHub
TRIT-TC,TRIT-TC,c2670_T098.v,TRIT-TC\TRIT-TC\c2670_T098\c2670_T098.v,Verilog,920,TrustHub
TRIT-TC,TRIT-TC,c2670_T099.v,TRIT-TC\TRIT-TC\c2670_T099\c2670_T099.v,Verilog,917,TrustHub
TRIT-TC,TRIT-TC,c3540_T000.v,TRIT-TC\TRIT-TC\c3540_T000\c3540_T000.v,Verilog,1264,TrustHub
TRIT-TC,TRIT-TC,c3540_T001.v,TRIT-TC\TRIT-TC\c3540_T001\c3540_T001.v,Verilog,1265,TrustHub
TRIT-TC,TRIT-TC,c3540_T002.v,TRIT-TC\TRIT-TC\c3540_T002\c3540_T002.v,Verilog,1265,TrustHub
TRIT-TC,TRIT-TC,c3540_T003.v,TRIT-TC\TRIT-TC\c3540_T003\c3540_T003.v,Verilog,1264,TrustHub
TRIT-TC,TRIT-TC,c3540_T004.v,TRIT-TC\TRIT-TC\c3540_T004\c3540_T004.v,Verilog,1264,TrustHub
TRIT-TC,TRIT-TC,c3540_T005.v,TRIT-TC\TRIT-TC\c3540_T005\c3540_T005.v,Verilog,1267,TrustHub
TRIT-TC,TRIT-TC,c3540_T006.v,TRIT-TC\TRIT-TC\c3540_T006\c3540_T006.v,Verilog,1264,TrustHub
TRIT-TC,TRIT-TC,c3540_T007.v,TRIT-TC\TRIT-TC\c3540_T007\c3540_T007.v,Verilog,1266,TrustHub
TRIT-TC,TRIT-TC,c3540_T008.v,TRIT-TC\TRIT-TC\c3540_T008\c3540_T008.v,Verilog,1268,TrustHub
TRIT-TC,TRIT-TC,c3540_T009.v,TRIT-TC\TRIT-TC\c3540_T009\c3540_T009.v,Verilog,1265,TrustHub
TRIT-TC,TRIT-TC,c3540_T010.v,TRIT-TC\TRIT-TC\c3540_T010\c3540_T010.v,Verilog,1263,TrustHub
TRIT-TC,TRIT-TC,c3540_T011.v,TRIT-TC\TRIT-TC\c3540_T011\c3540_T011.v,Verilog,1264,TrustHub
TRIT-TC,TRIT-TC,c3540_T012.v,TRIT-TC\TRIT-TC\c3540_T012\c3540_T012.v,Verilog,1263,TrustHub
TRIT-TC,TRIT-TC,c3540_T013.v,TRIT-TC\TRIT-TC\c3540_T013\c3540_T013.v,Verilog,1265,TrustHub
TRIT-TC,TRIT-TC,c3540_T014.v,TRIT-TC\TRIT-TC\c3540_T014\c3540_T014.v,Verilog,1265,TrustHub
TRIT-TC,TRIT-TC,c3540_T015.v,TRIT-TC\TRIT-TC\c3540_T015\c3540_T015.v,Verilog,1266,TrustHub
TRIT-TC,TRIT-TC,c3540_T016.v,TRIT-TC\TRIT-TC\c3540_T016\c3540_T016.v,Verilog,1264,TrustHub
TRIT-TC,TRIT-TC,c3540_T017.v,TRIT-TC\TRIT-TC\c3540_T017\c3540_T017.v,Verilog,1267,TrustHub
TRIT-TC,TRIT-TC,c3540_T018.v,TRIT-TC\TRIT-TC\c3540_T018\c3540_T018.v,Verilog,1263,TrustHub
TRIT-TC,TRIT-TC,c3540_T019.v,TRIT-TC\TRIT-TC\c3540_T019\c3540_T019.v,Verilog,1264,TrustHub
TRIT-TC,TRIT-TC,c3540_T020.v,TRIT-TC\TRIT-TC\c3540_T020\c3540_T020.v,Verilog,1267,TrustHub
TRIT-TC,TRIT-TC,c3540_T021.v,TRIT-TC\TRIT-TC\c3540_T021\c3540_T021.v,Verilog,1265,TrustHub
TRIT-TC,TRIT-TC,c3540_T022.v,TRIT-TC\TRIT-TC\c3540_T022\c3540_T022.v,Verilog,1267,TrustHub
TRIT-TC,TRIT-TC,c3540_T023.v,TRIT-TC\TRIT-TC\c3540_T023\c3540_T023.v,Verilog,1263,TrustHub
TRIT-TC,TRIT-TC,c3540_T024.v,TRIT-TC\TRIT-TC\c3540_T024\c3540_T024.v,Verilog,1265,TrustHub
TRIT-TC,TRIT-TC,c3540_T025.v,TRIT-TC\TRIT-TC\c3540_T025\c3540_T025.v,Verilog,1265,TrustHub
TRIT-TC,TRIT-TC,c3540_T026.v,TRIT-TC\TRIT-TC\c3540_T026\c3540_T026.v,Verilog,1266,TrustHub
TRIT-TC,TRIT-TC,c3540_T027.v,TRIT-TC\TRIT-TC\c3540_T027\c3540_T027.v,Verilog,1265,TrustHub
TRIT-TC,TRIT-TC,c3540_T028.v,TRIT-TC\TRIT-TC\c3540_T028\c3540_T028.v,Verilog,1264,TrustHub
TRIT-TC,TRIT-TC,c3540_T029.v,TRIT-TC\TRIT-TC\c3540_T029\c3540_T029.v,Verilog,1266,TrustHub
TRIT-TC,TRIT-TC,c3540_T030.v,TRIT-TC\TRIT-TC\c3540_T030\c3540_T030.v,Verilog,1265,TrustHub
TRIT-TC,TRIT-TC,c3540_T031.v,TRIT-TC\TRIT-TC\c3540_T031\c3540_T031.v,Verilog,1264,TrustHub
TRIT-TC,TRIT-TC,c3540_T032.v,TRIT-TC\TRIT-TC\c3540_T032\c3540_T032.v,Verilog,1268,TrustHub
TRIT-TC,TRIT-TC,c3540_T033.v,TRIT-TC\TRIT-TC\c3540_T033\c3540_T033.v,Verilog,1266,TrustHub
TRIT-TC,TRIT-TC,c3540_T034.v,TRIT-TC\TRIT-TC\c3540_T034\c3540_T034.v,Verilog,1264,TrustHub
TRIT-TC,TRIT-TC,c3540_T035.v,TRIT-TC\TRIT-TC\c3540_T035\c3540_T035.v,Verilog,1266,TrustHub
TRIT-TC,TRIT-TC,c3540_T036.v,TRIT-TC\TRIT-TC\c3540_T036\c3540_T036.v,Verilog,1265,TrustHub
TRIT-TC,TRIT-TC,c3540_T037.v,TRIT-TC\TRIT-TC\c3540_T037\c3540_T037.v,Verilog,1265,TrustHub
TRIT-TC,TRIT-TC,c3540_T038.v,TRIT-TC\TRIT-TC\c3540_T038\c3540_T038.v,Verilog,1267,TrustHub
TRIT-TC,TRIT-TC,c3540_T039.v,TRIT-TC\TRIT-TC\c3540_T039\c3540_T039.v,Verilog,1269,TrustHub
TRIT-TC,TRIT-TC,c3540_T040.v,TRIT-TC\TRIT-TC\c3540_T040\c3540_T040.v,Verilog,1265,TrustHub
TRIT-TC,TRIT-TC,c3540_T041.v,TRIT-TC\TRIT-TC\c3540_T041\c3540_T041.v,Verilog,1265,TrustHub
TRIT-TC,TRIT-TC,c3540_T042.v,TRIT-TC\TRIT-TC\c3540_T042\c3540_T042.v,Verilog,1264,TrustHub
TRIT-TC,TRIT-TC,c3540_T043.v,TRIT-TC\TRIT-TC\c3540_T043\c3540_T043.v,Verilog,1264,TrustHub
TRIT-TC,TRIT-TC,c3540_T044.v,TRIT-TC\TRIT-TC\c3540_T044\c3540_T044.v,Verilog,1269,TrustHub
TRIT-TC,TRIT-TC,c3540_T045.v,TRIT-TC\TRIT-TC\c3540_T045\c3540_T045.v,Verilog,1265,TrustHub
TRIT-TC,TRIT-TC,c3540_T046.v,TRIT-TC\TRIT-TC\c3540_T046\c3540_T046.v,Verilog,1265,TrustHub
TRIT-TC,TRIT-TC,c3540_T047.v,TRIT-TC\TRIT-TC\c3540_T047\c3540_T047.v,Verilog,1265,TrustHub
TRIT-TC,TRIT-TC,c3540_T048.v,TRIT-TC\TRIT-TC\c3540_T048\c3540_T048.v,Verilog,1265,TrustHub
TRIT-TC,TRIT-TC,c3540_T049.v,TRIT-TC\TRIT-TC\c3540_T049\c3540_T049.v,Verilog,1264,TrustHub
TRIT-TC,TRIT-TC,c3540_T050.v,TRIT-TC\TRIT-TC\c3540_T050\c3540_T050.v,Verilog,1268,TrustHub
TRIT-TC,TRIT-TC,c3540_T051.v,TRIT-TC\TRIT-TC\c3540_T051\c3540_T051.v,Verilog,1264,TrustHub
TRIT-TC,TRIT-TC,c3540_T052.v,TRIT-TC\TRIT-TC\c3540_T052\c3540_T052.v,Verilog,1268,TrustHub
TRIT-TC,TRIT-TC,c3540_T053.v,TRIT-TC\TRIT-TC\c3540_T053\c3540_T053.v,Verilog,1264,TrustHub
TRIT-TC,TRIT-TC,c3540_T054.v,TRIT-TC\TRIT-TC\c3540_T054\c3540_T054.v,Verilog,1266,TrustHub
TRIT-TC,TRIT-TC,c3540_T055.v,TRIT-TC\TRIT-TC\c3540_T055\c3540_T055.v,Verilog,1265,TrustHub
TRIT-TC,TRIT-TC,c3540_T056.v,TRIT-TC\TRIT-TC\c3540_T056\c3540_T056.v,Verilog,1268,TrustHub
TRIT-TC,TRIT-TC,c3540_T057.v,TRIT-TC\TRIT-TC\c3540_T057\c3540_T057.v,Verilog,1264,TrustHub
TRIT-TC,TRIT-TC,c3540_T058.v,TRIT-TC\TRIT-TC\c3540_T058\c3540_T058.v,Verilog,1264,TrustHub
TRIT-TC,TRIT-TC,c3540_T059.v,TRIT-TC\TRIT-TC\c3540_T059\c3540_T059.v,Verilog,1264,TrustHub
TRIT-TC,TRIT-TC,c3540_T060.v,TRIT-TC\TRIT-TC\c3540_T060\c3540_T060.v,Verilog,1265,TrustHub
TRIT-TC,TRIT-TC,c3540_T061.v,TRIT-TC\TRIT-TC\c3540_T061\c3540_T061.v,Verilog,1264,TrustHub
TRIT-TC,TRIT-TC,c3540_T062.v,TRIT-TC\TRIT-TC\c3540_T062\c3540_T062.v,Verilog,1264,TrustHub
TRIT-TC,TRIT-TC,c3540_T063.v,TRIT-TC\TRIT-TC\c3540_T063\c3540_T063.v,Verilog,1263,TrustHub
TRIT-TC,TRIT-TC,c3540_T064.v,TRIT-TC\TRIT-TC\c3540_T064\c3540_T064.v,Verilog,1264,TrustHub
TRIT-TC,TRIT-TC,c3540_T065.v,TRIT-TC\TRIT-TC\c3540_T065\c3540_T065.v,Verilog,1268,TrustHub
TRIT-TC,TRIT-TC,c3540_T066.v,TRIT-TC\TRIT-TC\c3540_T066\c3540_T066.v,Verilog,1266,TrustHub
TRIT-TC,TRIT-TC,c3540_T067.v,TRIT-TC\TRIT-TC\c3540_T067\c3540_T067.v,Verilog,1266,TrustHub
TRIT-TC,TRIT-TC,c3540_T068.v,TRIT-TC\TRIT-TC\c3540_T068\c3540_T068.v,Verilog,1263,TrustHub
TRIT-TC,TRIT-TC,c3540_T069.v,TRIT-TC\TRIT-TC\c3540_T069\c3540_T069.v,Verilog,1265,TrustHub
TRIT-TC,TRIT-TC,c3540_T070.v,TRIT-TC\TRIT-TC\c3540_T070\c3540_T070.v,Verilog,1267,TrustHub
TRIT-TC,TRIT-TC,c3540_T071.v,TRIT-TC\TRIT-TC\c3540_T071\c3540_T071.v,Verilog,1269,TrustHub
TRIT-TC,TRIT-TC,c3540_T072.v,TRIT-TC\TRIT-TC\c3540_T072\c3540_T072.v,Verilog,1264,TrustHub
TRIT-TC,TRIT-TC,c3540_T073.v,TRIT-TC\TRIT-TC\c3540_T073\c3540_T073.v,Verilog,1264,TrustHub
TRIT-TC,TRIT-TC,c3540_T074.v,TRIT-TC\TRIT-TC\c3540_T074\c3540_T074.v,Verilog,1263,TrustHub
TRIT-TC,TRIT-TC,c3540_T075.v,TRIT-TC\TRIT-TC\c3540_T075\c3540_T075.v,Verilog,1270,TrustHub
TRIT-TC,TRIT-TC,c3540_T076.v,TRIT-TC\TRIT-TC\c3540_T076\c3540_T076.v,Verilog,1264,TrustHub
TRIT-TC,TRIT-TC,c3540_T077.v,TRIT-TC\TRIT-TC\c3540_T077\c3540_T077.v,Verilog,1265,TrustHub
TRIT-TC,TRIT-TC,c3540_T078.v,TRIT-TC\TRIT-TC\c3540_T078\c3540_T078.v,Verilog,1265,TrustHub
TRIT-TC,TRIT-TC,c3540_T079.v,TRIT-TC\TRIT-TC\c3540_T079\c3540_T079.v,Verilog,1263,TrustHub
TRIT-TC,TRIT-TC,c3540_T080.v,TRIT-TC\TRIT-TC\c3540_T080\c3540_T080.v,Verilog,1264,TrustHub
TRIT-TC,TRIT-TC,c3540_T081.v,TRIT-TC\TRIT-TC\c3540_T081\c3540_T081.v,Verilog,1264,TrustHub
TRIT-TC,TRIT-TC,c3540_T082.v,TRIT-TC\TRIT-TC\c3540_T082\c3540_T082.v,Verilog,1268,TrustHub
TRIT-TC,TRIT-TC,c3540_T083.v,TRIT-TC\TRIT-TC\c3540_T083\c3540_T083.v,Verilog,1264,TrustHub
TRIT-TC,TRIT-TC,c3540_T084.v,TRIT-TC\TRIT-TC\c3540_T084\c3540_T084.v,Verilog,1265,TrustHub
TRIT-TC,TRIT-TC,c3540_T085.v,TRIT-TC\TRIT-TC\c3540_T085\c3540_T085.v,Verilog,1264,TrustHub
TRIT-TC,TRIT-TC,c3540_T086.v,TRIT-TC\TRIT-TC\c3540_T086\c3540_T086.v,Verilog,1265,TrustHub
TRIT-TC,TRIT-TC,c3540_T087.v,TRIT-TC\TRIT-TC\c3540_T087\c3540_T087.v,Verilog,1268,TrustHub
TRIT-TC,TRIT-TC,c3540_T088.v,TRIT-TC\TRIT-TC\c3540_T088\c3540_T088.v,Verilog,1264,TrustHub
TRIT-TC,TRIT-TC,c3540_T089.v,TRIT-TC\TRIT-TC\c3540_T089\c3540_T089.v,Verilog,1265,TrustHub
TRIT-TC,TRIT-TC,c3540_T090.v,TRIT-TC\TRIT-TC\c3540_T090\c3540_T090.v,Verilog,1265,TrustHub
TRIT-TC,TRIT-TC,c3540_T091.v,TRIT-TC\TRIT-TC\c3540_T091\c3540_T091.v,Verilog,1263,TrustHub
TRIT-TC,TRIT-TC,c3540_T092.v,TRIT-TC\TRIT-TC\c3540_T092\c3540_T092.v,Verilog,1265,TrustHub
TRIT-TC,TRIT-TC,c3540_T093.v,TRIT-TC\TRIT-TC\c3540_T093\c3540_T093.v,Verilog,1265,TrustHub
TRIT-TC,TRIT-TC,c3540_T094.v,TRIT-TC\TRIT-TC\c3540_T094\c3540_T094.v,Verilog,1264,TrustHub
TRIT-TC,TRIT-TC,c3540_T095.v,TRIT-TC\TRIT-TC\c3540_T095\c3540_T095.v,Verilog,1264,TrustHub
TRIT-TC,TRIT-TC,c3540_T096.v,TRIT-TC\TRIT-TC\c3540_T096\c3540_T096.v,Verilog,1265,TrustHub
TRIT-TC,TRIT-TC,c3540_T097.v,TRIT-TC\TRIT-TC\c3540_T097\c3540_T097.v,Verilog,1265,TrustHub
TRIT-TC,TRIT-TC,c3540_T098.v,TRIT-TC\TRIT-TC\c3540_T098\c3540_T098.v,Verilog,1264,TrustHub
TRIT-TC,TRIT-TC,c3540_T099.v,TRIT-TC\TRIT-TC\c3540_T099\c3540_T099.v,Verilog,1265,TrustHub
TRIT-TC,TRIT-TC,c5315_T000.v,TRIT-TC\TRIT-TC\c5315_T000\c5315_T000.v,Verilog,2331,TrustHub
TRIT-TC,TRIT-TC,c5315_T001.v,TRIT-TC\TRIT-TC\c5315_T001\c5315_T001.v,Verilog,2332,TrustHub
TRIT-TC,TRIT-TC,c5315_T002.v,TRIT-TC\TRIT-TC\c5315_T002\c5315_T002.v,Verilog,2328,TrustHub
TRIT-TC,TRIT-TC,c5315_T003.v,TRIT-TC\TRIT-TC\c5315_T003\c5315_T003.v,Verilog,2331,TrustHub
TRIT-TC,TRIT-TC,c5315_T004.v,TRIT-TC\TRIT-TC\c5315_T004\c5315_T004.v,Verilog,2330,TrustHub
TRIT-TC,TRIT-TC,c5315_T005.v,TRIT-TC\TRIT-TC\c5315_T005\c5315_T005.v,Verilog,2332,TrustHub
TRIT-TC,TRIT-TC,c5315_T006.v,TRIT-TC\TRIT-TC\c5315_T006\c5315_T006.v,Verilog,2329,TrustHub
TRIT-TC,TRIT-TC,c5315_T007.v,TRIT-TC\TRIT-TC\c5315_T007\c5315_T007.v,Verilog,2329,TrustHub
TRIT-TC,TRIT-TC,c5315_T008.v,TRIT-TC\TRIT-TC\c5315_T008\c5315_T008.v,Verilog,2331,TrustHub
TRIT-TC,TRIT-TC,c5315_T009.v,TRIT-TC\TRIT-TC\c5315_T009\c5315_T009.v,Verilog,2331,TrustHub
TRIT-TC,TRIT-TC,c5315_T010.v,TRIT-TC\TRIT-TC\c5315_T010\c5315_T010.v,Verilog,2328,TrustHub
TRIT-TC,TRIT-TC,c5315_T011.v,TRIT-TC\TRIT-TC\c5315_T011\c5315_T011.v,Verilog,2329,TrustHub
TRIT-TC,TRIT-TC,c5315_T012.v,TRIT-TC\TRIT-TC\c5315_T012\c5315_T012.v,Verilog,2331,TrustHub
TRIT-TC,TRIT-TC,c5315_T013.v,TRIT-TC\TRIT-TC\c5315_T013\c5315_T013.v,Verilog,2329,TrustHub
TRIT-TC,TRIT-TC,c5315_T014.v,TRIT-TC\TRIT-TC\c5315_T014\c5315_T014.v,Verilog,2331,TrustHub
TRIT-TC,TRIT-TC,c5315_T015.v,TRIT-TC\TRIT-TC\c5315_T015\c5315_T015.v,Verilog,2330,TrustHub
TRIT-TC,TRIT-TC,c5315_T016.v,TRIT-TC\TRIT-TC\c5315_T016\c5315_T016.v,Verilog,2330,TrustHub
TRIT-TC,TRIT-TC,c5315_T017.v,TRIT-TC\TRIT-TC\c5315_T017\c5315_T017.v,Verilog,2328,TrustHub
TRIT-TC,TRIT-TC,c5315_T018.v,TRIT-TC\TRIT-TC\c5315_T018\c5315_T018.v,Verilog,2328,TrustHub
TRIT-TC,TRIT-TC,c5315_T019.v,TRIT-TC\TRIT-TC\c5315_T019\c5315_T019.v,Verilog,2330,TrustHub
TRIT-TC,TRIT-TC,c5315_T020.v,TRIT-TC\TRIT-TC\c5315_T020\c5315_T020.v,Verilog,2330,TrustHub
TRIT-TC,TRIT-TC,c5315_T021.v,TRIT-TC\TRIT-TC\c5315_T021\c5315_T021.v,Verilog,2330,TrustHub
TRIT-TC,TRIT-TC,c5315_T022.v,TRIT-TC\TRIT-TC\c5315_T022\c5315_T022.v,Verilog,2332,TrustHub
TRIT-TC,TRIT-TC,c5315_T023.v,TRIT-TC\TRIT-TC\c5315_T023\c5315_T023.v,Verilog,2328,TrustHub
TRIT-TC,TRIT-TC,c5315_T024.v,TRIT-TC\TRIT-TC\c5315_T024\c5315_T024.v,Verilog,2329,TrustHub
TRIT-TC,TRIT-TC,c5315_T025.v,TRIT-TC\TRIT-TC\c5315_T025\c5315_T025.v,Verilog,2328,TrustHub
TRIT-TC,TRIT-TC,c5315_T026.v,TRIT-TC\TRIT-TC\c5315_T026\c5315_T026.v,Verilog,2332,TrustHub
TRIT-TC,TRIT-TC,c5315_T027.v,TRIT-TC\TRIT-TC\c5315_T027\c5315_T027.v,Verilog,2331,TrustHub
TRIT-TC,TRIT-TC,c5315_T028.v,TRIT-TC\TRIT-TC\c5315_T028\c5315_T028.v,Verilog,2329,TrustHub
TRIT-TC,TRIT-TC,c5315_T029.v,TRIT-TC\TRIT-TC\c5315_T029\c5315_T029.v,Verilog,2330,TrustHub
TRIT-TC,TRIT-TC,c5315_T030.v,TRIT-TC\TRIT-TC\c5315_T030\c5315_T030.v,Verilog,2330,TrustHub
TRIT-TC,TRIT-TC,c5315_T031.v,TRIT-TC\TRIT-TC\c5315_T031\c5315_T031.v,Verilog,2330,TrustHub
TRIT-TC,TRIT-TC,c5315_T032.v,TRIT-TC\TRIT-TC\c5315_T032\c5315_T032.v,Verilog,2328,TrustHub
TRIT-TC,TRIT-TC,c5315_T033.v,TRIT-TC\TRIT-TC\c5315_T033\c5315_T033.v,Verilog,2328,TrustHub
TRIT-TC,TRIT-TC,c5315_T034.v,TRIT-TC\TRIT-TC\c5315_T034\c5315_T034.v,Verilog,2329,TrustHub
TRIT-TC,TRIT-TC,c5315_T035.v,TRIT-TC\TRIT-TC\c5315_T035\c5315_T035.v,Verilog,2328,TrustHub
TRIT-TC,TRIT-TC,c5315_T036.v,TRIT-TC\TRIT-TC\c5315_T036\c5315_T036.v,Verilog,2328,TrustHub
TRIT-TC,TRIT-TC,c5315_T037.v,TRIT-TC\TRIT-TC\c5315_T037\c5315_T037.v,Verilog,2330,TrustHub
TRIT-TC,TRIT-TC,c5315_T038.v,TRIT-TC\TRIT-TC\c5315_T038\c5315_T038.v,Verilog,2327,TrustHub
TRIT-TC,TRIT-TC,c5315_T039.v,TRIT-TC\TRIT-TC\c5315_T039\c5315_T039.v,Verilog,2329,TrustHub
TRIT-TC,TRIT-TC,c5315_T040.v,TRIT-TC\TRIT-TC\c5315_T040\c5315_T040.v,Verilog,2328,TrustHub
TRIT-TC,TRIT-TC,c5315_T041.v,TRIT-TC\TRIT-TC\c5315_T041\c5315_T041.v,Verilog,2331,TrustHub
TRIT-TC,TRIT-TC,c5315_T042.v,TRIT-TC\TRIT-TC\c5315_T042\c5315_T042.v,Verilog,2329,TrustHub
TRIT-TC,TRIT-TC,c5315_T043.v,TRIT-TC\TRIT-TC\c5315_T043\c5315_T043.v,Verilog,2330,TrustHub
TRIT-TC,TRIT-TC,c5315_T044.v,TRIT-TC\TRIT-TC\c5315_T044\c5315_T044.v,Verilog,2331,TrustHub
TRIT-TC,TRIT-TC,c5315_T045.v,TRIT-TC\TRIT-TC\c5315_T045\c5315_T045.v,Verilog,2329,TrustHub
TRIT-TC,TRIT-TC,c5315_T046.v,TRIT-TC\TRIT-TC\c5315_T046\c5315_T046.v,Verilog,2330,TrustHub
TRIT-TC,TRIT-TC,c5315_T047.v,TRIT-TC\TRIT-TC\c5315_T047\c5315_T047.v,Verilog,2330,TrustHub
TRIT-TC,TRIT-TC,c5315_T048.v,TRIT-TC\TRIT-TC\c5315_T048\c5315_T048.v,Verilog,2328,TrustHub
TRIT-TC,TRIT-TC,c5315_T049.v,TRIT-TC\TRIT-TC\c5315_T049\c5315_T049.v,Verilog,2331,TrustHub
TRIT-TC,TRIT-TC,c5315_T050.v,TRIT-TC\TRIT-TC\c5315_T050\c5315_T050.v,Verilog,2332,TrustHub
TRIT-TC,TRIT-TC,c5315_T051.v,TRIT-TC\TRIT-TC\c5315_T051\c5315_T051.v,Verilog,2329,TrustHub
TRIT-TC,TRIT-TC,c5315_T052.v,TRIT-TC\TRIT-TC\c5315_T052\c5315_T052.v,Verilog,2328,TrustHub
TRIT-TC,TRIT-TC,c5315_T053.v,TRIT-TC\TRIT-TC\c5315_T053\c5315_T053.v,Verilog,2329,TrustHub
TRIT-TC,TRIT-TC,c5315_T054.v,TRIT-TC\TRIT-TC\c5315_T054\c5315_T054.v,Verilog,2328,TrustHub
TRIT-TC,TRIT-TC,c5315_T055.v,TRIT-TC\TRIT-TC\c5315_T055\c5315_T055.v,Verilog,2328,TrustHub
TRIT-TC,TRIT-TC,c5315_T056.v,TRIT-TC\TRIT-TC\c5315_T056\c5315_T056.v,Verilog,2328,TrustHub
TRIT-TC,TRIT-TC,c5315_T057.v,TRIT-TC\TRIT-TC\c5315_T057\c5315_T057.v,Verilog,2328,TrustHub
TRIT-TC,TRIT-TC,c5315_T058.v,TRIT-TC\TRIT-TC\c5315_T058\c5315_T058.v,Verilog,2329,TrustHub
TRIT-TC,TRIT-TC,c5315_T059.v,TRIT-TC\TRIT-TC\c5315_T059\c5315_T059.v,Verilog,2330,TrustHub
TRIT-TC,TRIT-TC,c5315_T060.v,TRIT-TC\TRIT-TC\c5315_T060\c5315_T060.v,Verilog,2329,TrustHub
TRIT-TC,TRIT-TC,c5315_T061.v,TRIT-TC\TRIT-TC\c5315_T061\c5315_T061.v,Verilog,2327,TrustHub
TRIT-TC,TRIT-TC,c5315_T062.v,TRIT-TC\TRIT-TC\c5315_T062\c5315_T062.v,Verilog,2330,TrustHub
TRIT-TC,TRIT-TC,c5315_T063.v,TRIT-TC\TRIT-TC\c5315_T063\c5315_T063.v,Verilog,2330,TrustHub
TRIT-TC,TRIT-TC,c5315_T064.v,TRIT-TC\TRIT-TC\c5315_T064\c5315_T064.v,Verilog,2328,TrustHub
TRIT-TC,TRIT-TC,c5315_T065.v,TRIT-TC\TRIT-TC\c5315_T065\c5315_T065.v,Verilog,2329,TrustHub
TRIT-TC,TRIT-TC,c5315_T066.v,TRIT-TC\TRIT-TC\c5315_T066\c5315_T066.v,Verilog,2329,TrustHub
TRIT-TC,TRIT-TC,c5315_T067.v,TRIT-TC\TRIT-TC\c5315_T067\c5315_T067.v,Verilog,2326,TrustHub
TRIT-TC,TRIT-TC,c5315_T068.v,TRIT-TC\TRIT-TC\c5315_T068\c5315_T068.v,Verilog,2327,TrustHub
TRIT-TC,TRIT-TC,c5315_T069.v,TRIT-TC\TRIT-TC\c5315_T069\c5315_T069.v,Verilog,2329,TrustHub
TRIT-TC,TRIT-TC,c5315_T070.v,TRIT-TC\TRIT-TC\c5315_T070\c5315_T070.v,Verilog,2328,TrustHub
TRIT-TC,TRIT-TC,c5315_T071.v,TRIT-TC\TRIT-TC\c5315_T071\c5315_T071.v,Verilog,2329,TrustHub
TRIT-TC,TRIT-TC,c5315_T072.v,TRIT-TC\TRIT-TC\c5315_T072\c5315_T072.v,Verilog,2328,TrustHub
TRIT-TC,TRIT-TC,c5315_T073.v,TRIT-TC\TRIT-TC\c5315_T073\c5315_T073.v,Verilog,2329,TrustHub
TRIT-TC,TRIT-TC,c5315_T074.v,TRIT-TC\TRIT-TC\c5315_T074\c5315_T074.v,Verilog,2333,TrustHub
TRIT-TC,TRIT-TC,c5315_T075.v,TRIT-TC\TRIT-TC\c5315_T075\c5315_T075.v,Verilog,2329,TrustHub
TRIT-TC,TRIT-TC,c5315_T076.v,TRIT-TC\TRIT-TC\c5315_T076\c5315_T076.v,Verilog,2330,TrustHub
TRIT-TC,TRIT-TC,c5315_T077.v,TRIT-TC\TRIT-TC\c5315_T077\c5315_T077.v,Verilog,2328,TrustHub
TRIT-TC,TRIT-TC,c5315_T078.v,TRIT-TC\TRIT-TC\c5315_T078\c5315_T078.v,Verilog,2335,TrustHub
TRIT-TC,TRIT-TC,c5315_T079.v,TRIT-TC\TRIT-TC\c5315_T079\c5315_T079.v,Verilog,2329,TrustHub
TRIT-TC,TRIT-TC,c5315_T080.v,TRIT-TC\TRIT-TC\c5315_T080\c5315_T080.v,Verilog,2328,TrustHub
TRIT-TC,TRIT-TC,c5315_T081.v,TRIT-TC\TRIT-TC\c5315_T081\c5315_T081.v,Verilog,2329,TrustHub
TRIT-TC,TRIT-TC,c5315_T082.v,TRIT-TC\TRIT-TC\c5315_T082\c5315_T082.v,Verilog,2330,TrustHub
TRIT-TC,TRIT-TC,c5315_T083.v,TRIT-TC\TRIT-TC\c5315_T083\c5315_T083.v,Verilog,2330,TrustHub
TRIT-TC,TRIT-TC,c5315_T084.v,TRIT-TC\TRIT-TC\c5315_T084\c5315_T084.v,Verilog,2329,TrustHub
TRIT-TC,TRIT-TC,c5315_T085.v,TRIT-TC\TRIT-TC\c5315_T085\c5315_T085.v,Verilog,2328,TrustHub
TRIT-TC,TRIT-TC,c5315_T086.v,TRIT-TC\TRIT-TC\c5315_T086\c5315_T086.v,Verilog,2329,TrustHub
TRIT-TC,TRIT-TC,c5315_T087.v,TRIT-TC\TRIT-TC\c5315_T087\c5315_T087.v,Verilog,2328,TrustHub
TRIT-TC,TRIT-TC,c5315_T088.v,TRIT-TC\TRIT-TC\c5315_T088\c5315_T088.v,Verilog,2329,TrustHub
TRIT-TC,TRIT-TC,c5315_T089.v,TRIT-TC\TRIT-TC\c5315_T089\c5315_T089.v,Verilog,2328,TrustHub
TRIT-TC,TRIT-TC,c5315_T090.v,TRIT-TC\TRIT-TC\c5315_T090\c5315_T090.v,Verilog,2330,TrustHub
TRIT-TC,TRIT-TC,c5315_T091.v,TRIT-TC\TRIT-TC\c5315_T091\c5315_T091.v,Verilog,2330,TrustHub
TRIT-TC,TRIT-TC,c5315_T092.v,TRIT-TC\TRIT-TC\c5315_T092\c5315_T092.v,Verilog,2328,TrustHub
TRIT-TC,TRIT-TC,c5315_T093.v,TRIT-TC\TRIT-TC\c5315_T093\c5315_T093.v,Verilog,2329,TrustHub
TRIT-TC,TRIT-TC,c5315_T094.v,TRIT-TC\TRIT-TC\c5315_T094\c5315_T094.v,Verilog,2331,TrustHub
TRIT-TC,TRIT-TC,c5315_T095.v,TRIT-TC\TRIT-TC\c5315_T095\c5315_T095.v,Verilog,2329,TrustHub
TRIT-TC,TRIT-TC,c5315_T096.v,TRIT-TC\TRIT-TC\c5315_T096\c5315_T096.v,Verilog,2328,TrustHub
TRIT-TC,TRIT-TC,c5315_T097.v,TRIT-TC\TRIT-TC\c5315_T097\c5315_T097.v,Verilog,2329,TrustHub
TRIT-TC,TRIT-TC,c5315_T098.v,TRIT-TC\TRIT-TC\c5315_T098\c5315_T098.v,Verilog,2327,TrustHub
TRIT-TC,TRIT-TC,c5315_T099.v,TRIT-TC\TRIT-TC\c5315_T099\c5315_T099.v,Verilog,2329,TrustHub
TRIT-TC,TRIT-TC,c5315_T200.v,TRIT-TC\TRIT-TC\c5315_T200\c5315_T200.v,Verilog,2339,TrustHub
TRIT-TC,TRIT-TC,c5315_T201.v,TRIT-TC\TRIT-TC\c5315_T201\c5315_T201.v,Verilog,2336,TrustHub
TRIT-TC,TRIT-TC,c5315_T202.v,TRIT-TC\TRIT-TC\c5315_T202\c5315_T202.v,Verilog,2339,TrustHub
TRIT-TC,TRIT-TC,c5315_T203.v,TRIT-TC\TRIT-TC\c5315_T203\c5315_T203.v,Verilog,2337,TrustHub
TRIT-TC,TRIT-TC,c5315_T204.v,TRIT-TC\TRIT-TC\c5315_T204\c5315_T204.v,Verilog,2335,TrustHub
TRIT-TC,TRIT-TC,c5315_T205.v,TRIT-TC\TRIT-TC\c5315_T205\c5315_T205.v,Verilog,2333,TrustHub
TRIT-TC,TRIT-TC,c5315_T206.v,TRIT-TC\TRIT-TC\c5315_T206\c5315_T206.v,Verilog,2335,TrustHub
TRIT-TC,TRIT-TC,c5315_T207.v,TRIT-TC\TRIT-TC\c5315_T207\c5315_T207.v,Verilog,2339,TrustHub
TRIT-TC,TRIT-TC,c5315_T208.v,TRIT-TC\TRIT-TC\c5315_T208\c5315_T208.v,Verilog,2337,TrustHub
TRIT-TC,TRIT-TC,c5315_T209.v,TRIT-TC\TRIT-TC\c5315_T209\c5315_T209.v,Verilog,2334,TrustHub
TRIT-TC,TRIT-TC,c6288_T000.v,TRIT-TC\TRIT-TC\c6288_T000\c6288_T000.v,Verilog,2438,TrustHub
TRIT-TC,TRIT-TC,c6288_T001.v,TRIT-TC\TRIT-TC\c6288_T001\c6288_T001.v,Verilog,2435,TrustHub
TRIT-TC,TRIT-TC,c6288_T002.v,TRIT-TC\TRIT-TC\c6288_T002\c6288_T002.v,Verilog,2436,TrustHub
TRIT-TC,TRIT-TC,c6288_T003.v,TRIT-TC\TRIT-TC\c6288_T003\c6288_T003.v,Verilog,2437,TrustHub
TRIT-TC,TRIT-TC,c6288_T004.v,TRIT-TC\TRIT-TC\c6288_T004\c6288_T004.v,Verilog,2436,TrustHub
TRIT-TC,TRIT-TC,c6288_T005.v,TRIT-TC\TRIT-TC\c6288_T005\c6288_T005.v,Verilog,2436,TrustHub
TRIT-TC,TRIT-TC,c6288_T006.v,TRIT-TC\TRIT-TC\c6288_T006\c6288_T006.v,Verilog,2437,TrustHub
TRIT-TC,TRIT-TC,c6288_T007.v,TRIT-TC\TRIT-TC\c6288_T007\c6288_T007.v,Verilog,2436,TrustHub
TRIT-TC,TRIT-TC,c6288_T008.v,TRIT-TC\TRIT-TC\c6288_T008\c6288_T008.v,Verilog,2435,TrustHub
TRIT-TC,TRIT-TC,c6288_T009.v,TRIT-TC\TRIT-TC\c6288_T009\c6288_T009.v,Verilog,2436,TrustHub
TRIT-TC,TRIT-TC,c6288_T010.v,TRIT-TC\TRIT-TC\c6288_T010\c6288_T010.v,Verilog,2438,TrustHub
TRIT-TC,TRIT-TC,c6288_T011.v,TRIT-TC\TRIT-TC\c6288_T011\c6288_T011.v,Verilog,2439,TrustHub
TRIT-TC,TRIT-TC,c6288_T012.v,TRIT-TC\TRIT-TC\c6288_T012\c6288_T012.v,Verilog,2437,TrustHub
TRIT-TC,TRIT-TC,c6288_T013.v,TRIT-TC\TRIT-TC\c6288_T013\c6288_T013.v,Verilog,2438,TrustHub
TRIT-TC,TRIT-TC,c6288_T014.v,TRIT-TC\TRIT-TC\c6288_T014\c6288_T014.v,Verilog,2437,TrustHub
TRIT-TC,TRIT-TC,c6288_T015.v,TRIT-TC\TRIT-TC\c6288_T015\c6288_T015.v,Verilog,2437,TrustHub
TRIT-TC,TRIT-TC,c6288_T016.v,TRIT-TC\TRIT-TC\c6288_T016\c6288_T016.v,Verilog,2438,TrustHub
TRIT-TC,TRIT-TC,c6288_T017.v,TRIT-TC\TRIT-TC\c6288_T017\c6288_T017.v,Verilog,2436,TrustHub
TRIT-TC,TRIT-TC,c6288_T018.v,TRIT-TC\TRIT-TC\c6288_T018\c6288_T018.v,Verilog,2437,TrustHub
TRIT-TC,TRIT-TC,c6288_T019.v,TRIT-TC\TRIT-TC\c6288_T019\c6288_T019.v,Verilog,2438,TrustHub
TRIT-TC,TRIT-TC,c6288_T020.v,TRIT-TC\TRIT-TC\c6288_T020\c6288_T020.v,Verilog,2436,TrustHub
TRIT-TC,TRIT-TC,c6288_T021.v,TRIT-TC\TRIT-TC\c6288_T021\c6288_T021.v,Verilog,2437,TrustHub
TRIT-TC,TRIT-TC,c6288_T022.v,TRIT-TC\TRIT-TC\c6288_T022\c6288_T022.v,Verilog,2436,TrustHub
TRIT-TC,TRIT-TC,c6288_T023.v,TRIT-TC\TRIT-TC\c6288_T023\c6288_T023.v,Verilog,2437,TrustHub
TRIT-TC,TRIT-TC,c6288_T024.v,TRIT-TC\TRIT-TC\c6288_T024\c6288_T024.v,Verilog,2438,TrustHub
TRIT-TC,TRIT-TC,c6288_T025.v,TRIT-TC\TRIT-TC\c6288_T025\c6288_T025.v,Verilog,2436,TrustHub
TRIT-TC,TRIT-TC,c6288_T026.v,TRIT-TC\TRIT-TC\c6288_T026\c6288_T026.v,Verilog,2437,TrustHub
TRIT-TC,TRIT-TC,c6288_T027.v,TRIT-TC\TRIT-TC\c6288_T027\c6288_T027.v,Verilog,2438,TrustHub
TRIT-TC,TRIT-TC,c6288_T028.v,TRIT-TC\TRIT-TC\c6288_T028\c6288_T028.v,Verilog,2438,TrustHub
TRIT-TC,TRIT-TC,c6288_T029.v,TRIT-TC\TRIT-TC\c6288_T029\c6288_T029.v,Verilog,2440,TrustHub
TRIT-TC,TRIT-TC,c6288_T030.v,TRIT-TC\TRIT-TC\c6288_T030\c6288_T030.v,Verilog,2437,TrustHub
TRIT-TC,TRIT-TC,c6288_T031.v,TRIT-TC\TRIT-TC\c6288_T031\c6288_T031.v,Verilog,2436,TrustHub
TRIT-TC,TRIT-TC,c6288_T032.v,TRIT-TC\TRIT-TC\c6288_T032\c6288_T032.v,Verilog,2435,TrustHub
TRIT-TC,TRIT-TC,c6288_T033.v,TRIT-TC\TRIT-TC\c6288_T033\c6288_T033.v,Verilog,2438,TrustHub
TRIT-TC,TRIT-TC,c6288_T034.v,TRIT-TC\TRIT-TC\c6288_T034\c6288_T034.v,Verilog,2437,TrustHub
TRIT-TC,TRIT-TC,c6288_T035.v,TRIT-TC\TRIT-TC\c6288_T035\c6288_T035.v,Verilog,2436,TrustHub
TRIT-TC,TRIT-TC,c6288_T036.v,TRIT-TC\TRIT-TC\c6288_T036\c6288_T036.v,Verilog,2437,TrustHub
TRIT-TC,TRIT-TC,c6288_T037.v,TRIT-TC\TRIT-TC\c6288_T037\c6288_T037.v,Verilog,2437,TrustHub
TRIT-TC,TRIT-TC,c6288_T038.v,TRIT-TC\TRIT-TC\c6288_T038\c6288_T038.v,Verilog,2436,TrustHub
TRIT-TC,TRIT-TC,c6288_T039.v,TRIT-TC\TRIT-TC\c6288_T039\c6288_T039.v,Verilog,2440,TrustHub
TRIT-TC,TRIT-TC,c6288_T040.v,TRIT-TC\TRIT-TC\c6288_T040\c6288_T040.v,Verilog,2436,TrustHub
TRIT-TC,TRIT-TC,c6288_T041.v,TRIT-TC\TRIT-TC\c6288_T041\c6288_T041.v,Verilog,2439,TrustHub
TRIT-TC,TRIT-TC,c6288_T042.v,TRIT-TC\TRIT-TC\c6288_T042\c6288_T042.v,Verilog,2436,TrustHub
TRIT-TC,TRIT-TC,c6288_T043.v,TRIT-TC\TRIT-TC\c6288_T043\c6288_T043.v,Verilog,2438,TrustHub
TRIT-TC,TRIT-TC,c6288_T044.v,TRIT-TC\TRIT-TC\c6288_T044\c6288_T044.v,Verilog,2436,TrustHub
TRIT-TC,TRIT-TC,c6288_T045.v,TRIT-TC\TRIT-TC\c6288_T045\c6288_T045.v,Verilog,2436,TrustHub
TRIT-TC,TRIT-TC,c6288_T046.v,TRIT-TC\TRIT-TC\c6288_T046\c6288_T046.v,Verilog,2436,TrustHub
TRIT-TC,TRIT-TC,c6288_T047.v,TRIT-TC\TRIT-TC\c6288_T047\c6288_T047.v,Verilog,2438,TrustHub
TRIT-TC,TRIT-TC,c6288_T048.v,TRIT-TC\TRIT-TC\c6288_T048\c6288_T048.v,Verilog,2436,TrustHub
TRIT-TC,TRIT-TC,c6288_T049.v,TRIT-TC\TRIT-TC\c6288_T049\c6288_T049.v,Verilog,2436,TrustHub
TRIT-TC,TRIT-TC,c6288_T050.v,TRIT-TC\TRIT-TC\c6288_T050\c6288_T050.v,Verilog,2437,TrustHub
TRIT-TC,TRIT-TC,c6288_T051.v,TRIT-TC\TRIT-TC\c6288_T051\c6288_T051.v,Verilog,2437,TrustHub
TRIT-TC,TRIT-TC,c6288_T052.v,TRIT-TC\TRIT-TC\c6288_T052\c6288_T052.v,Verilog,2437,TrustHub
TRIT-TC,TRIT-TC,c6288_T053.v,TRIT-TC\TRIT-TC\c6288_T053\c6288_T053.v,Verilog,2440,TrustHub
TRIT-TC,TRIT-TC,c6288_T054.v,TRIT-TC\TRIT-TC\c6288_T054\c6288_T054.v,Verilog,2436,TrustHub
TRIT-TC,TRIT-TC,c6288_T055.v,TRIT-TC\TRIT-TC\c6288_T055\c6288_T055.v,Verilog,2437,TrustHub
TRIT-TC,TRIT-TC,c6288_T056.v,TRIT-TC\TRIT-TC\c6288_T056\c6288_T056.v,Verilog,2439,TrustHub
TRIT-TC,TRIT-TC,c6288_T057.v,TRIT-TC\TRIT-TC\c6288_T057\c6288_T057.v,Verilog,2436,TrustHub
TRIT-TC,TRIT-TC,c6288_T058.v,TRIT-TC\TRIT-TC\c6288_T058\c6288_T058.v,Verilog,2437,TrustHub
TRIT-TC,TRIT-TC,c6288_T059.v,TRIT-TC\TRIT-TC\c6288_T059\c6288_T059.v,Verilog,2437,TrustHub
TRIT-TC,TRIT-TC,c6288_T060.v,TRIT-TC\TRIT-TC\c6288_T060\c6288_T060.v,Verilog,2436,TrustHub
TRIT-TC,TRIT-TC,c6288_T061.v,TRIT-TC\TRIT-TC\c6288_T061\c6288_T061.v,Verilog,2439,TrustHub
TRIT-TC,TRIT-TC,c6288_T062.v,TRIT-TC\TRIT-TC\c6288_T062\c6288_T062.v,Verilog,2438,TrustHub
TRIT-TC,TRIT-TC,c6288_T063.v,TRIT-TC\TRIT-TC\c6288_T063\c6288_T063.v,Verilog,2435,TrustHub
TRIT-TC,TRIT-TC,c6288_T064.v,TRIT-TC\TRIT-TC\c6288_T064\c6288_T064.v,Verilog,2435,TrustHub
TRIT-TC,TRIT-TC,c6288_T065.v,TRIT-TC\TRIT-TC\c6288_T065\c6288_T065.v,Verilog,2440,TrustHub
TRIT-TC,TRIT-TC,c6288_T066.v,TRIT-TC\TRIT-TC\c6288_T066\c6288_T066.v,Verilog,2435,TrustHub
TRIT-TC,TRIT-TC,c6288_T067.v,TRIT-TC\TRIT-TC\c6288_T067\c6288_T067.v,Verilog,2439,TrustHub
TRIT-TC,TRIT-TC,c6288_T068.v,TRIT-TC\TRIT-TC\c6288_T068\c6288_T068.v,Verilog,2439,TrustHub
TRIT-TC,TRIT-TC,c6288_T069.v,TRIT-TC\TRIT-TC\c6288_T069\c6288_T069.v,Verilog,2436,TrustHub
TRIT-TC,TRIT-TC,c6288_T070.v,TRIT-TC\TRIT-TC\c6288_T070\c6288_T070.v,Verilog,2438,TrustHub
TRIT-TC,TRIT-TC,c6288_T071.v,TRIT-TC\TRIT-TC\c6288_T071\c6288_T071.v,Verilog,2441,TrustHub
TRIT-TC,TRIT-TC,c6288_T072.v,TRIT-TC\TRIT-TC\c6288_T072\c6288_T072.v,Verilog,2437,TrustHub
TRIT-TC,TRIT-TC,c6288_T073.v,TRIT-TC\TRIT-TC\c6288_T073\c6288_T073.v,Verilog,2436,TrustHub
TRIT-TC,TRIT-TC,c6288_T074.v,TRIT-TC\TRIT-TC\c6288_T074\c6288_T074.v,Verilog,2433,TrustHub
TRIT-TC,TRIT-TC,c6288_T075.v,TRIT-TC\TRIT-TC\c6288_T075\c6288_T075.v,Verilog,2440,TrustHub
TRIT-TC,TRIT-TC,c6288_T076.v,TRIT-TC\TRIT-TC\c6288_T076\c6288_T076.v,Verilog,2438,TrustHub
TRIT-TC,TRIT-TC,c6288_T077.v,TRIT-TC\TRIT-TC\c6288_T077\c6288_T077.v,Verilog,2437,TrustHub
TRIT-TC,TRIT-TC,c6288_T078.v,TRIT-TC\TRIT-TC\c6288_T078\c6288_T078.v,Verilog,2436,TrustHub
TRIT-TC,TRIT-TC,c6288_T079.v,TRIT-TC\TRIT-TC\c6288_T079\c6288_T079.v,Verilog,2436,TrustHub
TRIT-TC,TRIT-TC,c6288_T080.v,TRIT-TC\TRIT-TC\c6288_T080\c6288_T080.v,Verilog,2437,TrustHub
TRIT-TC,TRIT-TC,c6288_T081.v,TRIT-TC\TRIT-TC\c6288_T081\c6288_T081.v,Verilog,2438,TrustHub
TRIT-TC,TRIT-TC,c6288_T082.v,TRIT-TC\TRIT-TC\c6288_T082\c6288_T082.v,Verilog,2435,TrustHub
TRIT-TC,TRIT-TC,c6288_T083.v,TRIT-TC\TRIT-TC\c6288_T083\c6288_T083.v,Verilog,2439,TrustHub
TRIT-TC,TRIT-TC,c6288_T084.v,TRIT-TC\TRIT-TC\c6288_T084\c6288_T084.v,Verilog,2436,TrustHub
TRIT-TC,TRIT-TC,c6288_T085.v,TRIT-TC\TRIT-TC\c6288_T085\c6288_T085.v,Verilog,2438,TrustHub
TRIT-TC,TRIT-TC,c6288_T086.v,TRIT-TC\TRIT-TC\c6288_T086\c6288_T086.v,Verilog,2436,TrustHub
TRIT-TC,TRIT-TC,c6288_T087.v,TRIT-TC\TRIT-TC\c6288_T087\c6288_T087.v,Verilog,2439,TrustHub
TRIT-TC,TRIT-TC,c6288_T088.v,TRIT-TC\TRIT-TC\c6288_T088\c6288_T088.v,Verilog,2435,TrustHub
TRIT-TC,TRIT-TC,c6288_T089.v,TRIT-TC\TRIT-TC\c6288_T089\c6288_T089.v,Verilog,2437,TrustHub
TRIT-TC,TRIT-TC,c6288_T090.v,TRIT-TC\TRIT-TC\c6288_T090\c6288_T090.v,Verilog,2436,TrustHub
TRIT-TC,TRIT-TC,c6288_T091.v,TRIT-TC\TRIT-TC\c6288_T091\c6288_T091.v,Verilog,2437,TrustHub
TRIT-TC,TRIT-TC,c6288_T092.v,TRIT-TC\TRIT-TC\c6288_T092\c6288_T092.v,Verilog,2437,TrustHub
TRIT-TC,TRIT-TC,c6288_T093.v,TRIT-TC\TRIT-TC\c6288_T093\c6288_T093.v,Verilog,2435,TrustHub
TRIT-TC,TRIT-TC,c6288_T094.v,TRIT-TC\TRIT-TC\c6288_T094\c6288_T094.v,Verilog,2436,TrustHub
TRIT-TC,TRIT-TC,c6288_T095.v,TRIT-TC\TRIT-TC\c6288_T095\c6288_T095.v,Verilog,2435,TrustHub
TRIT-TC,TRIT-TC,c6288_T096.v,TRIT-TC\TRIT-TC\c6288_T096\c6288_T096.v,Verilog,2435,TrustHub
TRIT-TC,TRIT-TC,c6288_T097.v,TRIT-TC\TRIT-TC\c6288_T097\c6288_T097.v,Verilog,2436,TrustHub
TRIT-TC,TRIT-TC,c6288_T098.v,TRIT-TC\TRIT-TC\c6288_T098\c6288_T098.v,Verilog,2437,TrustHub
TRIT-TC,TRIT-TC,c6288_T099.v,TRIT-TC\TRIT-TC\c6288_T099\c6288_T099.v,Verilog,2438,TrustHub
TRIT-TC,TRIT-TC,c6288_T200.v,TRIT-TC\TRIT-TC\c6288_T200\c6288_T200.v,Verilog,2445,TrustHub
TRIT-TC,TRIT-TC,c6288_T201.v,TRIT-TC\TRIT-TC\c6288_T201\c6288_T201.v,Verilog,2443,TrustHub
TRIT-TC,TRIT-TC,c6288_T202.v,TRIT-TC\TRIT-TC\c6288_T202\c6288_T202.v,Verilog,2445,TrustHub
TRIT-TC,TRIT-TC,c6288_T203.v,TRIT-TC\TRIT-TC\c6288_T203\c6288_T203.v,Verilog,2444,TrustHub
TRIT-TC,TRIT-TC,c6288_T204.v,TRIT-TC\TRIT-TC\c6288_T204\c6288_T204.v,Verilog,2452,TrustHub
TRIT-TC,TRIT-TC,c6288_T205.v,TRIT-TC\TRIT-TC\c6288_T205\c6288_T205.v,Verilog,2442,TrustHub
TRIT-TC,TRIT-TC,c6288_T206.v,TRIT-TC\TRIT-TC\c6288_T206\c6288_T206.v,Verilog,2443,TrustHub
TRIT-TC,TRIT-TC,c6288_T207.v,TRIT-TC\TRIT-TC\c6288_T207\c6288_T207.v,Verilog,2444,TrustHub
TRIT-TC,TRIT-TC,c6288_T208.v,TRIT-TC\TRIT-TC\c6288_T208\c6288_T208.v,Verilog,2444,TrustHub
TRIT-TC,TRIT-TC,c6288_T209.v,TRIT-TC\TRIT-TC\c6288_T209\c6288_T209.v,Verilog,2445,TrustHub
TRIT-TC,TRIT-TC,c2670.v,TRIT-TC\TRIT-TC\original_designs\c2670.v,Verilog,908,TrustHub
TRIT-TC,TRIT-TC,c3540.v,TRIT-TC\TRIT-TC\original_designs\c3540.v,Verilog,1254,TrustHub
TRIT-TC,TRIT-TC,c5315.v,TRIT-TC\TRIT-TC\original_designs\c5315.v,Verilog,2318,TrustHub
TRIT-TC,TRIT-TC,c6288.v,TRIT-TC\TRIT-TC\original_designs\c6288.v,Verilog,2426,TrustHub
TRIT-TC,TRIT-TC,s13207scan.v,TRIT-TC\TRIT-TC\original_designs\s13207scan.v,Verilog,3352,TrustHub
TRIT-TC,TRIT-TC,s1423scan.v,TRIT-TC\TRIT-TC\original_designs\s1423scan.v,Verilog,619,TrustHub
TRIT-TC,TRIT-TC,s15850scan.v,TRIT-TC\TRIT-TC\original_designs\s15850scan.v,Verilog,3891,TrustHub
TRIT-TC,TRIT-TC,s35932scan.v,TRIT-TC\TRIT-TC\original_designs\s35932scan.v,Verilog,9155,TrustHub
TRIT-TC,TRIT-TC,s13207_T000.v,TRIT-TC\TRIT-TC\s13207_T000\s13207_T000.v,Verilog,3362,TrustHub
TRIT-TC,TRIT-TC,s13207_T001.v,TRIT-TC\TRIT-TC\s13207_T001\s13207_T001.v,Verilog,3363,TrustHub
TRIT-TC,TRIT-TC,s13207_T002.v,TRIT-TC\TRIT-TC\s13207_T002\s13207_T002.v,Verilog,3361,TrustHub
TRIT-TC,TRIT-TC,s13207_T003.v,TRIT-TC\TRIT-TC\s13207_T003\s13207_T003.v,Verilog,3363,TrustHub
TRIT-TC,TRIT-TC,s13207_T004.v,TRIT-TC\TRIT-TC\s13207_T004\s13207_T004.v,Verilog,3363,TrustHub
TRIT-TC,TRIT-TC,s13207_T005.v,TRIT-TC\TRIT-TC\s13207_T005\s13207_T005.v,Verilog,3363,TrustHub
TRIT-TC,TRIT-TC,s13207_T006.v,TRIT-TC\TRIT-TC\s13207_T006\s13207_T006.v,Verilog,3362,TrustHub
TRIT-TC,TRIT-TC,s13207_T007.v,TRIT-TC\TRIT-TC\s13207_T007\s13207_T007.v,Verilog,3366,TrustHub
TRIT-TC,TRIT-TC,s13207_T008.v,TRIT-TC\TRIT-TC\s13207_T008\s13207_T008.v,Verilog,3363,TrustHub
TRIT-TC,TRIT-TC,s13207_T009.v,TRIT-TC\TRIT-TC\s13207_T009\s13207_T009.v,Verilog,3363,TrustHub
TRIT-TC,TRIT-TC,s13207_T010.v,TRIT-TC\TRIT-TC\s13207_T010\s13207_T010.v,Verilog,3363,TrustHub
TRIT-TC,TRIT-TC,s13207_T011.v,TRIT-TC\TRIT-TC\s13207_T011\s13207_T011.v,Verilog,3362,TrustHub
TRIT-TC,TRIT-TC,s13207_T012.v,TRIT-TC\TRIT-TC\s13207_T012\s13207_T012.v,Verilog,3362,TrustHub
TRIT-TC,TRIT-TC,s13207_T013.v,TRIT-TC\TRIT-TC\s13207_T013\s13207_T013.v,Verilog,3367,TrustHub
TRIT-TC,TRIT-TC,s13207_T014.v,TRIT-TC\TRIT-TC\s13207_T014\s13207_T014.v,Verilog,3362,TrustHub
TRIT-TC,TRIT-TC,s13207_T015.v,TRIT-TC\TRIT-TC\s13207_T015\s13207_T015.v,Verilog,3362,TrustHub
TRIT-TC,TRIT-TC,s13207_T016.v,TRIT-TC\TRIT-TC\s13207_T016\s13207_T016.v,Verilog,3362,TrustHub
TRIT-TC,TRIT-TC,s13207_T017.v,TRIT-TC\TRIT-TC\s13207_T017\s13207_T017.v,Verilog,3363,TrustHub
TRIT-TC,TRIT-TC,s13207_T018.v,TRIT-TC\TRIT-TC\s13207_T018\s13207_T018.v,Verilog,3362,TrustHub
TRIT-TC,TRIT-TC,s13207_T019.v,TRIT-TC\TRIT-TC\s13207_T019\s13207_T019.v,Verilog,3361,TrustHub
TRIT-TC,TRIT-TC,s13207_T200.v,TRIT-TC\TRIT-TC\s13207_T200\s13207_T200.v,Verilog,3368,TrustHub
TRIT-TC,TRIT-TC,s13207_T201.v,TRIT-TC\TRIT-TC\s13207_T201\s13207_T201.v,Verilog,3372,TrustHub
TRIT-TC,TRIT-TC,s13207_T202.v,TRIT-TC\TRIT-TC\s13207_T202\s13207_T202.v,Verilog,3369,TrustHub
TRIT-TC,TRIT-TC,s13207_T203.v,TRIT-TC\TRIT-TC\s13207_T203\s13207_T203.v,Verilog,3368,TrustHub
TRIT-TC,TRIT-TC,s13207_T204.v,TRIT-TC\TRIT-TC\s13207_T204\s13207_T204.v,Verilog,3369,TrustHub
TRIT-TC,TRIT-TC,s13207_T205.v,TRIT-TC\TRIT-TC\s13207_T205\s13207_T205.v,Verilog,3373,TrustHub
TRIT-TC,TRIT-TC,s13207_T206.v,TRIT-TC\TRIT-TC\s13207_T206\s13207_T206.v,Verilog,3367,TrustHub
TRIT-TC,TRIT-TC,s13207_T207.v,TRIT-TC\TRIT-TC\s13207_T207\s13207_T207.v,Verilog,3373,TrustHub
TRIT-TC,TRIT-TC,s13207_T208.v,TRIT-TC\TRIT-TC\s13207_T208\s13207_T208.v,Verilog,3369,TrustHub
TRIT-TC,TRIT-TC,s13207_T209.v,TRIT-TC\TRIT-TC\s13207_T209\s13207_T209.v,Verilog,3372,TrustHub
TRIT-TC,TRIT-TC,s13207_T210.v,TRIT-TC\TRIT-TC\s13207_T210\s13207_T210.v,Verilog,3372,TrustHub
TRIT-TC,TRIT-TC,s13207_T211.v,TRIT-TC\TRIT-TC\s13207_T211\s13207_T211.v,Verilog,3369,TrustHub
TRIT-TC,TRIT-TC,s13207_T212.v,TRIT-TC\TRIT-TC\s13207_T212\s13207_T212.v,Verilog,3366,TrustHub
TRIT-TC,TRIT-TC,s13207_T213.v,TRIT-TC\TRIT-TC\s13207_T213\s13207_T213.v,Verilog,3367,TrustHub
TRIT-TC,TRIT-TC,s13207_T214.v,TRIT-TC\TRIT-TC\s13207_T214\s13207_T214.v,Verilog,3371,TrustHub
TRIT-TC,TRIT-TC,s13207_T215.v,TRIT-TC\TRIT-TC\s13207_T215\s13207_T215.v,Verilog,3369,TrustHub
TRIT-TC,TRIT-TC,s13207_T216.v,TRIT-TC\TRIT-TC\s13207_T216\s13207_T216.v,Verilog,3366,TrustHub
TRIT-TC,TRIT-TC,s13207_T217.v,TRIT-TC\TRIT-TC\s13207_T217\s13207_T217.v,Verilog,3367,TrustHub
TRIT-TC,TRIT-TC,s13207_T218.v,TRIT-TC\TRIT-TC\s13207_T218\s13207_T218.v,Verilog,3370,TrustHub
TRIT-TC,TRIT-TC,s13207_T219.v,TRIT-TC\TRIT-TC\s13207_T219\s13207_T219.v,Verilog,3369,TrustHub
TRIT-TC,TRIT-TC,s1423_T000.v,TRIT-TC\TRIT-TC\s1423_T000\s1423_T000.v,Verilog,628,TrustHub
TRIT-TC,TRIT-TC,s1423_T001.v,TRIT-TC\TRIT-TC\s1423_T001\s1423_T001.v,Verilog,630,TrustHub
TRIT-TC,TRIT-TC,s1423_T002.v,TRIT-TC\TRIT-TC\s1423_T002\s1423_T002.v,Verilog,632,TrustHub
TRIT-TC,TRIT-TC,s1423_T003.v,TRIT-TC\TRIT-TC\s1423_T003\s1423_T003.v,Verilog,630,TrustHub
TRIT-TC,TRIT-TC,s1423_T004.v,TRIT-TC\TRIT-TC\s1423_T004\s1423_T004.v,Verilog,628,TrustHub
TRIT-TC,TRIT-TC,s1423_T005.v,TRIT-TC\TRIT-TC\s1423_T005\s1423_T005.v,Verilog,628,TrustHub
TRIT-TC,TRIT-TC,s1423_T006.v,TRIT-TC\TRIT-TC\s1423_T006\s1423_T006.v,Verilog,629,TrustHub
TRIT-TC,TRIT-TC,s1423_T007.v,TRIT-TC\TRIT-TC\s1423_T007\s1423_T007.v,Verilog,632,TrustHub
TRIT-TC,TRIT-TC,s1423_T008.v,TRIT-TC\TRIT-TC\s1423_T008\s1423_T008.v,Verilog,630,TrustHub
TRIT-TC,TRIT-TC,s1423_T009.v,TRIT-TC\TRIT-TC\s1423_T009\s1423_T009.v,Verilog,627,TrustHub
TRIT-TC,TRIT-TC,s1423_T010.v,TRIT-TC\TRIT-TC\s1423_T010\s1423_T010.v,Verilog,627,TrustHub
TRIT-TC,TRIT-TC,s1423_T011.v,TRIT-TC\TRIT-TC\s1423_T011\s1423_T011.v,Verilog,629,TrustHub
TRIT-TC,TRIT-TC,s1423_T012.v,TRIT-TC\TRIT-TC\s1423_T012\s1423_T012.v,Verilog,630,TrustHub
TRIT-TC,TRIT-TC,s1423_T013.v,TRIT-TC\TRIT-TC\s1423_T013\s1423_T013.v,Verilog,627,TrustHub
TRIT-TC,TRIT-TC,s1423_T014.v,TRIT-TC\TRIT-TC\s1423_T014\s1423_T014.v,Verilog,628,TrustHub
TRIT-TC,TRIT-TC,s1423_T015.v,TRIT-TC\TRIT-TC\s1423_T015\s1423_T015.v,Verilog,630,TrustHub
TRIT-TC,TRIT-TC,s1423_T016.v,TRIT-TC\TRIT-TC\s1423_T016\s1423_T016.v,Verilog,629,TrustHub
TRIT-TC,TRIT-TC,s1423_T017.v,TRIT-TC\TRIT-TC\s1423_T017\s1423_T017.v,Verilog,631,TrustHub
TRIT-TC,TRIT-TC,s1423_T018.v,TRIT-TC\TRIT-TC\s1423_T018\s1423_T018.v,Verilog,630,TrustHub
TRIT-TC,TRIT-TC,s1423_T019.v,TRIT-TC\TRIT-TC\s1423_T019\s1423_T019.v,Verilog,628,TrustHub
TRIT-TC,TRIT-TC,s1423_T200.v,TRIT-TC\TRIT-TC\s1423_T200\s1423_T200.v,Verilog,633,TrustHub
TRIT-TC,TRIT-TC,s1423_T201.v,TRIT-TC\TRIT-TC\s1423_T201\s1423_T201.v,Verilog,638,TrustHub
TRIT-TC,TRIT-TC,s1423_T202.v,TRIT-TC\TRIT-TC\s1423_T202\s1423_T202.v,Verilog,635,TrustHub
TRIT-TC,TRIT-TC,s1423_T203.v,TRIT-TC\TRIT-TC\s1423_T203\s1423_T203.v,Verilog,633,TrustHub
TRIT-TC,TRIT-TC,s1423_T204.v,TRIT-TC\TRIT-TC\s1423_T204\s1423_T204.v,Verilog,639,TrustHub
TRIT-TC,TRIT-TC,s1423_T205.v,TRIT-TC\TRIT-TC\s1423_T205\s1423_T205.v,Verilog,634,TrustHub
TRIT-TC,TRIT-TC,s1423_T206.v,TRIT-TC\TRIT-TC\s1423_T206\s1423_T206.v,Verilog,638,TrustHub
TRIT-TC,TRIT-TC,s1423_T207.v,TRIT-TC\TRIT-TC\s1423_T207\s1423_T207.v,Verilog,636,TrustHub
TRIT-TC,TRIT-TC,s1423_T208.v,TRIT-TC\TRIT-TC\s1423_T208\s1423_T208.v,Verilog,637,TrustHub
TRIT-TC,TRIT-TC,s1423_T209.v,TRIT-TC\TRIT-TC\s1423_T209\s1423_T209.v,Verilog,632,TrustHub
TRIT-TC,TRIT-TC,s1423_T210.v,TRIT-TC\TRIT-TC\s1423_T210\s1423_T210.v,Verilog,632,TrustHub
TRIT-TC,TRIT-TC,s1423_T211.v,TRIT-TC\TRIT-TC\s1423_T211\s1423_T211.v,Verilog,632,TrustHub
TRIT-TC,TRIT-TC,s1423_T212.v,TRIT-TC\TRIT-TC\s1423_T212\s1423_T212.v,Verilog,634,TrustHub
TRIT-TC,TRIT-TC,s1423_T213.v,TRIT-TC\TRIT-TC\s1423_T213\s1423_T213.v,Verilog,635,TrustHub
TRIT-TC,TRIT-TC,s1423_T214.v,TRIT-TC\TRIT-TC\s1423_T214\s1423_T214.v,Verilog,637,TrustHub
TRIT-TC,TRIT-TC,s1423_T215.v,TRIT-TC\TRIT-TC\s1423_T215\s1423_T215.v,Verilog,635,TrustHub
TRIT-TC,TRIT-TC,s1423_T216.v,TRIT-TC\TRIT-TC\s1423_T216\s1423_T216.v,Verilog,635,TrustHub
TRIT-TC,TRIT-TC,s1423_T217.v,TRIT-TC\TRIT-TC\s1423_T217\s1423_T217.v,Verilog,635,TrustHub
TRIT-TC,TRIT-TC,s1423_T218.v,TRIT-TC\TRIT-TC\s1423_T218\s1423_T218.v,Verilog,636,TrustHub
TRIT-TC,TRIT-TC,s1423_T219.v,TRIT-TC\TRIT-TC\s1423_T219\s1423_T219.v,Verilog,633,TrustHub
TRIT-TC,TRIT-TC,s15850_T000.v,TRIT-TC\TRIT-TC\s15850_T000\s15850_T000.v,Verilog,3901,TrustHub
TRIT-TC,TRIT-TC,s15850_T001.v,TRIT-TC\TRIT-TC\s15850_T001\s15850_T001.v,Verilog,3901,TrustHub
TRIT-TC,TRIT-TC,s15850_T002.v,TRIT-TC\TRIT-TC\s15850_T002\s15850_T002.v,Verilog,3902,TrustHub
TRIT-TC,TRIT-TC,s15850_T003.v,TRIT-TC\TRIT-TC\s15850_T003\s15850_T003.v,Verilog,3902,TrustHub
TRIT-TC,TRIT-TC,s15850_T004.v,TRIT-TC\TRIT-TC\s15850_T004\s15850_T004.v,Verilog,3901,TrustHub
TRIT-TC,TRIT-TC,s15850_T005.v,TRIT-TC\TRIT-TC\s15850_T005\s15850_T005.v,Verilog,3901,TrustHub
TRIT-TC,TRIT-TC,s15850_T006.v,TRIT-TC\TRIT-TC\s15850_T006\s15850_T006.v,Verilog,3902,TrustHub
TRIT-TC,TRIT-TC,s15850_T007.v,TRIT-TC\TRIT-TC\s15850_T007\s15850_T007.v,Verilog,3900,TrustHub
TRIT-TC,TRIT-TC,s15850_T008.v,TRIT-TC\TRIT-TC\s15850_T008\s15850_T008.v,Verilog,3901,TrustHub
TRIT-TC,TRIT-TC,s15850_T009.v,TRIT-TC\TRIT-TC\s15850_T009\s15850_T009.v,Verilog,3903,TrustHub
TRIT-TC,TRIT-TC,s15850_T010.v,TRIT-TC\TRIT-TC\s15850_T010\s15850_T010.v,Verilog,3902,TrustHub
TRIT-TC,TRIT-TC,s15850_T011.v,TRIT-TC\TRIT-TC\s15850_T011\s15850_T011.v,Verilog,3899,TrustHub
TRIT-TC,TRIT-TC,s15850_T012.v,TRIT-TC\TRIT-TC\s15850_T012\s15850_T012.v,Verilog,3903,TrustHub
TRIT-TC,TRIT-TC,s15850_T013.v,TRIT-TC\TRIT-TC\s15850_T013\s15850_T013.v,Verilog,3903,TrustHub
TRIT-TC,TRIT-TC,s15850_T014.v,TRIT-TC\TRIT-TC\s15850_T014\s15850_T014.v,Verilog,3899,TrustHub
TRIT-TC,TRIT-TC,s15850_T015.v,TRIT-TC\TRIT-TC\s15850_T015\s15850_T015.v,Verilog,3905,TrustHub
TRIT-TC,TRIT-TC,s15850_T016.v,TRIT-TC\TRIT-TC\s15850_T016\s15850_T016.v,Verilog,3903,TrustHub
TRIT-TC,TRIT-TC,s15850_T017.v,TRIT-TC\TRIT-TC\s15850_T017\s15850_T017.v,Verilog,3903,TrustHub
TRIT-TC,TRIT-TC,s15850_T018.v,TRIT-TC\TRIT-TC\s15850_T018\s15850_T018.v,Verilog,3906,TrustHub
TRIT-TC,TRIT-TC,s15850_T019.v,TRIT-TC\TRIT-TC\s15850_T019\s15850_T019.v,Verilog,3900,TrustHub
TRIT-TC,TRIT-TC,s15850_T200.v,TRIT-TC\TRIT-TC\s15850_T200\s15850_T200.v,Verilog,3910,TrustHub
TRIT-TC,TRIT-TC,s15850_T201.v,TRIT-TC\TRIT-TC\s15850_T201\s15850_T201.v,Verilog,3907,TrustHub
TRIT-TC,TRIT-TC,s15850_T202.v,TRIT-TC\TRIT-TC\s15850_T202\s15850_T202.v,Verilog,3909,TrustHub
TRIT-TC,TRIT-TC,s15850_T203.v,TRIT-TC\TRIT-TC\s15850_T203\s15850_T203.v,Verilog,3911,TrustHub
TRIT-TC,TRIT-TC,s15850_T204.v,TRIT-TC\TRIT-TC\s15850_T204\s15850_T204.v,Verilog,3909,TrustHub
TRIT-TC,TRIT-TC,s15850_T205.v,TRIT-TC\TRIT-TC\s15850_T205\s15850_T205.v,Verilog,3911,TrustHub
TRIT-TC,TRIT-TC,s15850_T206.v,TRIT-TC\TRIT-TC\s15850_T206\s15850_T206.v,Verilog,3913,TrustHub
TRIT-TC,TRIT-TC,s15850_T207.v,TRIT-TC\TRIT-TC\s15850_T207\s15850_T207.v,Verilog,3910,TrustHub
TRIT-TC,TRIT-TC,s15850_T208.v,TRIT-TC\TRIT-TC\s15850_T208\s15850_T208.v,Verilog,3907,TrustHub
TRIT-TC,TRIT-TC,s15850_T209.v,TRIT-TC\TRIT-TC\s15850_T209\s15850_T209.v,Verilog,3906,TrustHub
TRIT-TC,TRIT-TC,s15850_T210.v,TRIT-TC\TRIT-TC\s15850_T210\s15850_T210.v,Verilog,3904,TrustHub
TRIT-TC,TRIT-TC,s15850_T211.v,TRIT-TC\TRIT-TC\s15850_T211\s15850_T211.v,Verilog,3908,TrustHub
TRIT-TC,TRIT-TC,s15850_T212.v,TRIT-TC\TRIT-TC\s15850_T212\s15850_T212.v,Verilog,3907,TrustHub
TRIT-TC,TRIT-TC,s15850_T213.v,TRIT-TC\TRIT-TC\s15850_T213\s15850_T213.v,Verilog,3910,TrustHub
TRIT-TC,TRIT-TC,s15850_T214.v,TRIT-TC\TRIT-TC\s15850_T214\s15850_T214.v,Verilog,3910,TrustHub
TRIT-TC,TRIT-TC,s15850_T215.v,TRIT-TC\TRIT-TC\s15850_T215\s15850_T215.v,Verilog,3911,TrustHub
TRIT-TC,TRIT-TC,s15850_T216.v,TRIT-TC\TRIT-TC\s15850_T216\s15850_T216.v,Verilog,3908,TrustHub
TRIT-TC,TRIT-TC,s15850_T217.v,TRIT-TC\TRIT-TC\s15850_T217\s15850_T217.v,Verilog,3909,TrustHub
TRIT-TC,TRIT-TC,s15850_T218.v,TRIT-TC\TRIT-TC\s15850_T218\s15850_T218.v,Verilog,3909,TrustHub
TRIT-TC,TRIT-TC,s15850_T219.v,TRIT-TC\TRIT-TC\s15850_T219\s15850_T219.v,Verilog,3910,TrustHub
TRIT-TC,TRIT-TC,s35932_T000.v,TRIT-TC\TRIT-TC\s35932_T000\s35932_T000.v,Verilog,9165,TrustHub
TRIT-TC,TRIT-TC,s35932_T001.v,TRIT-TC\TRIT-TC\s35932_T001\s35932_T001.v,Verilog,9166,TrustHub
TRIT-TC,TRIT-TC,s35932_T002.v,TRIT-TC\TRIT-TC\s35932_T002\s35932_T002.v,Verilog,9165,TrustHub
TRIT-TC,TRIT-TC,s35932_T003.v,TRIT-TC\TRIT-TC\s35932_T003\s35932_T003.v,Verilog,9166,TrustHub
TRIT-TC,TRIT-TC,s35932_T004.v,TRIT-TC\TRIT-TC\s35932_T004\s35932_T004.v,Verilog,9167,TrustHub
TRIT-TC,TRIT-TC,s35932_T005.v,TRIT-TC\TRIT-TC\s35932_T005\s35932_T005.v,Verilog,9166,TrustHub
TRIT-TC,TRIT-TC,s35932_T006.v,TRIT-TC\TRIT-TC\s35932_T006\s35932_T006.v,Verilog,9166,TrustHub
TRIT-TC,TRIT-TC,s35932_T007.v,TRIT-TC\TRIT-TC\s35932_T007\s35932_T007.v,Verilog,9165,TrustHub
TRIT-TC,TRIT-TC,s35932_T008.v,TRIT-TC\TRIT-TC\s35932_T008\s35932_T008.v,Verilog,9168,TrustHub
TRIT-TC,TRIT-TC,s35932_T009.v,TRIT-TC\TRIT-TC\s35932_T009\s35932_T009.v,Verilog,9167,TrustHub
TRIT-TC,TRIT-TC,s35932_T010.v,TRIT-TC\TRIT-TC\s35932_T010\s35932_T010.v,Verilog,9163,TrustHub
TRIT-TC,TRIT-TC,s35932_T011.v,TRIT-TC\TRIT-TC\s35932_T011\s35932_T011.v,Verilog,9165,TrustHub
TRIT-TC,TRIT-TC,s35932_T012.v,TRIT-TC\TRIT-TC\s35932_T012\s35932_T012.v,Verilog,9167,TrustHub
TRIT-TC,TRIT-TC,s35932_T013.v,TRIT-TC\TRIT-TC\s35932_T013\s35932_T013.v,Verilog,9165,TrustHub
TRIT-TC,TRIT-TC,s35932_T014.v,TRIT-TC\TRIT-TC\s35932_T014\s35932_T014.v,Verilog,9164,TrustHub
TRIT-TC,TRIT-TC,s35932_T015.v,TRIT-TC\TRIT-TC\s35932_T015\s35932_T015.v,Verilog,9167,TrustHub
TRIT-TC,TRIT-TC,s35932_T016.v,TRIT-TC\TRIT-TC\s35932_T016\s35932_T016.v,Verilog,9165,TrustHub
TRIT-TC,TRIT-TC,s35932_T017.v,TRIT-TC\TRIT-TC\s35932_T017\s35932_T017.v,Verilog,9168,TrustHub
TRIT-TC,TRIT-TC,s35932_T018.v,TRIT-TC\TRIT-TC\s35932_T018\s35932_T018.v,Verilog,9168,TrustHub
TRIT-TC,TRIT-TC,s35932_T019.v,TRIT-TC\TRIT-TC\s35932_T019\s35932_T019.v,Verilog,9166,TrustHub
TRIT-TC,TRIT-TC,s35932_T200.v,TRIT-TC\TRIT-TC\s35932_T200\s35932_T200.v,Verilog,9173,TrustHub
TRIT-TC,TRIT-TC,s35932_T201.v,TRIT-TC\TRIT-TC\s35932_T201\s35932_T201.v,Verilog,9169,TrustHub
TRIT-TC,TRIT-TC,s35932_T202.v,TRIT-TC\TRIT-TC\s35932_T202\s35932_T202.v,Verilog,9171,TrustHub
TRIT-TC,TRIT-TC,s35932_T203.v,TRIT-TC\TRIT-TC\s35932_T203\s35932_T203.v,Verilog,9171,TrustHub
TRIT-TC,TRIT-TC,s35932_T204.v,TRIT-TC\TRIT-TC\s35932_T204\s35932_T204.v,Verilog,9169,TrustHub
TRIT-TC,TRIT-TC,s35932_T205.v,TRIT-TC\TRIT-TC\s35932_T205\s35932_T205.v,Verilog,9175,TrustHub
TRIT-TC,TRIT-TC,s35932_T206.v,TRIT-TC\TRIT-TC\s35932_T206\s35932_T206.v,Verilog,9172,TrustHub
TRIT-TC,TRIT-TC,s35932_T207.v,TRIT-TC\TRIT-TC\s35932_T207\s35932_T207.v,Verilog,9169,TrustHub
TRIT-TC,TRIT-TC,s35932_T208.v,TRIT-TC\TRIT-TC\s35932_T208\s35932_T208.v,Verilog,9172,TrustHub
TRIT-TC,TRIT-TC,s35932_T209.v,TRIT-TC\TRIT-TC\s35932_T209\s35932_T209.v,Verilog,9171,TrustHub
TRIT-TC,TRIT-TC,s35932_T210.v,TRIT-TC\TRIT-TC\s35932_T210\s35932_T210.v,Verilog,9173,TrustHub
TRIT-TC,TRIT-TC,s35932_T211.v,TRIT-TC\TRIT-TC\s35932_T211\s35932_T211.v,Verilog,9173,TrustHub
TRIT-TC,TRIT-TC,s35932_T212.v,TRIT-TC\TRIT-TC\s35932_T212\s35932_T212.v,Verilog,9173,TrustHub
TRIT-TC,TRIT-TC,s35932_T213.v,TRIT-TC\TRIT-TC\s35932_T213\s35932_T213.v,Verilog,9170,TrustHub
TRIT-TC,TRIT-TC,s35932_T214.v,TRIT-TC\TRIT-TC\s35932_T214\s35932_T214.v,Verilog,9174,TrustHub
TRIT-TC,TRIT-TC,s35932_T215.v,TRIT-TC\TRIT-TC\s35932_T215\s35932_T215.v,Verilog,9170,TrustHub
TRIT-TC,TRIT-TC,s35932_T216.v,TRIT-TC\TRIT-TC\s35932_T216\s35932_T216.v,Verilog,9173,TrustHub
TRIT-TC,TRIT-TC,s35932_T217.v,TRIT-TC\TRIT-TC\s35932_T217\s35932_T217.v,Verilog,9170,TrustHub
TRIT-TC,TRIT-TC,s35932_T218.v,TRIT-TC\TRIT-TC\s35932_T218\s35932_T218.v,Verilog,9178,TrustHub
TRIT-TC,TRIT-TC,s35932_T219.v,TRIT-TC\TRIT-TC\s35932_T219\s35932_T219.v,Verilog,9170,TrustHub
TRIT-TS,TRIT-TS,s13207scan.v,TRIT-TS\TRIT-TS\original_designs\s13207scan.v,Verilog,3352,TrustHub
TRIT-TS,TRIT-TS,s1423scan.v,TRIT-TS\TRIT-TS\original_designs\s1423scan.v,Verilog,619,TrustHub
TRIT-TS,TRIT-TS,s15850scan.v,TRIT-TS\TRIT-TS\original_designs\s15850scan.v,Verilog,3891,TrustHub
TRIT-TS,TRIT-TS,s35932scan.v,TRIT-TS\TRIT-TS\original_designs\s35932scan.v,Verilog,9155,TrustHub
TRIT-TS,TRIT-TS,s13207_T400.v,TRIT-TS\TRIT-TS\s13207_T400\s13207_T400.v,Verilog,3374,TrustHub
TRIT-TS,TRIT-TS,s13207_T401.v,TRIT-TS\TRIT-TS\s13207_T401\s13207_T401.v,Verilog,3399,TrustHub
TRIT-TS,TRIT-TS,s13207_T402.v,TRIT-TS\TRIT-TS\s13207_T402\s13207_T402.v,Verilog,3463,TrustHub
TRIT-TS,TRIT-TS,s13207_T403.v,TRIT-TS\TRIT-TS\s13207_T403\s13207_T403.v,Verilog,3390,TrustHub
TRIT-TS,TRIT-TS,s13207_T404.v,TRIT-TS\TRIT-TS\s13207_T404\s13207_T404.v,Verilog,3376,TrustHub
TRIT-TS,TRIT-TS,s13207_T405.v,TRIT-TS\TRIT-TS\s13207_T405\s13207_T405.v,Verilog,3379,TrustHub
TRIT-TS,TRIT-TS,s13207_T406.v,TRIT-TS\TRIT-TS\s13207_T406\s13207_T406.v,Verilog,3478,TrustHub
TRIT-TS,TRIT-TS,s13207_T407.v,TRIT-TS\TRIT-TS\s13207_T407\s13207_T407.v,Verilog,3375,TrustHub
TRIT-TS,TRIT-TS,s13207_T408.v,TRIT-TS\TRIT-TS\s13207_T408\s13207_T408.v,Verilog,3390,TrustHub
TRIT-TS,TRIT-TS,s13207_T409.v,TRIT-TS\TRIT-TS\s13207_T409\s13207_T409.v,Verilog,3452,TrustHub
TRIT-TS,TRIT-TS,s13207_T410.v,TRIT-TS\TRIT-TS\s13207_T410\s13207_T410.v,Verilog,3378,TrustHub
TRIT-TS,TRIT-TS,s13207_T411.v,TRIT-TS\TRIT-TS\s13207_T411\s13207_T411.v,Verilog,3375,TrustHub
TRIT-TS,TRIT-TS,s13207_T412.v,TRIT-TS\TRIT-TS\s13207_T412\s13207_T412.v,Verilog,3378,TrustHub
TRIT-TS,TRIT-TS,s13207_T413.v,TRIT-TS\TRIT-TS\s13207_T413\s13207_T413.v,Verilog,3380,TrustHub
TRIT-TS,TRIT-TS,s13207_T414.v,TRIT-TS\TRIT-TS\s13207_T414\s13207_T414.v,Verilog,3375,TrustHub
TRIT-TS,TRIT-TS,s13207_T415.v,TRIT-TS\TRIT-TS\s13207_T415\s13207_T415.v,Verilog,3443,TrustHub
TRIT-TS,TRIT-TS,s13207_T416.v,TRIT-TS\TRIT-TS\s13207_T416\s13207_T416.v,Verilog,3449,TrustHub
TRIT-TS,TRIT-TS,s13207_T417.v,TRIT-TS\TRIT-TS\s13207_T417\s13207_T417.v,Verilog,3381,TrustHub
TRIT-TS,TRIT-TS,s13207_T418.v,TRIT-TS\TRIT-TS\s13207_T418\s13207_T418.v,Verilog,3375,TrustHub
TRIT-TS,TRIT-TS,s13207_T419.v,TRIT-TS\TRIT-TS\s13207_T419\s13207_T419.v,Verilog,3363,TrustHub
TRIT-TS,TRIT-TS,s13207_T420.v,TRIT-TS\TRIT-TS\s13207_T420\s13207_T420.v,Verilog,3367,TrustHub
TRIT-TS,TRIT-TS,s13207_T421.v,TRIT-TS\TRIT-TS\s13207_T421\s13207_T421.v,Verilog,3378,TrustHub
TRIT-TS,TRIT-TS,s13207_T422.v,TRIT-TS\TRIT-TS\s13207_T422\s13207_T422.v,Verilog,3438,TrustHub
TRIT-TS,TRIT-TS,s13207_T423.v,TRIT-TS\TRIT-TS\s13207_T423\s13207_T423.v,Verilog,3394,TrustHub
TRIT-TS,TRIT-TS,s13207_T424.v,TRIT-TS\TRIT-TS\s13207_T424\s13207_T424.v,Verilog,3377,TrustHub
TRIT-TS,TRIT-TS,s13207_T425.v,TRIT-TS\TRIT-TS\s13207_T425\s13207_T425.v,Verilog,3397,TrustHub
TRIT-TS,TRIT-TS,s13207_T426.v,TRIT-TS\TRIT-TS\s13207_T426\s13207_T426.v,Verilog,3378,TrustHub
TRIT-TS,TRIT-TS,s13207_T427.v,TRIT-TS\TRIT-TS\s13207_T427\s13207_T427.v,Verilog,3380,TrustHub
TRIT-TS,TRIT-TS,s13207_T428.v,TRIT-TS\TRIT-TS\s13207_T428\s13207_T428.v,Verilog,3377,TrustHub
TRIT-TS,TRIT-TS,s13207_T429.v,TRIT-TS\TRIT-TS\s13207_T429\s13207_T429.v,Verilog,3393,TrustHub
TRIT-TS,TRIT-TS,s13207_T430.v,TRIT-TS\TRIT-TS\s13207_T430\s13207_T430.v,Verilog,3381,TrustHub
TRIT-TS,TRIT-TS,s13207_T431.v,TRIT-TS\TRIT-TS\s13207_T431\s13207_T431.v,Verilog,3375,TrustHub
TRIT-TS,TRIT-TS,s13207_T432.v,TRIT-TS\TRIT-TS\s13207_T432\s13207_T432.v,Verilog,3481,TrustHub
TRIT-TS,TRIT-TS,s13207_T433.v,TRIT-TS\TRIT-TS\s13207_T433\s13207_T433.v,Verilog,3369,TrustHub
TRIT-TS,TRIT-TS,s13207_T434.v,TRIT-TS\TRIT-TS\s13207_T434\s13207_T434.v,Verilog,3491,TrustHub
TRIT-TS,TRIT-TS,s13207_T435.v,TRIT-TS\TRIT-TS\s13207_T435\s13207_T435.v,Verilog,3370,TrustHub
TRIT-TS,TRIT-TS,s13207_T436.v,TRIT-TS\TRIT-TS\s13207_T436\s13207_T436.v,Verilog,3448,TrustHub
TRIT-TS,TRIT-TS,s13207_T437.v,TRIT-TS\TRIT-TS\s13207_T437\s13207_T437.v,Verilog,3388,TrustHub
TRIT-TS,TRIT-TS,s13207_T438.v,TRIT-TS\TRIT-TS\s13207_T438\s13207_T438.v,Verilog,3389,TrustHub
TRIT-TS,TRIT-TS,s13207_T439.v,TRIT-TS\TRIT-TS\s13207_T439\s13207_T439.v,Verilog,3392,TrustHub
TRIT-TS,TRIT-TS,s13207_T440.v,TRIT-TS\TRIT-TS\s13207_T440\s13207_T440.v,Verilog,3377,TrustHub
TRIT-TS,TRIT-TS,s13207_T441.v,TRIT-TS\TRIT-TS\s13207_T441\s13207_T441.v,Verilog,3411,TrustHub
TRIT-TS,TRIT-TS,s13207_T442.v,TRIT-TS\TRIT-TS\s13207_T442\s13207_T442.v,Verilog,3477,TrustHub
TRIT-TS,TRIT-TS,s13207_T443.v,TRIT-TS\TRIT-TS\s13207_T443\s13207_T443.v,Verilog,3379,TrustHub
TRIT-TS,TRIT-TS,s13207_T444.v,TRIT-TS\TRIT-TS\s13207_T444\s13207_T444.v,Verilog,3373,TrustHub
TRIT-TS,TRIT-TS,s13207_T445.v,TRIT-TS\TRIT-TS\s13207_T445\s13207_T445.v,Verilog,3378,TrustHub
TRIT-TS,TRIT-TS,s13207_T446.v,TRIT-TS\TRIT-TS\s13207_T446\s13207_T446.v,Verilog,3396,TrustHub
TRIT-TS,TRIT-TS,s13207_T447.v,TRIT-TS\TRIT-TS\s13207_T447\s13207_T447.v,Verilog,3374,TrustHub
TRIT-TS,TRIT-TS,s13207_T448.v,TRIT-TS\TRIT-TS\s13207_T448\s13207_T448.v,Verilog,3381,TrustHub
TRIT-TS,TRIT-TS,s13207_T449.v,TRIT-TS\TRIT-TS\s13207_T449\s13207_T449.v,Verilog,3374,TrustHub
TRIT-TS,TRIT-TS,s13207_T450.v,TRIT-TS\TRIT-TS\s13207_T450\s13207_T450.v,Verilog,3456,TrustHub
TRIT-TS,TRIT-TS,s13207_T451.v,TRIT-TS\TRIT-TS\s13207_T451\s13207_T451.v,Verilog,3445,TrustHub
TRIT-TS,TRIT-TS,s13207_T452.v,TRIT-TS\TRIT-TS\s13207_T452\s13207_T452.v,Verilog,3374,TrustHub
TRIT-TS,TRIT-TS,s13207_T453.v,TRIT-TS\TRIT-TS\s13207_T453\s13207_T453.v,Verilog,3375,TrustHub
TRIT-TS,TRIT-TS,s13207_T454.v,TRIT-TS\TRIT-TS\s13207_T454\s13207_T454.v,Verilog,3368,TrustHub
TRIT-TS,TRIT-TS,s13207_T455.v,TRIT-TS\TRIT-TS\s13207_T455\s13207_T455.v,Verilog,3375,TrustHub
TRIT-TS,TRIT-TS,s13207_T456.v,TRIT-TS\TRIT-TS\s13207_T456\s13207_T456.v,Verilog,3365,TrustHub
TRIT-TS,TRIT-TS,s13207_T457.v,TRIT-TS\TRIT-TS\s13207_T457\s13207_T457.v,Verilog,3455,TrustHub
TRIT-TS,TRIT-TS,s13207_T458.v,TRIT-TS\TRIT-TS\s13207_T458\s13207_T458.v,Verilog,3382,TrustHub
TRIT-TS,TRIT-TS,s13207_T459.v,TRIT-TS\TRIT-TS\s13207_T459\s13207_T459.v,Verilog,3367,TrustHub
TRIT-TS,TRIT-TS,s13207_T460.v,TRIT-TS\TRIT-TS\s13207_T460\s13207_T460.v,Verilog,3380,TrustHub
TRIT-TS,TRIT-TS,s13207_T461.v,TRIT-TS\TRIT-TS\s13207_T461\s13207_T461.v,Verilog,3377,TrustHub
TRIT-TS,TRIT-TS,s13207_T462.v,TRIT-TS\TRIT-TS\s13207_T462\s13207_T462.v,Verilog,3417,TrustHub
TRIT-TS,TRIT-TS,s13207_T463.v,TRIT-TS\TRIT-TS\s13207_T463\s13207_T463.v,Verilog,3374,TrustHub
TRIT-TS,TRIT-TS,s13207_T464.v,TRIT-TS\TRIT-TS\s13207_T464\s13207_T464.v,Verilog,3394,TrustHub
TRIT-TS,TRIT-TS,s13207_T465.v,TRIT-TS\TRIT-TS\s13207_T465\s13207_T465.v,Verilog,3386,TrustHub
TRIT-TS,TRIT-TS,s13207_T466.v,TRIT-TS\TRIT-TS\s13207_T466\s13207_T466.v,Verilog,3378,TrustHub
TRIT-TS,TRIT-TS,s13207_T467.v,TRIT-TS\TRIT-TS\s13207_T467\s13207_T467.v,Verilog,3385,TrustHub
TRIT-TS,TRIT-TS,s13207_T468.v,TRIT-TS\TRIT-TS\s13207_T468\s13207_T468.v,Verilog,3379,TrustHub
TRIT-TS,TRIT-TS,s13207_T469.v,TRIT-TS\TRIT-TS\s13207_T469\s13207_T469.v,Verilog,3388,TrustHub
TRIT-TS,TRIT-TS,s13207_T470.v,TRIT-TS\TRIT-TS\s13207_T470\s13207_T470.v,Verilog,3372,TrustHub
TRIT-TS,TRIT-TS,s13207_T471.v,TRIT-TS\TRIT-TS\s13207_T471\s13207_T471.v,Verilog,3378,TrustHub
TRIT-TS,TRIT-TS,s13207_T472.v,TRIT-TS\TRIT-TS\s13207_T472\s13207_T472.v,Verilog,3376,TrustHub
TRIT-TS,TRIT-TS,s13207_T473.v,TRIT-TS\TRIT-TS\s13207_T473\s13207_T473.v,Verilog,3368,TrustHub
TRIT-TS,TRIT-TS,s13207_T474.v,TRIT-TS\TRIT-TS\s13207_T474\s13207_T474.v,Verilog,3377,TrustHub
TRIT-TS,TRIT-TS,s13207_T475.v,TRIT-TS\TRIT-TS\s13207_T475\s13207_T475.v,Verilog,3475,TrustHub
TRIT-TS,TRIT-TS,s13207_T476.v,TRIT-TS\TRIT-TS\s13207_T476\s13207_T476.v,Verilog,3369,TrustHub
TRIT-TS,TRIT-TS,s13207_T477.v,TRIT-TS\TRIT-TS\s13207_T477\s13207_T477.v,Verilog,3392,TrustHub
TRIT-TS,TRIT-TS,s13207_T478.v,TRIT-TS\TRIT-TS\s13207_T478\s13207_T478.v,Verilog,3379,TrustHub
TRIT-TS,TRIT-TS,s13207_T479.v,TRIT-TS\TRIT-TS\s13207_T479\s13207_T479.v,Verilog,3390,TrustHub
TRIT-TS,TRIT-TS,s13207_T480.v,TRIT-TS\TRIT-TS\s13207_T480\s13207_T480.v,Verilog,3456,TrustHub
TRIT-TS,TRIT-TS,s13207_T481.v,TRIT-TS\TRIT-TS\s13207_T481\s13207_T481.v,Verilog,3377,TrustHub
TRIT-TS,TRIT-TS,s13207_T482.v,TRIT-TS\TRIT-TS\s13207_T482\s13207_T482.v,Verilog,3380,TrustHub
TRIT-TS,TRIT-TS,s13207_T483.v,TRIT-TS\TRIT-TS\s13207_T483\s13207_T483.v,Verilog,3386,TrustHub
TRIT-TS,TRIT-TS,s13207_T484.v,TRIT-TS\TRIT-TS\s13207_T484\s13207_T484.v,Verilog,3368,TrustHub
TRIT-TS,TRIT-TS,s13207_T485.v,TRIT-TS\TRIT-TS\s13207_T485\s13207_T485.v,Verilog,3377,TrustHub
TRIT-TS,TRIT-TS,s13207_T486.v,TRIT-TS\TRIT-TS\s13207_T486\s13207_T486.v,Verilog,3380,TrustHub
TRIT-TS,TRIT-TS,s13207_T487.v,TRIT-TS\TRIT-TS\s13207_T487\s13207_T487.v,Verilog,3374,TrustHub
TRIT-TS,TRIT-TS,s13207_T488.v,TRIT-TS\TRIT-TS\s13207_T488\s13207_T488.v,Verilog,3367,TrustHub
TRIT-TS,TRIT-TS,s13207_T489.v,TRIT-TS\TRIT-TS\s13207_T489\s13207_T489.v,Verilog,3377,TrustHub
TRIT-TS,TRIT-TS,s13207_T600.v,TRIT-TS\TRIT-TS\s13207_T600\s13207_T600.v,Verilog,3414,TrustHub
TRIT-TS,TRIT-TS,s13207_T601.v,TRIT-TS\TRIT-TS\s13207_T601\s13207_T601.v,Verilog,3385,TrustHub
TRIT-TS,TRIT-TS,s13207_T602.v,TRIT-TS\TRIT-TS\s13207_T602\s13207_T602.v,Verilog,3383,TrustHub
TRIT-TS,TRIT-TS,s13207_T603.v,TRIT-TS\TRIT-TS\s13207_T603\s13207_T603.v,Verilog,3399,TrustHub
TRIT-TS,TRIT-TS,s13207_T604.v,TRIT-TS\TRIT-TS\s13207_T604\s13207_T604.v,Verilog,3379,TrustHub
TRIT-TS,TRIT-TS,s13207_T605.v,TRIT-TS\TRIT-TS\s13207_T605\s13207_T605.v,Verilog,3391,TrustHub
TRIT-TS,TRIT-TS,s13207_T606.v,TRIT-TS\TRIT-TS\s13207_T606\s13207_T606.v,Verilog,3384,TrustHub
TRIT-TS,TRIT-TS,s13207_T607.v,TRIT-TS\TRIT-TS\s13207_T607\s13207_T607.v,Verilog,3422,TrustHub
TRIT-TS,TRIT-TS,s13207_T608.v,TRIT-TS\TRIT-TS\s13207_T608\s13207_T608.v,Verilog,3384,TrustHub
TRIT-TS,TRIT-TS,s13207_T609.v,TRIT-TS\TRIT-TS\s13207_T609\s13207_T609.v,Verilog,3492,TrustHub
TRIT-TS,TRIT-TS,s13207_T610.v,TRIT-TS\TRIT-TS\s13207_T610\s13207_T610.v,Verilog,3383,TrustHub
TRIT-TS,TRIT-TS,s13207_T611.v,TRIT-TS\TRIT-TS\s13207_T611\s13207_T611.v,Verilog,3403,TrustHub
TRIT-TS,TRIT-TS,s13207_T612.v,TRIT-TS\TRIT-TS\s13207_T612\s13207_T612.v,Verilog,3375,TrustHub
TRIT-TS,TRIT-TS,s13207_T613.v,TRIT-TS\TRIT-TS\s13207_T613\s13207_T613.v,Verilog,3399,TrustHub
TRIT-TS,TRIT-TS,s13207_T614.v,TRIT-TS\TRIT-TS\s13207_T614\s13207_T614.v,Verilog,3388,TrustHub
TRIT-TS,TRIT-TS,s13207_T615.v,TRIT-TS\TRIT-TS\s13207_T615\s13207_T615.v,Verilog,3375,TrustHub
TRIT-TS,TRIT-TS,s13207_T616.v,TRIT-TS\TRIT-TS\s13207_T616\s13207_T616.v,Verilog,3382,TrustHub
TRIT-TS,TRIT-TS,s13207_T617.v,TRIT-TS\TRIT-TS\s13207_T617\s13207_T617.v,Verilog,3471,TrustHub
TRIT-TS,TRIT-TS,s13207_T618.v,TRIT-TS\TRIT-TS\s13207_T618\s13207_T618.v,Verilog,3424,TrustHub
TRIT-TS,TRIT-TS,s13207_T619.v,TRIT-TS\TRIT-TS\s13207_T619\s13207_T619.v,Verilog,3387,TrustHub
TRIT-TS,TRIT-TS,s1423_T400.v,TRIT-TS\TRIT-TS\s1423_T400\s1423_T400.v,Verilog,728,TrustHub
TRIT-TS,TRIT-TS,s1423_T401.v,TRIT-TS\TRIT-TS\s1423_T401\s1423_T401.v,Verilog,657,TrustHub
TRIT-TS,TRIT-TS,s1423_T402.v,TRIT-TS\TRIT-TS\s1423_T402\s1423_T402.v,Verilog,641,TrustHub
TRIT-TS,TRIT-TS,s1423_T403.v,TRIT-TS\TRIT-TS\s1423_T403\s1423_T403.v,Verilog,650,TrustHub
TRIT-TS,TRIT-TS,s1423_T404.v,TRIT-TS\TRIT-TS\s1423_T404\s1423_T404.v,Verilog,641,TrustHub
TRIT-TS,TRIT-TS,s1423_T405.v,TRIT-TS\TRIT-TS\s1423_T405\s1423_T405.v,Verilog,730,TrustHub
TRIT-TS,TRIT-TS,s1423_T406.v,TRIT-TS\TRIT-TS\s1423_T406\s1423_T406.v,Verilog,658,TrustHub
TRIT-TS,TRIT-TS,s1423_T407.v,TRIT-TS\TRIT-TS\s1423_T407\s1423_T407.v,Verilog,640,TrustHub
TRIT-TS,TRIT-TS,s1423_T408.v,TRIT-TS\TRIT-TS\s1423_T408\s1423_T408.v,Verilog,680,TrustHub
TRIT-TS,TRIT-TS,s1423_T409.v,TRIT-TS\TRIT-TS\s1423_T409\s1423_T409.v,Verilog,629,TrustHub
TRIT-TS,TRIT-TS,s1423_T410.v,TRIT-TS\TRIT-TS\s1423_T410\s1423_T410.v,Verilog,740,TrustHub
TRIT-TS,TRIT-TS,s1423_T411.v,TRIT-TS\TRIT-TS\s1423_T411\s1423_T411.v,Verilog,643,TrustHub
TRIT-TS,TRIT-TS,s1423_T412.v,TRIT-TS\TRIT-TS\s1423_T412\s1423_T412.v,Verilog,665,TrustHub
TRIT-TS,TRIT-TS,s1423_T413.v,TRIT-TS\TRIT-TS\s1423_T413\s1423_T413.v,Verilog,641,TrustHub
TRIT-TS,TRIT-TS,s1423_T414.v,TRIT-TS\TRIT-TS\s1423_T414\s1423_T414.v,Verilog,645,TrustHub
TRIT-TS,TRIT-TS,s1423_T415.v,TRIT-TS\TRIT-TS\s1423_T415\s1423_T415.v,Verilog,644,TrustHub
TRIT-TS,TRIT-TS,s1423_T416.v,TRIT-TS\TRIT-TS\s1423_T416\s1423_T416.v,Verilog,670,TrustHub
TRIT-TS,TRIT-TS,s1423_T417.v,TRIT-TS\TRIT-TS\s1423_T417\s1423_T417.v,Verilog,642,TrustHub
TRIT-TS,TRIT-TS,s1423_T418.v,TRIT-TS\TRIT-TS\s1423_T418\s1423_T418.v,Verilog,689,TrustHub
TRIT-TS,TRIT-TS,s1423_T419.v,TRIT-TS\TRIT-TS\s1423_T419\s1423_T419.v,Verilog,645,TrustHub
TRIT-TS,TRIT-TS,s1423_T420.v,TRIT-TS\TRIT-TS\s1423_T420\s1423_T420.v,Verilog,644,TrustHub
TRIT-TS,TRIT-TS,s1423_T421.v,TRIT-TS\TRIT-TS\s1423_T421\s1423_T421.v,Verilog,647,TrustHub
TRIT-TS,TRIT-TS,s1423_T422.v,TRIT-TS\TRIT-TS\s1423_T422\s1423_T422.v,Verilog,643,TrustHub
TRIT-TS,TRIT-TS,s1423_T423.v,TRIT-TS\TRIT-TS\s1423_T423\s1423_T423.v,Verilog,643,TrustHub
TRIT-TS,TRIT-TS,s1423_T424.v,TRIT-TS\TRIT-TS\s1423_T424\s1423_T424.v,Verilog,644,TrustHub
TRIT-TS,TRIT-TS,s1423_T425.v,TRIT-TS\TRIT-TS\s1423_T425\s1423_T425.v,Verilog,641,TrustHub
TRIT-TS,TRIT-TS,s1423_T426.v,TRIT-TS\TRIT-TS\s1423_T426\s1423_T426.v,Verilog,643,TrustHub
TRIT-TS,TRIT-TS,s1423_T427.v,TRIT-TS\TRIT-TS\s1423_T427\s1423_T427.v,Verilog,688,TrustHub
TRIT-TS,TRIT-TS,s1423_T428.v,TRIT-TS\TRIT-TS\s1423_T428\s1423_T428.v,Verilog,690,TrustHub
TRIT-TS,TRIT-TS,s1423_T429.v,TRIT-TS\TRIT-TS\s1423_T429\s1423_T429.v,Verilog,712,TrustHub
TRIT-TS,TRIT-TS,s1423_T430.v,TRIT-TS\TRIT-TS\s1423_T430\s1423_T430.v,Verilog,704,TrustHub
TRIT-TS,TRIT-TS,s1423_T600.v,TRIT-TS\TRIT-TS\s1423_T600\s1423_T600.v,Verilog,636,TrustHub
TRIT-TS,TRIT-TS,s1423_T601.v,TRIT-TS\TRIT-TS\s1423_T601\s1423_T601.v,Verilog,652,TrustHub
TRIT-TS,TRIT-TS,s1423_T602.v,TRIT-TS\TRIT-TS\s1423_T602\s1423_T602.v,Verilog,645,TrustHub
TRIT-TS,TRIT-TS,s1423_T603.v,TRIT-TS\TRIT-TS\s1423_T603\s1423_T603.v,Verilog,655,TrustHub
TRIT-TS,TRIT-TS,s1423_T604.v,TRIT-TS\TRIT-TS\s1423_T604\s1423_T604.v,Verilog,666,TrustHub
TRIT-TS,TRIT-TS,s1423_T605.v,TRIT-TS\TRIT-TS\s1423_T605\s1423_T605.v,Verilog,649,TrustHub
TRIT-TS,TRIT-TS,s1423_T606.v,TRIT-TS\TRIT-TS\s1423_T606\s1423_T606.v,Verilog,651,TrustHub
TRIT-TS,TRIT-TS,s1423_T607.v,TRIT-TS\TRIT-TS\s1423_T607\s1423_T607.v,Verilog,658,TrustHub
TRIT-TS,TRIT-TS,s1423_T608.v,TRIT-TS\TRIT-TS\s1423_T608\s1423_T608.v,Verilog,652,TrustHub
TRIT-TS,TRIT-TS,s1423_T609.v,TRIT-TS\TRIT-TS\s1423_T609\s1423_T609.v,Verilog,652,TrustHub
TRIT-TS,TRIT-TS,s1423_T610.v,TRIT-TS\TRIT-TS\s1423_T610\s1423_T610.v,Verilog,652,TrustHub
TRIT-TS,TRIT-TS,s1423_T611.v,TRIT-TS\TRIT-TS\s1423_T611\s1423_T611.v,Verilog,651,TrustHub
TRIT-TS,TRIT-TS,s1423_T612.v,TRIT-TS\TRIT-TS\s1423_T612\s1423_T612.v,Verilog,653,TrustHub
TRIT-TS,TRIT-TS,s1423_T613.v,TRIT-TS\TRIT-TS\s1423_T613\s1423_T613.v,Verilog,649,TrustHub
TRIT-TS,TRIT-TS,s1423_T614.v,TRIT-TS\TRIT-TS\s1423_T614\s1423_T614.v,Verilog,650,TrustHub
TRIT-TS,TRIT-TS,s1423_T615.v,TRIT-TS\TRIT-TS\s1423_T615\s1423_T615.v,Verilog,644,TrustHub
TRIT-TS,TRIT-TS,s1423_T616.v,TRIT-TS\TRIT-TS\s1423_T616\s1423_T616.v,Verilog,682,TrustHub
TRIT-TS,TRIT-TS,s1423_T617.v,TRIT-TS\TRIT-TS\s1423_T617\s1423_T617.v,Verilog,648,TrustHub
TRIT-TS,TRIT-TS,s1423_T618.v,TRIT-TS\TRIT-TS\s1423_T618\s1423_T618.v,Verilog,636,TrustHub
TRIT-TS,TRIT-TS,s1423_T619.v,TRIT-TS\TRIT-TS\s1423_T619\s1423_T619.v,Verilog,668,TrustHub
TRIT-TS,TRIT-TS,s15850_T400.v,TRIT-TS\TRIT-TS\s15850_T400\s15850_T400.v,Verilog,3935,TrustHub
TRIT-TS,TRIT-TS,s15850_T401.v,TRIT-TS\TRIT-TS\s15850_T401\s15850_T401.v,Verilog,3999,TrustHub
TRIT-TS,TRIT-TS,s15850_T402.v,TRIT-TS\TRIT-TS\s15850_T402\s15850_T402.v,Verilog,3966,TrustHub
TRIT-TS,TRIT-TS,s15850_T403.v,TRIT-TS\TRIT-TS\s15850_T403\s15850_T403.v,Verilog,3916,TrustHub
TRIT-TS,TRIT-TS,s15850_T404.v,TRIT-TS\TRIT-TS\s15850_T404\s15850_T404.v,Verilog,3918,TrustHub
TRIT-TS,TRIT-TS,s15850_T405.v,TRIT-TS\TRIT-TS\s15850_T405\s15850_T405.v,Verilog,3962,TrustHub
TRIT-TS,TRIT-TS,s15850_T406.v,TRIT-TS\TRIT-TS\s15850_T406\s15850_T406.v,Verilog,3944,TrustHub
TRIT-TS,TRIT-TS,s15850_T407.v,TRIT-TS\TRIT-TS\s15850_T407\s15850_T407.v,Verilog,4003,TrustHub
TRIT-TS,TRIT-TS,s15850_T408.v,TRIT-TS\TRIT-TS\s15850_T408\s15850_T408.v,Verilog,3927,TrustHub
TRIT-TS,TRIT-TS,s15850_T409.v,TRIT-TS\TRIT-TS\s15850_T409\s15850_T409.v,Verilog,3915,TrustHub
TRIT-TS,TRIT-TS,s15850_T410.v,TRIT-TS\TRIT-TS\s15850_T410\s15850_T410.v,Verilog,3907,TrustHub
TRIT-TS,TRIT-TS,s15850_T411.v,TRIT-TS\TRIT-TS\s15850_T411\s15850_T411.v,Verilog,3912,TrustHub
TRIT-TS,TRIT-TS,s15850_T412.v,TRIT-TS\TRIT-TS\s15850_T412\s15850_T412.v,Verilog,3918,TrustHub
TRIT-TS,TRIT-TS,s15850_T413.v,TRIT-TS\TRIT-TS\s15850_T413\s15850_T413.v,Verilog,3912,TrustHub
TRIT-TS,TRIT-TS,s15850_T414.v,TRIT-TS\TRIT-TS\s15850_T414\s15850_T414.v,Verilog,3952,TrustHub
TRIT-TS,TRIT-TS,s15850_T415.v,TRIT-TS\TRIT-TS\s15850_T415\s15850_T415.v,Verilog,3938,TrustHub
TRIT-TS,TRIT-TS,s15850_T416.v,TRIT-TS\TRIT-TS\s15850_T416\s15850_T416.v,Verilog,3912,TrustHub
TRIT-TS,TRIT-TS,s15850_T417.v,TRIT-TS\TRIT-TS\s15850_T417\s15850_T417.v,Verilog,3919,TrustHub
TRIT-TS,TRIT-TS,s15850_T418.v,TRIT-TS\TRIT-TS\s15850_T418\s15850_T418.v,Verilog,3907,TrustHub
TRIT-TS,TRIT-TS,s15850_T419.v,TRIT-TS\TRIT-TS\s15850_T419\s15850_T419.v,Verilog,3919,TrustHub
TRIT-TS,TRIT-TS,s15850_T420.v,TRIT-TS\TRIT-TS\s15850_T420\s15850_T420.v,Verilog,3908,TrustHub
TRIT-TS,TRIT-TS,s15850_T421.v,TRIT-TS\TRIT-TS\s15850_T421\s15850_T421.v,Verilog,3909,TrustHub
TRIT-TS,TRIT-TS,s15850_T422.v,TRIT-TS\TRIT-TS\s15850_T422\s15850_T422.v,Verilog,3985,TrustHub
TRIT-TS,TRIT-TS,s15850_T423.v,TRIT-TS\TRIT-TS\s15850_T423\s15850_T423.v,Verilog,4025,TrustHub
TRIT-TS,TRIT-TS,s15850_T424.v,TRIT-TS\TRIT-TS\s15850_T424\s15850_T424.v,Verilog,3911,TrustHub
TRIT-TS,TRIT-TS,s15850_T425.v,TRIT-TS\TRIT-TS\s15850_T425\s15850_T425.v,Verilog,3916,TrustHub
TRIT-TS,TRIT-TS,s15850_T426.v,TRIT-TS\TRIT-TS\s15850_T426\s15850_T426.v,Verilog,3916,TrustHub
TRIT-TS,TRIT-TS,s15850_T427.v,TRIT-TS\TRIT-TS\s15850_T427\s15850_T427.v,Verilog,3918,TrustHub
TRIT-TS,TRIT-TS,s15850_T428.v,TRIT-TS\TRIT-TS\s15850_T428\s15850_T428.v,Verilog,3927,TrustHub
TRIT-TS,TRIT-TS,s15850_T429.v,TRIT-TS\TRIT-TS\s15850_T429\s15850_T429.v,Verilog,3996,TrustHub
TRIT-TS,TRIT-TS,s15850_T430.v,TRIT-TS\TRIT-TS\s15850_T430\s15850_T430.v,Verilog,3933,TrustHub
TRIT-TS,TRIT-TS,s15850_T431.v,TRIT-TS\TRIT-TS\s15850_T431\s15850_T431.v,Verilog,3931,TrustHub
TRIT-TS,TRIT-TS,s15850_T432.v,TRIT-TS\TRIT-TS\s15850_T432\s15850_T432.v,Verilog,3920,TrustHub
TRIT-TS,TRIT-TS,s15850_T433.v,TRIT-TS\TRIT-TS\s15850_T433\s15850_T433.v,Verilog,3916,TrustHub
TRIT-TS,TRIT-TS,s15850_T434.v,TRIT-TS\TRIT-TS\s15850_T434\s15850_T434.v,Verilog,3905,TrustHub
TRIT-TS,TRIT-TS,s15850_T435.v,TRIT-TS\TRIT-TS\s15850_T435\s15850_T435.v,Verilog,4007,TrustHub
TRIT-TS,TRIT-TS,s15850_T436.v,TRIT-TS\TRIT-TS\s15850_T436\s15850_T436.v,Verilog,3919,TrustHub
TRIT-TS,TRIT-TS,s15850_T437.v,TRIT-TS\TRIT-TS\s15850_T437\s15850_T437.v,Verilog,3999,TrustHub
TRIT-TS,TRIT-TS,s15850_T438.v,TRIT-TS\TRIT-TS\s15850_T438\s15850_T438.v,Verilog,4010,TrustHub
TRIT-TS,TRIT-TS,s15850_T439.v,TRIT-TS\TRIT-TS\s15850_T439\s15850_T439.v,Verilog,3930,TrustHub
TRIT-TS,TRIT-TS,s15850_T440.v,TRIT-TS\TRIT-TS\s15850_T440\s15850_T440.v,Verilog,3911,TrustHub
TRIT-TS,TRIT-TS,s15850_T441.v,TRIT-TS\TRIT-TS\s15850_T441\s15850_T441.v,Verilog,4023,TrustHub
TRIT-TS,TRIT-TS,s15850_T442.v,TRIT-TS\TRIT-TS\s15850_T442\s15850_T442.v,Verilog,3948,TrustHub
TRIT-TS,TRIT-TS,s15850_T443.v,TRIT-TS\TRIT-TS\s15850_T443\s15850_T443.v,Verilog,3928,TrustHub
TRIT-TS,TRIT-TS,s15850_T444.v,TRIT-TS\TRIT-TS\s15850_T444\s15850_T444.v,Verilog,3919,TrustHub
TRIT-TS,TRIT-TS,s15850_T445.v,TRIT-TS\TRIT-TS\s15850_T445\s15850_T445.v,Verilog,3927,TrustHub
TRIT-TS,TRIT-TS,s15850_T446.v,TRIT-TS\TRIT-TS\s15850_T446\s15850_T446.v,Verilog,3928,TrustHub
TRIT-TS,TRIT-TS,s15850_T447.v,TRIT-TS\TRIT-TS\s15850_T447\s15850_T447.v,Verilog,3915,TrustHub
TRIT-TS,TRIT-TS,s15850_T448.v,TRIT-TS\TRIT-TS\s15850_T448\s15850_T448.v,Verilog,3922,TrustHub
TRIT-TS,TRIT-TS,s15850_T449.v,TRIT-TS\TRIT-TS\s15850_T449\s15850_T449.v,Verilog,3921,TrustHub
TRIT-TS,TRIT-TS,s15850_T450.v,TRIT-TS\TRIT-TS\s15850_T450\s15850_T450.v,Verilog,3928,TrustHub
TRIT-TS,TRIT-TS,s15850_T451.v,TRIT-TS\TRIT-TS\s15850_T451\s15850_T451.v,Verilog,4010,TrustHub
TRIT-TS,TRIT-TS,s15850_T452.v,TRIT-TS\TRIT-TS\s15850_T452\s15850_T452.v,Verilog,3917,TrustHub
TRIT-TS,TRIT-TS,s15850_T453.v,TRIT-TS\TRIT-TS\s15850_T453\s15850_T453.v,Verilog,3915,TrustHub
TRIT-TS,TRIT-TS,s15850_T454.v,TRIT-TS\TRIT-TS\s15850_T454\s15850_T454.v,Verilog,3918,TrustHub
TRIT-TS,TRIT-TS,s15850_T455.v,TRIT-TS\TRIT-TS\s15850_T455\s15850_T455.v,Verilog,3915,TrustHub
TRIT-TS,TRIT-TS,s15850_T456.v,TRIT-TS\TRIT-TS\s15850_T456\s15850_T456.v,Verilog,3932,TrustHub
TRIT-TS,TRIT-TS,s15850_T457.v,TRIT-TS\TRIT-TS\s15850_T457\s15850_T457.v,Verilog,3932,TrustHub
TRIT-TS,TRIT-TS,s15850_T458.v,TRIT-TS\TRIT-TS\s15850_T458\s15850_T458.v,Verilog,4004,TrustHub
TRIT-TS,TRIT-TS,s15850_T459.v,TRIT-TS\TRIT-TS\s15850_T459\s15850_T459.v,Verilog,3903,TrustHub
TRIT-TS,TRIT-TS,s15850_T460.v,TRIT-TS\TRIT-TS\s15850_T460\s15850_T460.v,Verilog,3919,TrustHub
TRIT-TS,TRIT-TS,s15850_T461.v,TRIT-TS\TRIT-TS\s15850_T461\s15850_T461.v,Verilog,3923,TrustHub
TRIT-TS,TRIT-TS,s15850_T462.v,TRIT-TS\TRIT-TS\s15850_T462\s15850_T462.v,Verilog,3906,TrustHub
TRIT-TS,TRIT-TS,s15850_T463.v,TRIT-TS\TRIT-TS\s15850_T463\s15850_T463.v,Verilog,3905,TrustHub
TRIT-TS,TRIT-TS,s15850_T464.v,TRIT-TS\TRIT-TS\s15850_T464\s15850_T464.v,Verilog,3906,TrustHub
TRIT-TS,TRIT-TS,s15850_T465.v,TRIT-TS\TRIT-TS\s15850_T465\s15850_T465.v,Verilog,3934,TrustHub
TRIT-TS,TRIT-TS,s15850_T466.v,TRIT-TS\TRIT-TS\s15850_T466\s15850_T466.v,Verilog,3915,TrustHub
TRIT-TS,TRIT-TS,s15850_T467.v,TRIT-TS\TRIT-TS\s15850_T467\s15850_T467.v,Verilog,3913,TrustHub
TRIT-TS,TRIT-TS,s15850_T468.v,TRIT-TS\TRIT-TS\s15850_T468\s15850_T468.v,Verilog,3915,TrustHub
TRIT-TS,TRIT-TS,s15850_T469.v,TRIT-TS\TRIT-TS\s15850_T469\s15850_T469.v,Verilog,3939,TrustHub
TRIT-TS,TRIT-TS,s15850_T470.v,TRIT-TS\TRIT-TS\s15850_T470\s15850_T470.v,Verilog,3918,TrustHub
TRIT-TS,TRIT-TS,s15850_T471.v,TRIT-TS\TRIT-TS\s15850_T471\s15850_T471.v,Verilog,3972,TrustHub
TRIT-TS,TRIT-TS,s15850_T472.v,TRIT-TS\TRIT-TS\s15850_T472\s15850_T472.v,Verilog,3919,TrustHub
TRIT-TS,TRIT-TS,s15850_T473.v,TRIT-TS\TRIT-TS\s15850_T473\s15850_T473.v,Verilog,3993,TrustHub
TRIT-TS,TRIT-TS,s15850_T474.v,TRIT-TS\TRIT-TS\s15850_T474\s15850_T474.v,Verilog,3914,TrustHub
TRIT-TS,TRIT-TS,s15850_T475.v,TRIT-TS\TRIT-TS\s15850_T475\s15850_T475.v,Verilog,3918,TrustHub
TRIT-TS,TRIT-TS,s15850_T476.v,TRIT-TS\TRIT-TS\s15850_T476\s15850_T476.v,Verilog,3906,TrustHub
TRIT-TS,TRIT-TS,s15850_T477.v,TRIT-TS\TRIT-TS\s15850_T477\s15850_T477.v,Verilog,3913,TrustHub
TRIT-TS,TRIT-TS,s15850_T478.v,TRIT-TS\TRIT-TS\s15850_T478\s15850_T478.v,Verilog,4007,TrustHub
TRIT-TS,TRIT-TS,s15850_T479.v,TRIT-TS\TRIT-TS\s15850_T479\s15850_T479.v,Verilog,3907,TrustHub
TRIT-TS,TRIT-TS,s15850_T480.v,TRIT-TS\TRIT-TS\s15850_T480\s15850_T480.v,Verilog,3929,TrustHub
TRIT-TS,TRIT-TS,s15850_T481.v,TRIT-TS\TRIT-TS\s15850_T481\s15850_T481.v,Verilog,4026,TrustHub
TRIT-TS,TRIT-TS,s15850_T482.v,TRIT-TS\TRIT-TS\s15850_T482\s15850_T482.v,Verilog,3917,TrustHub
TRIT-TS,TRIT-TS,s15850_T483.v,TRIT-TS\TRIT-TS\s15850_T483\s15850_T483.v,Verilog,3913,TrustHub
TRIT-TS,TRIT-TS,s15850_T484.v,TRIT-TS\TRIT-TS\s15850_T484\s15850_T484.v,Verilog,3918,TrustHub
TRIT-TS,TRIT-TS,s15850_T485.v,TRIT-TS\TRIT-TS\s15850_T485\s15850_T485.v,Verilog,3907,TrustHub
TRIT-TS,TRIT-TS,s15850_T486.v,TRIT-TS\TRIT-TS\s15850_T486\s15850_T486.v,Verilog,3945,TrustHub
TRIT-TS,TRIT-TS,s15850_T487.v,TRIT-TS\TRIT-TS\s15850_T487\s15850_T487.v,Verilog,3926,TrustHub
TRIT-TS,TRIT-TS,s15850_T488.v,TRIT-TS\TRIT-TS\s15850_T488\s15850_T488.v,Verilog,4009,TrustHub
TRIT-TS,TRIT-TS,s15850_T489.v,TRIT-TS\TRIT-TS\s15850_T489\s15850_T489.v,Verilog,3908,TrustHub
TRIT-TS,TRIT-TS,s15850_T600.v,TRIT-TS\TRIT-TS\s15850_T600\s15850_T600.v,Verilog,3982,TrustHub
TRIT-TS,TRIT-TS,s15850_T601.v,TRIT-TS\TRIT-TS\s15850_T601\s15850_T601.v,Verilog,3925,TrustHub
TRIT-TS,TRIT-TS,s15850_T602.v,TRIT-TS\TRIT-TS\s15850_T602\s15850_T602.v,Verilog,3938,TrustHub
TRIT-TS,TRIT-TS,s15850_T603.v,TRIT-TS\TRIT-TS\s15850_T603\s15850_T603.v,Verilog,3927,TrustHub
TRIT-TS,TRIT-TS,s15850_T604.v,TRIT-TS\TRIT-TS\s15850_T604\s15850_T604.v,Verilog,3938,TrustHub
TRIT-TS,TRIT-TS,s15850_T605.v,TRIT-TS\TRIT-TS\s15850_T605\s15850_T605.v,Verilog,3921,TrustHub
TRIT-TS,TRIT-TS,s15850_T606.v,TRIT-TS\TRIT-TS\s15850_T606\s15850_T606.v,Verilog,3932,TrustHub
TRIT-TS,TRIT-TS,s15850_T607.v,TRIT-TS\TRIT-TS\s15850_T607\s15850_T607.v,Verilog,3926,TrustHub
TRIT-TS,TRIT-TS,s15850_T608.v,TRIT-TS\TRIT-TS\s15850_T608\s15850_T608.v,Verilog,3918,TrustHub
TRIT-TS,TRIT-TS,s15850_T609.v,TRIT-TS\TRIT-TS\s15850_T609\s15850_T609.v,Verilog,3916,TrustHub
TRIT-TS,TRIT-TS,s15850_T610.v,TRIT-TS\TRIT-TS\s15850_T610\s15850_T610.v,Verilog,3914,TrustHub
TRIT-TS,TRIT-TS,s15850_T611.v,TRIT-TS\TRIT-TS\s15850_T611\s15850_T611.v,Verilog,3961,TrustHub
TRIT-TS,TRIT-TS,s15850_T612.v,TRIT-TS\TRIT-TS\s15850_T612\s15850_T612.v,Verilog,3934,TrustHub
TRIT-TS,TRIT-TS,s15850_T613.v,TRIT-TS\TRIT-TS\s15850_T613\s15850_T613.v,Verilog,3924,TrustHub
TRIT-TS,TRIT-TS,s15850_T614.v,TRIT-TS\TRIT-TS\s15850_T614\s15850_T614.v,Verilog,3924,TrustHub
TRIT-TS,TRIT-TS,s15850_T615.v,TRIT-TS\TRIT-TS\s15850_T615\s15850_T615.v,Verilog,3942,TrustHub
TRIT-TS,TRIT-TS,s15850_T616.v,TRIT-TS\TRIT-TS\s15850_T616\s15850_T616.v,Verilog,3927,TrustHub
TRIT-TS,TRIT-TS,s15850_T617.v,TRIT-TS\TRIT-TS\s15850_T617\s15850_T617.v,Verilog,3991,TrustHub
TRIT-TS,TRIT-TS,s15850_T618.v,TRIT-TS\TRIT-TS\s15850_T618\s15850_T618.v,Verilog,3926,TrustHub
TRIT-TS,TRIT-TS,s15850_T619.v,TRIT-TS\TRIT-TS\s15850_T619\s15850_T619.v,Verilog,3922,TrustHub
TRIT-TS,TRIT-TS,s35932_T400.v,TRIT-TS\TRIT-TS\s35932_T400\s35932_T400.v,Verilog,9167,TrustHub
TRIT-TS,TRIT-TS,s35932_T401.v,TRIT-TS\TRIT-TS\s35932_T401\s35932_T401.v,Verilog,9172,TrustHub
TRIT-TS,TRIT-TS,s35932_T402.v,TRIT-TS\TRIT-TS\s35932_T402\s35932_T402.v,Verilog,9232,TrustHub
TRIT-TS,TRIT-TS,s35932_T403.v,TRIT-TS\TRIT-TS\s35932_T403\s35932_T403.v,Verilog,9181,TrustHub
TRIT-TS,TRIT-TS,s35932_T404.v,TRIT-TS\TRIT-TS\s35932_T404\s35932_T404.v,Verilog,9225,TrustHub
TRIT-TS,TRIT-TS,s35932_T405.v,TRIT-TS\TRIT-TS\s35932_T405\s35932_T405.v,Verilog,9169,TrustHub
TRIT-TS,TRIT-TS,s35932_T406.v,TRIT-TS\TRIT-TS\s35932_T406\s35932_T406.v,Verilog,9195,TrustHub
TRIT-TS,TRIT-TS,s35932_T407.v,TRIT-TS\TRIT-TS\s35932_T407\s35932_T407.v,Verilog,9192,TrustHub
TRIT-TS,TRIT-TS,s35932_T408.v,TRIT-TS\TRIT-TS\s35932_T408\s35932_T408.v,Verilog,9242,TrustHub
TRIT-TS,TRIT-TS,s35932_T409.v,TRIT-TS\TRIT-TS\s35932_T409\s35932_T409.v,Verilog,9195,TrustHub
TRIT-TS,TRIT-TS,s35932_T410.v,TRIT-TS\TRIT-TS\s35932_T410\s35932_T410.v,Verilog,9181,TrustHub
TRIT-TS,TRIT-TS,s35932_T411.v,TRIT-TS\TRIT-TS\s35932_T411\s35932_T411.v,Verilog,9181,TrustHub
TRIT-TS,TRIT-TS,s35932_T412.v,TRIT-TS\TRIT-TS\s35932_T412\s35932_T412.v,Verilog,9180,TrustHub
TRIT-TS,TRIT-TS,s35932_T413.v,TRIT-TS\TRIT-TS\s35932_T413\s35932_T413.v,Verilog,9221,TrustHub
TRIT-TS,TRIT-TS,s35932_T414.v,TRIT-TS\TRIT-TS\s35932_T414\s35932_T414.v,Verilog,9242,TrustHub
TRIT-TS,TRIT-TS,s35932_T415.v,TRIT-TS\TRIT-TS\s35932_T415\s35932_T415.v,Verilog,9177,TrustHub
TRIT-TS,TRIT-TS,s35932_T416.v,TRIT-TS\TRIT-TS\s35932_T416\s35932_T416.v,Verilog,9248,TrustHub
TRIT-TS,TRIT-TS,s35932_T417.v,TRIT-TS\TRIT-TS\s35932_T417\s35932_T417.v,Verilog,9184,TrustHub
TRIT-TS,TRIT-TS,s35932_T418.v,TRIT-TS\TRIT-TS\s35932_T418\s35932_T418.v,Verilog,9196,TrustHub
TRIT-TS,TRIT-TS,s35932_T419.v,TRIT-TS\TRIT-TS\s35932_T419\s35932_T419.v,Verilog,9172,TrustHub
TRIT-TS,TRIT-TS,s35932_T420.v,TRIT-TS\TRIT-TS\s35932_T420\s35932_T420.v,Verilog,9173,TrustHub
TRIT-TS,TRIT-TS,s35932_T421.v,TRIT-TS\TRIT-TS\s35932_T421\s35932_T421.v,Verilog,9191,TrustHub
TRIT-TS,TRIT-TS,s35932_T422.v,TRIT-TS\TRIT-TS\s35932_T422\s35932_T422.v,Verilog,9176,TrustHub
TRIT-TS,TRIT-TS,s35932_T423.v,TRIT-TS\TRIT-TS\s35932_T423\s35932_T423.v,Verilog,9166,TrustHub
TRIT-TS,TRIT-TS,s35932_T424.v,TRIT-TS\TRIT-TS\s35932_T424\s35932_T424.v,Verilog,9181,TrustHub
TRIT-TS,TRIT-TS,s35932_T425.v,TRIT-TS\TRIT-TS\s35932_T425\s35932_T425.v,Verilog,9282,TrustHub
TRIT-TS,TRIT-TS,s35932_T426.v,TRIT-TS\TRIT-TS\s35932_T426\s35932_T426.v,Verilog,9179,TrustHub
TRIT-TS,TRIT-TS,s35932_T427.v,TRIT-TS\TRIT-TS\s35932_T427\s35932_T427.v,Verilog,9181,TrustHub
TRIT-TS,TRIT-TS,s35932_T428.v,TRIT-TS\TRIT-TS\s35932_T428\s35932_T428.v,Verilog,9282,TrustHub
TRIT-TS,TRIT-TS,s35932_T429.v,TRIT-TS\TRIT-TS\s35932_T429\s35932_T429.v,Verilog,9183,TrustHub
TRIT-TS,TRIT-TS,s35932_T430.v,TRIT-TS\TRIT-TS\s35932_T430\s35932_T430.v,Verilog,9180,TrustHub
TRIT-TS,TRIT-TS,s35932_T431.v,TRIT-TS\TRIT-TS\s35932_T431\s35932_T431.v,Verilog,9174,TrustHub
TRIT-TS,TRIT-TS,s35932_T432.v,TRIT-TS\TRIT-TS\s35932_T432\s35932_T432.v,Verilog,9179,TrustHub
TRIT-TS,TRIT-TS,s35932_T433.v,TRIT-TS\TRIT-TS\s35932_T433\s35932_T433.v,Verilog,9169,TrustHub
TRIT-TS,TRIT-TS,s35932_T434.v,TRIT-TS\TRIT-TS\s35932_T434\s35932_T434.v,Verilog,9177,TrustHub
TRIT-TS,TRIT-TS,s35932_T435.v,TRIT-TS\TRIT-TS\s35932_T435\s35932_T435.v,Verilog,9182,TrustHub
TRIT-TS,TRIT-TS,s35932_T436.v,TRIT-TS\TRIT-TS\s35932_T436\s35932_T436.v,Verilog,9178,TrustHub
TRIT-TS,TRIT-TS,s35932_T437.v,TRIT-TS\TRIT-TS\s35932_T437\s35932_T437.v,Verilog,9212,TrustHub
TRIT-TS,TRIT-TS,s35932_T438.v,TRIT-TS\TRIT-TS\s35932_T438\s35932_T438.v,Verilog,9181,TrustHub
TRIT-TS,TRIT-TS,s35932_T439.v,TRIT-TS\TRIT-TS\s35932_T439\s35932_T439.v,Verilog,9182,TrustHub
TRIT-TS,TRIT-TS,s35932_T440.v,TRIT-TS\TRIT-TS\s35932_T440\s35932_T440.v,Verilog,9178,TrustHub
TRIT-TS,TRIT-TS,s35932_T441.v,TRIT-TS\TRIT-TS\s35932_T441\s35932_T441.v,Verilog,9183,TrustHub
TRIT-TS,TRIT-TS,s35932_T442.v,TRIT-TS\TRIT-TS\s35932_T442\s35932_T442.v,Verilog,9175,TrustHub
TRIT-TS,TRIT-TS,s35932_T600.v,TRIT-TS\TRIT-TS\s35932_T600\s35932_T600.v,Verilog,9197,TrustHub
TRIT-TS,TRIT-TS,s35932_T601.v,TRIT-TS\TRIT-TS\s35932_T601\s35932_T601.v,Verilog,9198,TrustHub
TRIT-TS,TRIT-TS,s35932_T602.v,TRIT-TS\TRIT-TS\s35932_T602\s35932_T602.v,Verilog,9199,TrustHub
TRIT-TS,TRIT-TS,s35932_T603.v,TRIT-TS\TRIT-TS\s35932_T603\s35932_T603.v,Verilog,9198,TrustHub
TRIT-TS,TRIT-TS,s35932_T604.v,TRIT-TS\TRIT-TS\s35932_T604\s35932_T604.v,Verilog,9232,TrustHub
TRIT-TS,TRIT-TS,s35932_T605.v,TRIT-TS\TRIT-TS\s35932_T605\s35932_T605.v,Verilog,9196,TrustHub
TRIT-TS,TRIT-TS,s35932_T606.v,TRIT-TS\TRIT-TS\s35932_T606\s35932_T606.v,Verilog,9184,TrustHub
TRIT-TS,TRIT-TS,s35932_T607.v,TRIT-TS\TRIT-TS\s35932_T607\s35932_T607.v,Verilog,9183,TrustHub
TRIT-TS,TRIT-TS,s35932_T608.v,TRIT-TS\TRIT-TS\s35932_T608\s35932_T608.v,Verilog,9286,TrustHub
TRIT-TS,TRIT-TS,s35932_T609.v,TRIT-TS\TRIT-TS\s35932_T609\s35932_T609.v,Verilog,9195,TrustHub
TRIT-TS,TRIT-TS,s35932_T610.v,TRIT-TS\TRIT-TS\s35932_T610\s35932_T610.v,Verilog,9200,TrustHub
TRIT-TS,TRIT-TS,s35932_T611.v,TRIT-TS\TRIT-TS\s35932_T611\s35932_T611.v,Verilog,9204,TrustHub
TRIT-TS,TRIT-TS,s35932_T612.v,TRIT-TS\TRIT-TS\s35932_T612\s35932_T612.v,Verilog,9191,TrustHub
TRIT-TS,TRIT-TS,s35932_T613.v,TRIT-TS\TRIT-TS\s35932_T613\s35932_T613.v,Verilog,9189,TrustHub
TRIT-TS,TRIT-TS,s35932_T614.v,TRIT-TS\TRIT-TS\s35932_T614\s35932_T614.v,Verilog,9193,TrustHub
TRIT-TS,TRIT-TS,s35932_T615.v,TRIT-TS\TRIT-TS\s35932_T615\s35932_T615.v,Verilog,9187,TrustHub
TRIT-TS,TRIT-TS,s35932_T616.v,TRIT-TS\TRIT-TS\s35932_T616\s35932_T616.v,Verilog,9184,TrustHub
TRIT-TS,TRIT-TS,s35932_T617.v,TRIT-TS\TRIT-TS\s35932_T617\s35932_T617.v,Verilog,9185,TrustHub
TRIT-TS,TRIT-TS,s35932_T618.v,TRIT-TS\TRIT-TS\s35932_T618\s35932_T618.v,Verilog,9189,TrustHub
TRIT-TS,TRIT-TS,s35932_T619.v,TRIT-TS\TRIT-TS\s35932_T619\s35932_T619.v,Verilog,9180,TrustHub
wb_conmax-T100,wb_conmax-T100,wb_conmax_top.v,wb_conmax-T100\wb_conmax-T100\src\TjFree\wb_conmax_top.v,Verilog,34520,TrustHub
wb_conmax-T100,wb_conmax-T100,wb_conmax_top.v,wb_conmax-T100\wb_conmax-T100\src\TjIn\wb_conmax_top.v,Verilog,34560,TrustHub
wb_conmax-T200,wb_conmax-T200,wb_conmax_arb.v,wb_conmax-T200\wb_conmax-T200\src\TjFree\wb_conmax_arb.v,Verilog,267,TrustHub
wb_conmax-T200,wb_conmax-T200,wb_conmax_defines.v,wb_conmax-T200\wb_conmax-T200\src\TjFree\wb_conmax_defines.v,Verilog,65,TrustHub
wb_conmax-T200,wb_conmax-T200,wb_conmax_master_if.v,wb_conmax-T200\wb_conmax-T200\src\TjFree\wb_conmax_master_if.v,Verilog,659,TrustHub
wb_conmax-T200,wb_conmax-T200,wb_conmax_msel.v,wb_conmax-T200\wb_conmax-T200\src\TjFree\wb_conmax_msel.v,Verilog,246,TrustHub
wb_conmax-T200,wb_conmax-T200,wb_conmax_pri_dec.v,wb_conmax-T200\wb_conmax-T200\src\TjFree\wb_conmax_pri_dec.v,Verilog,119,TrustHub
wb_conmax-T200,wb_conmax-T200,wb_conmax_pri_enc.v,wb_conmax-T200\wb_conmax-T200\src\TjFree\wb_conmax_pri_enc.v,Verilog,186,TrustHub
wb_conmax-T200,wb_conmax-T200,wb_conmax_rf.v,wb_conmax-T200\wb_conmax-T200\src\TjFree\wb_conmax_rf.v,Verilog,311,TrustHub
wb_conmax-T200,wb_conmax-T200,wb_conmax_slave_if.v,wb_conmax-T200\wb_conmax-T200\src\TjFree\wb_conmax_slave_if.v,Verilog,449,TrustHub
wb_conmax-T200,wb_conmax-T200,wb_conmax_top.v,wb_conmax-T200\wb_conmax-T200\src\TjFree\wb_conmax_top.v,Verilog,4806,TrustHub
wb_conmax-T200,wb_conmax-T200,wb_conmax_arb.v,wb_conmax-T200\wb_conmax-T200\src\TjIn\wb_conmax_arb.v,Verilog,267,TrustHub
wb_conmax-T200,wb_conmax-T200,wb_conmax_defines.v,wb_conmax-T200\wb_conmax-T200\src\TjIn\wb_conmax_defines.v,Verilog,65,TrustHub
wb_conmax-T200,wb_conmax-T200,wb_conmax_master_if.v,wb_conmax-T200\wb_conmax-T200\src\TjIn\wb_conmax_master_if.v,Verilog,659,TrustHub
wb_conmax-T200,wb_conmax-T200,wb_conmax_msel.v,wb_conmax-T200\wb_conmax-T200\src\TjIn\wb_conmax_msel.v,Verilog,246,TrustHub
wb_conmax-T200,wb_conmax-T200,wb_conmax_pri_dec.v,wb_conmax-T200\wb_conmax-T200\src\TjIn\wb_conmax_pri_dec.v,Verilog,119,TrustHub
wb_conmax-T200,wb_conmax-T200,wb_conmax_pri_enc.v,wb_conmax-T200\wb_conmax-T200\src\TjIn\wb_conmax_pri_enc.v,Verilog,186,TrustHub
wb_conmax-T200,wb_conmax-T200,wb_conmax_rf.v,wb_conmax-T200\wb_conmax-T200\src\TjIn\wb_conmax_rf.v,Verilog,311,TrustHub
wb_conmax-T200,wb_conmax-T200,wb_conmax_slave_if.v,wb_conmax-T200\wb_conmax-T200\src\TjIn\wb_conmax_slave_if.v,Verilog,449,TrustHub
wb_conmax-T200,wb_conmax-T200,wb_conmax_top.v,wb_conmax-T200\wb_conmax-T200\src\TjIn\wb_conmax_top.v,Verilog,4829,TrustHub
wb_conmax-T300,wb_conmax-T300,wb_conmax_arb.v,wb_conmax-T300\wb_conmax-T300\src\TjFree\wb_conmax_arb.v,Verilog,267,TrustHub
wb_conmax-T300,wb_conmax-T300,wb_conmax_defines.v,wb_conmax-T300\wb_conmax-T300\src\TjFree\wb_conmax_defines.v,Verilog,65,TrustHub
wb_conmax-T300,wb_conmax-T300,wb_conmax_master_if.v,wb_conmax-T300\wb_conmax-T300\src\TjFree\wb_conmax_master_if.v,Verilog,659,TrustHub
wb_conmax-T300,wb_conmax-T300,wb_conmax_msel.v,wb_conmax-T300\wb_conmax-T300\src\TjFree\wb_conmax_msel.v,Verilog,246,TrustHub
wb_conmax-T300,wb_conmax-T300,wb_conmax_pri_dec.v,wb_conmax-T300\wb_conmax-T300\src\TjFree\wb_conmax_pri_dec.v,Verilog,119,TrustHub
wb_conmax-T300,wb_conmax-T300,wb_conmax_pri_enc.v,wb_conmax-T300\wb_conmax-T300\src\TjFree\wb_conmax_pri_enc.v,Verilog,186,TrustHub
wb_conmax-T300,wb_conmax-T300,wb_conmax_rf.v,wb_conmax-T300\wb_conmax-T300\src\TjFree\wb_conmax_rf.v,Verilog,311,TrustHub
wb_conmax-T300,wb_conmax-T300,wb_conmax_slave_if.v,wb_conmax-T300\wb_conmax-T300\src\TjFree\wb_conmax_slave_if.v,Verilog,449,TrustHub
wb_conmax-T300,wb_conmax-T300,wb_conmax_top.v,wb_conmax-T300\wb_conmax-T300\src\TjFree\wb_conmax_top.v,Verilog,4806,TrustHub
wb_conmax-T300,wb_conmax-T300,wb_conmax_arb.v,wb_conmax-T300\wb_conmax-T300\src\TjIn\wb_conmax_arb.v,Verilog,267,TrustHub
wb_conmax-T300,wb_conmax-T300,wb_conmax_defines.v,wb_conmax-T300\wb_conmax-T300\src\TjIn\wb_conmax_defines.v,Verilog,65,TrustHub
wb_conmax-T300,wb_conmax-T300,wb_conmax_master_if.v,wb_conmax-T300\wb_conmax-T300\src\TjIn\wb_conmax_master_if.v,Verilog,666,TrustHub
wb_conmax-T300,wb_conmax-T300,wb_conmax_msel.v,wb_conmax-T300\wb_conmax-T300\src\TjIn\wb_conmax_msel.v,Verilog,246,TrustHub
wb_conmax-T300,wb_conmax-T300,wb_conmax_pri_dec.v,wb_conmax-T300\wb_conmax-T300\src\TjIn\wb_conmax_pri_dec.v,Verilog,119,TrustHub
wb_conmax-T300,wb_conmax-T300,wb_conmax_pri_enc.v,wb_conmax-T300\wb_conmax-T300\src\TjIn\wb_conmax_pri_enc.v,Verilog,186,TrustHub
wb_conmax-T300,wb_conmax-T300,wb_conmax_rf.v,wb_conmax-T300\wb_conmax-T300\src\TjIn\wb_conmax_rf.v,Verilog,311,TrustHub
wb_conmax-T300,wb_conmax-T300,wb_conmax_slave_if.v,wb_conmax-T300\wb_conmax-T300\src\TjIn\wb_conmax_slave_if.v,Verilog,449,TrustHub
wb_conmax-T300,wb_conmax-T300,wb_conmax_top.v,wb_conmax-T300\wb_conmax-T300\src\TjIn\wb_conmax_top.v,Verilog,4806,TrustHub
